customer_id,tenure_months,monthly_charges,total_charges,num_users,num_support_tickets,last_login_days_ago,feature_adoption_pct,plan_type,payment_method,churned
CUST_00000,39,1185.48,42945.88,2,4,49,61.2,Free,UPI,0
CUST_00001,52,4547.55,226661.25,40,4,46,59.9,Basic,Net Banking,0
CUST_00002,29,3695.61,106679.97,38,5,86,69.4,Free,Net Banking,1
CUST_00003,15,4718.2,67394.94,48,3,45,58.6,Free,UPI,0
CUST_00004,43,3214.81,124199.12,11,1,79,48.5,Basic,UPI,0
CUST_00005,8,2630.3,18065.39,17,1,34,65.8,Free,Card,0
CUST_00006,21,768.72,15909.1,43,1,60,73.8,Basic,UPI,0
CUST_00007,39,3522.39,124575.81,8,5,88,26.4,Free,UPI,1
CUST_00008,58,3119.94,169693.55,22,6,78,52.2,Free,UPI,1
CUST_00009,19,4955.94,84227.56,4,1,50,48.5,Free,Net Banking,0
CUST_00010,23,1576.21,30757.68,11,2,62,8.8,Basic,Card,1
CUST_00011,11,2888.32,28892.63,8,0,7,84.3,Basic,Net Banking,0
CUST_00012,11,3429.31,36514.57,9,0,33,40.9,Pro,Net Banking,0
CUST_00013,24,3400.66,71549.68,26,4,24,11.9,Enterprise,Invoice,0
CUST_00014,53,3025.82,149743.3,2,2,43,48.5,Free,Card,0
CUST_00015,36,3996.18,116308.68,16,1,82,20.3,Free,Card,1
CUST_00016,40,1422.42,56174.64,31,2,42,71.9,Pro,Net Banking,0
CUST_00017,24,3765.32,89824.24,6,0,49,59.3,Free,UPI,0
CUST_00018,3,3288.81,8655.41,21,0,12,30.7,Free,Net Banking,0
CUST_00019,22,4532.34,89708.1,26,2,45,95.3,Free,Invoice,0
CUST_00020,53,4312.37,190184.9,19,2,75,32.7,Basic,Card,0
CUST_00021,2,1918.16,3219.59,28,0,78,57.7,Basic,UPI,1
CUST_00022,24,1743.07,38504.29,8,2,86,81.1,Enterprise,Card,0
CUST_00023,44,4917.44,200226.55,14,1,52,53.8,Basic,Net Banking,0
CUST_00024,30,2872.69,74832.54,24,3,62,96.3,Pro,Card,0
CUST_00025,38,4578.89,152214.27,48,4,1,85.2,Basic,Card,0
CUST_00026,2,1237.46,2230.51,44,4,39,92.5,Free,Card,1
CUST_00027,21,3392.69,70388.57,37,2,22,40.4,Free,Net Banking,0
CUST_00028,33,4144.37,113504.9,26,4,58,57.1,Pro,UPI,0
CUST_00029,12,4763.28,52032.48,31,4,68,84.8,Free,Card,0
CUST_00030,58,2018.03,94998.68,32,2,33,90.8,Free,Card,0
CUST_00031,22,3762.42,73806.4,41,2,73,94.7,Free,Card,0
CUST_00032,44,2924.66,113171.09,2,0,26,88.5,Free,Net Banking,0
CUST_00033,25,772.83,16091.09,25,4,54,74.4,Free,Card,0
CUST_00034,49,3605.0,147109.8,44,3,3,7.3,Basic,UPI,0
CUST_00035,27,3605.43,86640.36,2,2,67,34.9,Free,UPI,0
CUST_00036,59,4687.73,228263.48,42,3,71,17.2,Basic,Invoice,1
CUST_00037,42,2737.91,98773.22,1,3,69,19.7,Pro,Card,1
CUST_00038,28,1536.13,35021.96,36,2,88,32.6,Pro,UPI,0
CUST_00039,16,700.54,9633.36,12,6,26,12.1,Basic,Card,1
CUST_00040,15,2370.39,32239.86,9,1,46,28.1,Basic,UPI,1
CUST_00041,47,1858.63,82880.75,36,2,39,95.9,Free,UPI,0
CUST_00042,51,3924.9,193380.41,41,2,83,34.6,Pro,UPI,0
CUST_00043,44,2094.2,79941.93,28,2,26,20.2,Basic,Net Banking,0
CUST_00044,55,4770.82,259183.22,38,3,6,73.2,Basic,UPI,0
CUST_00045,52,4830.4,213032.71,33,2,22,83.7,Pro,Card,0
CUST_00046,57,3294.09,153236.36,42,3,83,34.8,Basic,Net Banking,0
CUST_00047,3,4678.97,13826.38,46,1,63,31.5,Basic,UPI,1
CUST_00048,37,3923.84,131819.83,22,1,28,28.0,Basic,UPI,0
CUST_00049,51,2960.87,131415.46,25,0,60,42.4,Basic,Invoice,0
CUST_00050,7,1311.39,8992.67,18,6,43,13.3,Pro,Net Banking,1
CUST_00051,21,2563.69,51422.83,6,2,68,68.6,Basic,Net Banking,0
CUST_00052,9,3023.94,26303.44,18,6,26,83.1,Free,UPI,0
CUST_00053,39,4387.83,146905.77,16,2,11,68.0,Basic,Card,0
CUST_00054,18,2666.0,46773.76,15,1,16,45.0,Enterprise,Invoice,0
CUST_00055,4,4539.54,16886.26,48,1,36,32.5,Free,Card,1
CUST_00056,25,3534.57,83734.24,8,0,33,43.9,Pro,Net Banking,0
CUST_00057,14,1116.5,13481.49,13,2,35,45.3,Basic,Invoice,0
CUST_00058,50,4977.42,211292.25,43,2,5,68.3,Basic,Net Banking,0
CUST_00059,58,2872.55,146887.57,7,5,31,93.2,Pro,Card,0
CUST_00060,9,2263.36,18639.64,17,1,72,11.7,Pro,Net Banking,1
CUST_00061,26,3466.01,84096.26,32,1,21,95.6,Pro,UPI,0
CUST_00062,53,990.02,47202.59,22,2,9,91.5,Free,UPI,0
CUST_00063,2,3364.42,6323.58,13,2,28,16.2,Free,Net Banking,1
CUST_00064,20,2742.06,51642.11,47,2,10,22.4,Basic,UPI,0
CUST_00065,28,2330.03,60883.72,23,0,65,34.6,Pro,Card,0
CUST_00066,47,4788.59,191353.17,29,3,55,58.2,Pro,UPI,0
CUST_00067,7,2851.43,17749.75,22,3,84,17.8,Free,Card,1
CUST_00068,44,1486.03,62321.99,1,3,57,24.0,Free,UPI,1
CUST_00069,8,2565.34,20058.75,29,1,51,90.8,Pro,UPI,0
CUST_00070,47,4637.24,196206.3,48,3,60,15.4,Basic,UPI,1
CUST_00071,35,1292.43,45115.55,5,1,16,42.9,Basic,Card,0
CUST_00072,14,1462.81,17099.07,35,2,29,77.5,Pro,Card,0
CUST_00073,17,558.63,8023.54,10,2,71,89.4,Free,UPI,0
CUST_00074,36,563.86,18109.72,19,1,36,36.9,Free,UPI,0
CUST_00075,50,4232.26,190821.62,37,5,4,20.6,Pro,UPI,1
CUST_00076,40,3794.55,134311.2,7,1,25,75.0,Free,Net Banking,0
CUST_00077,4,2097.68,7434.84,46,2,69,78.4,Free,UPI,1
CUST_00078,2,3642.4,6537.74,35,1,79,98.1,Free,Net Banking,1
CUST_00079,6,2278.43,11811.84,45,4,0,18.3,Basic,Card,0
CUST_00080,54,4788.04,213614.51,13,2,8,72.4,Free,Card,0
CUST_00081,42,4851.74,201984.31,10,1,84,44.6,Pro,Card,0
CUST_00082,4,2267.57,8698.37,2,1,70,91.9,Enterprise,Card,1
CUST_00083,54,4344.0,225892.14,6,1,63,43.7,Free,Invoice,0
CUST_00084,29,3978.9,100732.86,8,3,78,47.4,Pro,Invoice,0
CUST_00085,18,1895.0,30043.3,36,1,23,17.0,Free,Net Banking,1
CUST_00086,26,1544.18,39633.52,25,1,4,35.5,Free,UPI,0
CUST_00087,44,2562.06,112119.94,44,3,50,43.1,Basic,Card,0
CUST_00088,34,4016.07,134979.4,47,3,37,6.7,Enterprise,Net Banking,1
CUST_00089,10,4820.76,44761.72,40,2,28,46.6,Enterprise,UPI,0
CUST_00090,36,3936.11,120238.54,7,0,45,37.0,Free,Invoice,0
CUST_00091,14,4348.43,56068.33,46,1,51,81.4,Free,Card,0
CUST_00092,31,3213.79,91439.84,23,2,45,15.2,Enterprise,Card,1
CUST_00093,48,4259.34,200696.09,19,1,74,77.2,Free,Invoice,0
CUST_00094,15,4029.89,52126.65,46,0,67,72.8,Pro,Invoice,0
CUST_00095,8,2196.43,14762.4,22,0,58,28.0,Free,Net Banking,1
CUST_00096,14,2983.96,35641.19,13,0,9,12.9,Basic,UPI,0
CUST_00097,23,4121.39,80443.22,21,2,3,85.0,Basic,Net Banking,0
CUST_00098,57,707.26,37478.83,1,0,51,28.7,Basic,Card,1
CUST_00099,40,4136.36,159247.64,19,0,73,18.8,Pro,Card,1
CUST_00100,21,1300.5,23859.07,33,5,17,39.1,Free,UPI,0
CUST_00101,16,2816.08,37635.56,4,3,75,43.1,Basic,Net Banking,0
CUST_00102,45,4137.24,161715.71,42,1,50,36.0,Basic,Card,0
CUST_00103,18,1642.19,26878.73,3,0,22,97.8,Free,UPI,0
CUST_00104,47,1606.13,70422.65,27,2,24,88.7,Free,UPI,0
CUST_00105,53,2312.44,111524.05,41,0,59,87.9,Free,UPI,0
CUST_00106,24,4525.89,92474.37,35,1,36,42.9,Free,Card,0
CUST_00107,26,501.99,12837.74,28,1,67,96.5,Enterprise,Card,0
CUST_00108,25,4556.22,101098.25,6,2,76,70.0,Basic,Net Banking,0
CUST_00109,45,1192.13,47841.05,6,2,17,84.0,Basic,UPI,0
CUST_00110,41,4955.39,201845.71,44,3,28,52.6,Pro,Net Banking,0
CUST_00111,29,4796.81,135445.28,23,2,29,20.3,Pro,Card,0
CUST_00112,15,2726.04,39306.25,33,2,6,89.3,Basic,Card,0
CUST_00113,45,2807.24,105676.36,16,2,87,51.2,Basic,Card,0
CUST_00114,1,2666.97,2580.61,24,0,40,97.0,Basic,Card,1
CUST_00115,25,3359.5,74838.05,5,2,73,29.2,Free,Card,1
CUST_00116,7,908.25,5352.45,41,0,36,99.3,Pro,Card,0
CUST_00117,9,646.78,5810.4,42,0,26,26.1,Pro,UPI,0
CUST_00118,24,759.66,15212.85,13,4,20,40.0,Basic,Net Banking,0
CUST_00119,1,2499.64,2460.61,47,2,42,61.4,Basic,Net Banking,0
CUST_00120,44,1739.97,61255.04,12,3,50,70.9,Basic,Invoice,0
CUST_00121,8,3299.18,23426.38,5,4,70,73.4,Basic,UPI,0
CUST_00122,24,4965.99,96059.63,37,4,12,50.2,Free,Card,0
CUST_00123,11,2238.45,24191.81,31,1,52,12.3,Free,Card,1
CUST_00124,51,3082.29,129715.3,28,3,86,52.1,Pro,Card,0
CUST_00125,17,2370.22,37659.32,28,1,62,36.8,Basic,Net Banking,0
CUST_00126,8,4312.72,31957.05,30,3,56,67.5,Free,Card,0
CUST_00127,35,4560.06,152549.87,18,1,24,22.3,Basic,Card,0
CUST_00128,35,4448.1,147802.11,44,2,12,42.4,Basic,Card,0
CUST_00129,33,4884.68,130001.67,27,3,36,96.8,Pro,Invoice,0
CUST_00130,59,623.84,32304.39,35,1,29,13.4,Pro,Net Banking,0
CUST_00131,5,4279.17,18496.81,26,4,89,62.2,Basic,Card,1
CUST_00132,42,3882.97,162200.34,39,2,11,13.6,Enterprise,Card,0
CUST_00133,39,1529.12,56950.8,49,0,64,19.9,Pro,Card,1
CUST_00134,58,4803.44,262327.07,18,1,17,62.5,Pro,Card,0
CUST_00135,41,1166.8,42501.52,33,0,84,47.2,Basic,Card,0
CUST_00136,28,3557.97,97450.74,25,1,61,57.1,Basic,Card,0
CUST_00137,7,1512.01,8502.86,31,4,23,88.6,Basic,UPI,0
CUST_00138,9,2441.21,18580.51,37,2,59,82.6,Basic,Card,0
CUST_00139,8,3736.22,28066.56,2,2,16,89.4,Pro,Invoice,0
CUST_00140,12,3034.96,32838.66,33,1,59,63.5,Free,Card,0
CUST_00141,34,2423.76,74724.25,39,1,8,51.5,Pro,Invoice,0
CUST_00142,33,1968.52,57378.18,43,4,51,48.6,Basic,Net Banking,0
CUST_00143,48,4278.47,171130.24,43,4,14,75.3,Free,Net Banking,0
CUST_00144,55,1147.16,52572.55,32,1,76,54.5,Basic,Net Banking,0
CUST_00145,23,2435.46,48111.57,18,4,27,15.0,Free,UPI,1
CUST_00146,24,4566.91,97950.57,17,0,80,18.5,Free,UPI,1
CUST_00147,37,4306.32,153729.3,34,2,8,38.9,Pro,Card,0
CUST_00148,35,2304.24,71725.98,39,0,55,11.4,Pro,Card,1
CUST_00149,44,3933.99,169557.32,7,2,84,27.7,Free,Card,1
CUST_00150,40,4204.22,138588.47,42,1,74,67.4,Enterprise,Card,0
CUST_00151,22,4499.99,84580.92,35,3,35,6.2,Free,Card,1
CUST_00152,27,2950.28,64849.6,30,3,55,62.4,Basic,Card,0
CUST_00153,35,1420.07,44831.86,12,0,88,78.4,Free,Net Banking,0
CUST_00154,1,1648.89,1348.8,35,2,70,21.2,Free,Net Banking,1
CUST_00155,35,1830.63,61453.86,11,0,19,22.2,Free,UPI,1
CUST_00156,37,3172.11,94827.85,44,2,54,7.7,Pro,Card,1
CUST_00157,47,647.64,27245.37,4,1,59,53.7,Enterprise,Card,0
CUST_00158,14,3362.19,41616.25,25,3,34,67.2,Pro,Card,0
CUST_00159,3,2139.59,5394.63,48,2,73,48.4,Basic,UPI,0
CUST_00160,1,1828.59,1677.49,32,1,0,42.0,Pro,Invoice,0
CUST_00161,5,4457.73,19552.04,20,2,77,48.2,Basic,Card,1
CUST_00162,26,2570.01,56101.85,31,3,44,79.2,Basic,UPI,0
CUST_00163,55,927.74,49255.75,4,3,68,8.2,Pro,UPI,1
CUST_00164,14,4220.36,55075.48,38,0,39,79.5,Enterprise,Card,0
CUST_00165,39,714.39,22356.69,47,1,37,68.3,Free,Invoice,0
CUST_00166,27,3770.37,91657.96,1,4,23,27.9,Basic,Card,0
CUST_00167,9,3982.58,30619.48,3,3,3,54.9,Basic,Invoice,0
CUST_00168,15,2086.71,30769.24,37,1,68,9.7,Basic,UPI,1
CUST_00169,15,4211.55,59706.06,22,0,12,41.1,Basic,Card,0
CUST_00170,26,2820.47,67635.99,17,4,20,21.5,Basic,Card,0
CUST_00171,42,2584.82,88783.54,14,1,31,7.1,Free,Card,1
CUST_00172,13,704.31,9029.03,41,3,37,38.9,Basic,Card,0
CUST_00173,51,1805.13,76304.38,35,1,31,74.0,Basic,Invoice,0
CUST_00174,32,4689.54,133580.51,13,2,78,92.5,Basic,Net Banking,0
CUST_00175,39,2263.21,82634.6,35,4,56,67.9,Pro,UPI,0
CUST_00176,49,2960.15,130390.87,43,1,47,43.2,Basic,UPI,0
CUST_00177,52,2894.1,146955.71,2,4,29,100.0,Free,Card,0
CUST_00178,32,3156.94,97695.25,47,2,70,31.9,Free,Card,0
CUST_00179,4,775.99,2567.2,13,3,37,22.8,Free,Card,1
CUST_00180,30,2129.79,59007.57,16,4,43,49.0,Free,Card,0
CUST_00181,37,3754.08,112570.98,18,5,25,53.0,Basic,Card,0
CUST_00182,23,1402.52,30455.24,7,1,89,38.7,Pro,UPI,0
CUST_00183,39,1416.1,52312.1,45,2,1,71.1,Basic,Card,0
CUST_00184,45,545.41,21325.76,36,3,42,22.5,Pro,Invoice,1
CUST_00185,15,2468.67,35449.56,41,0,42,53.5,Free,Card,0
CUST_00186,43,4472.3,178951.22,30,1,62,52.5,Free,Card,0
CUST_00187,29,733.55,19162.89,42,2,72,83.3,Free,UPI,0
CUST_00188,36,1360.03,43626.99,41,0,57,93.1,Enterprise,Net Banking,0
CUST_00189,13,1895.38,20249.8,7,2,47,68.0,Basic,Invoice,0
CUST_00190,32,3792.76,109986.5,15,4,4,34.0,Basic,UPI,0
CUST_00191,7,3382.86,19683.31,40,3,75,70.5,Free,Card,0
CUST_00192,59,2371.75,130306.69,19,2,34,28.9,Pro,Invoice,1
CUST_00193,51,3915.81,183518.67,43,4,15,96.8,Pro,Invoice,0
CUST_00194,22,3243.34,61228.86,37,3,82,83.1,Basic,Invoice,0
CUST_00195,28,4532.18,107789.72,2,0,48,46.0,Pro,Net Banking,0
CUST_00196,2,4181.12,7485.98,42,2,59,79.5,Basic,Card,1
CUST_00197,42,1637.66,62075.34,48,5,50,43.8,Free,Net Banking,1
CUST_00198,45,1721.47,74335.36,13,1,81,12.1,Pro,Invoice,1
CUST_00199,57,1064.1,52210.2,40,2,58,72.1,Enterprise,UPI,0
CUST_00200,53,2016.34,94115.25,41,2,63,43.4,Basic,Net Banking,0
CUST_00201,6,4997.95,26049.09,43,2,12,93.4,Free,UPI,0
CUST_00202,28,2325.88,57233.05,43,1,25,34.1,Free,Card,0
CUST_00203,28,1492.2,38164.12,31,2,69,85.1,Enterprise,UPI,0
CUST_00204,44,3931.17,157662.51,16,0,2,69.6,Basic,Net Banking,0
CUST_00205,44,2941.12,112879.63,42,0,86,86.1,Pro,UPI,0
CUST_00206,20,1173.21,21598.49,44,0,11,32.7,Basic,UPI,0
CUST_00207,30,2213.1,61294.61,6,2,40,48.8,Basic,UPI,0
CUST_00208,11,2365.11,23554.54,28,5,78,83.2,Free,Card,1
CUST_00209,58,3892.23,201023.54,32,3,64,66.2,Free,UPI,0
CUST_00210,55,593.02,26601.28,44,4,62,39.2,Basic,UPI,0
CUST_00211,28,1710.59,43502.19,10,1,49,53.6,Enterprise,Card,0
CUST_00212,25,2829.18,66665.38,18,2,46,99.6,Free,Net Banking,0
CUST_00213,39,1709.81,56217.79,4,3,7,75.5,Basic,Invoice,0
CUST_00214,33,3327.95,104942.62,9,2,30,63.4,Pro,Card,0
CUST_00215,1,2668.4,2447.69,7,3,10,83.7,Basic,UPI,0
CUST_00216,57,2127.7,102784.38,8,5,16,47.0,Basic,UPI,0
CUST_00217,27,4771.44,107261.67,43,3,26,95.3,Pro,UPI,0
CUST_00218,57,3344.72,161876.34,7,1,26,57.4,Pro,Card,0
CUST_00219,52,1084.74,53688.66,41,2,77,36.1,Basic,UPI,0
CUST_00220,13,3020.41,33379.55,40,1,86,13.2,Pro,Card,1
CUST_00221,41,4013.29,154120.11,3,2,55,40.7,Basic,Card,0
CUST_00222,3,3688.2,10059.53,17,1,68,59.0,Pro,Card,1
CUST_00223,39,1274.4,45197.1,2,2,46,71.8,Free,UPI,0
CUST_00224,6,4875.89,28392.89,15,1,18,88.1,Basic,Card,0
CUST_00225,8,2519.66,19652.25,46,3,56,94.7,Free,Card,0
CUST_00226,27,1215.61,29781.6,29,3,30,14.7,Basic,Card,0
CUST_00227,9,1310.88,9592.39,48,3,15,62.1,Free,Card,0
CUST_00228,37,942.06,29008.63,22,0,44,68.3,Pro,Card,0
CUST_00229,33,4115.83,134427.97,4,0,26,21.3,Pro,Card,0
CUST_00230,51,1049.14,44246.24,6,1,60,56.8,Pro,Net Banking,0
CUST_00231,42,1063.06,43178.26,38,1,25,36.8,Basic,UPI,0
CUST_00232,44,4327.12,172892.59,26,4,28,12.4,Pro,UPI,0
CUST_00233,24,2050.72,40496.1,11,1,43,11.3,Pro,UPI,1
CUST_00234,15,638.86,9428.62,26,2,28,77.1,Basic,Invoice,0
CUST_00235,59,733.53,42655.97,17,1,1,63.5,Basic,UPI,0
CUST_00236,54,1139.77,56812.87,24,2,5,72.9,Basic,Card,0
CUST_00237,32,1460.27,41017.09,28,0,8,70.1,Free,Invoice,0
CUST_00238,32,3493.16,103006.27,35,4,14,17.8,Enterprise,Card,0
CUST_00239,24,1207.97,26832.94,31,2,83,19.4,Basic,Invoice,1
CUST_00240,41,1034.93,39225.43,13,0,57,29.0,Basic,UPI,1
CUST_00241,52,3941.24,194017.18,35,2,1,42.9,Pro,Card,0
CUST_00242,49,3519.75,140290.25,16,3,2,94.2,Free,Net Banking,0
CUST_00243,49,2458.96,98861.98,15,2,51,69.0,Free,Card,0
CUST_00244,58,2971.89,147644.18,43,2,54,29.2,Free,Card,1
CUST_00245,52,1903.93,86127.7,18,2,52,10.3,Basic,UPI,1
CUST_00246,12,2671.25,29734.41,47,0,71,70.0,Free,UPI,0
CUST_00247,39,2780.03,90463.91,37,0,39,64.4,Pro,Card,0
CUST_00248,2,2242.57,4073.43,48,1,84,69.2,Basic,UPI,0
CUST_00249,3,4579.57,11500.23,48,3,38,29.8,Basic,Net Banking,1
CUST_00250,49,572.28,24427.07,49,4,42,54.1,Free,Card,0
CUST_00251,37,4019.77,146812.83,41,2,12,39.4,Free,UPI,0
CUST_00252,49,1059.72,50843.09,27,2,36,82.7,Pro,Invoice,0
CUST_00253,56,4088.96,226834.09,35,2,54,11.6,Free,Invoice,1
CUST_00254,17,3271.6,51072.38,45,0,31,31.2,Pro,Card,0
CUST_00255,59,4294.75,228117.12,35,0,13,62.3,Free,Net Banking,0
CUST_00256,49,938.81,44611.66,28,0,64,24.5,Basic,Net Banking,1
CUST_00257,2,3015.41,4920.74,39,0,26,68.9,Basic,Net Banking,0
CUST_00258,2,2754.9,5486.05,38,1,23,18.0,Basic,Card,1
CUST_00259,28,3677.87,91907.34,9,2,21,7.2,Enterprise,Card,0
CUST_00260,54,2904.31,146663.28,12,3,77,87.0,Basic,Card,0
CUST_00261,23,2933.31,63802.31,15,6,44,36.7,Pro,Card,0
CUST_00262,37,2433.18,83344.72,21,3,7,19.9,Free,Card,1
CUST_00263,32,1889.75,59160.06,35,2,66,21.4,Basic,Net Banking,1
CUST_00264,33,2670.19,75571.36,42,2,63,89.2,Free,Card,0
CUST_00265,1,1033.22,936.57,33,0,46,67.2,Basic,Net Banking,1
CUST_00266,19,4826.81,81260.12,19,1,20,95.9,Basic,Card,0
CUST_00267,2,3714.85,6990.05,23,2,31,81.0,Basic,UPI,1
CUST_00268,53,4786.1,222975.88,13,1,44,77.9,Pro,Card,0
CUST_00269,44,1520.27,65458.52,44,1,43,52.5,Pro,UPI,0
CUST_00270,26,4457.03,104072.71,1,0,40,83.0,Pro,UPI,0
CUST_00271,32,4139.55,120173.01,29,0,51,44.2,Free,UPI,0
CUST_00272,6,3547.19,19126.7,24,3,87,83.6,Basic,Card,0
CUST_00273,32,3312.63,98003.73,16,1,10,77.0,Basic,Card,0
CUST_00274,55,1924.47,95481.46,25,1,84,69.5,Free,UPI,0
CUST_00275,4,4173.85,16486.43,23,4,17,36.3,Basic,Card,0
CUST_00276,55,2756.82,125276.37,28,3,10,64.9,Free,Card,0
CUST_00277,11,819.01,7231.48,47,2,26,53.1,Enterprise,Card,0
CUST_00278,56,1907.88,96622.69,16,5,42,48.8,Pro,Net Banking,0
CUST_00279,59,4708.84,264743.43,43,2,64,99.1,Pro,UPI,0
CUST_00280,17,4328.06,68400.08,38,1,53,52.9,Enterprise,Card,0
CUST_00281,38,4918.58,185513.0,11,4,28,8.0,Pro,Card,0
CUST_00282,24,3325.97,66768.61,3,4,20,64.5,Free,Card,0
CUST_00283,5,1613.8,7575.15,15,4,28,74.2,Pro,Card,0
CUST_00284,52,1232.67,61738.31,1,3,8,89.1,Free,Net Banking,0
CUST_00285,34,1341.11,44795.8,7,1,60,65.1,Free,Invoice,0
CUST_00286,6,589.08,3201.21,1,3,61,6.8,Free,Card,1
CUST_00287,22,2258.07,43349.68,49,0,70,16.4,Free,UPI,1
CUST_00288,11,1361.42,14841.92,32,0,4,20.3,Pro,UPI,0
CUST_00289,48,2352.45,108208.28,9,4,14,25.1,Pro,UPI,0
CUST_00290,16,4707.47,67348.36,29,5,56,81.0,Free,Card,1
CUST_00291,33,2437.43,74823.49,26,2,4,34.4,Free,UPI,0
CUST_00292,9,4450.93,34278.56,23,1,19,34.7,Free,Card,0
CUST_00293,59,3224.77,175605.28,45,1,80,76.8,Basic,UPI,0
CUST_00294,6,1612.09,8782.72,43,1,3,44.2,Basic,Card,0
CUST_00295,16,2101.35,27161.04,29,3,55,11.1,Enterprise,Net Banking,1
CUST_00296,29,877.64,24768.17,38,0,84,60.6,Free,Net Banking,0
CUST_00297,3,2000.58,5389.79,33,2,33,17.4,Enterprise,Card,1
CUST_00298,20,3548.93,63593.09,7,0,39,59.3,Free,Card,0
CUST_00299,59,824.5,41673.92,12,2,68,79.1,Basic,UPI,0
CUST_00300,36,1424.31,43034.09,31,0,67,93.3,Free,Invoice,0
CUST_00301,19,2216.48,36144.61,32,5,21,11.4,Basic,Net Banking,1
CUST_00302,26,4919.22,118946.24,20,2,13,33.9,Free,Card,0
CUST_00303,3,4031.88,9912.74,17,2,67,67.0,Pro,Card,1
CUST_00304,19,3800.69,62577.92,36,7,7,35.0,Free,Invoice,0
CUST_00305,20,1022.86,20370.22,3,1,66,47.8,Basic,UPI,0
CUST_00306,32,4014.48,109746.98,1,3,45,6.9,Free,Card,1
CUST_00307,7,4033.71,28047.66,27,0,28,70.9,Basic,Net Banking,0
CUST_00308,52,3204.96,136819.84,47,1,89,88.9,Free,Card,0
CUST_00309,41,4956.63,194848.49,40,2,11,97.8,Enterprise,UPI,0
CUST_00310,33,1963.64,57539.11,33,1,78,83.9,Free,UPI,0
CUST_00311,40,4735.73,158924.16,20,2,51,8.0,Basic,Net Banking,1
CUST_00312,39,4616.29,172381.02,14,0,57,66.9,Basic,Card,0
CUST_00313,18,551.66,7957.77,36,1,1,52.1,Pro,Card,0
CUST_00314,40,2525.52,87830.32,5,0,0,94.1,Free,Net Banking,0
CUST_00315,1,4896.97,4509.97,23,4,54,90.7,Pro,Net Banking,0
CUST_00316,11,964.05,8973.51,45,2,33,98.9,Basic,Card,0
CUST_00317,28,2965.03,71938.11,15,1,63,86.9,Basic,Card,0
CUST_00318,57,4905.31,228796.26,6,0,67,57.0,Free,Card,0
CUST_00319,25,2999.73,72791.63,33,8,81,72.9,Basic,UPI,0
CUST_00320,50,1354.17,59883.65,19,1,11,96.6,Basic,Card,0
CUST_00321,23,3119.82,59489.84,13,3,49,59.9,Free,Card,0
CUST_00322,31,1419.98,36968.3,29,2,20,84.8,Free,UPI,0
CUST_00323,30,2838.67,72814.73,6,1,9,94.5,Pro,Invoice,0
CUST_00324,42,833.19,29601.17,15,1,84,59.2,Free,Invoice,0
CUST_00325,35,3224.67,101651.75,16,4,88,20.1,Free,Card,1
CUST_00326,7,2825.55,19403.91,24,1,80,19.8,Basic,UPI,1
CUST_00327,16,3830.73,51287.84,23,1,69,16.0,Free,Card,1
CUST_00328,26,3338.15,77304.62,48,2,13,50.3,Basic,Card,0
CUST_00329,48,2973.23,133122.58,10,2,39,50.6,Basic,UPI,0
CUST_00330,57,3604.0,171893.69,41,0,81,63.7,Free,Net Banking,0
CUST_00331,52,1147.74,49584.11,41,2,29,50.9,Basic,Net Banking,0
CUST_00332,49,3179.12,129461.89,49,1,72,97.4,Free,Invoice,0
CUST_00333,2,1274.5,2488.84,17,3,13,32.7,Basic,Invoice,0
CUST_00334,1,4664.85,4395.47,49,1,51,88.0,Enterprise,Card,1
CUST_00335,48,807.5,33615.53,44,2,16,14.5,Basic,Invoice,0
CUST_00336,12,2436.69,28670.45,45,6,61,62.2,Pro,Card,1
CUST_00337,5,3631.09,17986.77,30,3,21,66.6,Basic,Net Banking,0
CUST_00338,37,2561.1,83356.7,44,0,52,78.4,Pro,UPI,0
CUST_00339,32,914.43,26396.73,46,2,31,52.8,Pro,UPI,0
CUST_00340,59,2990.21,153772.74,10,4,75,23.7,Free,Card,1
CUST_00341,55,3387.34,157521.86,19,0,54,40.1,Basic,Card,0
CUST_00342,9,3667.07,31551.54,29,3,79,30.9,Pro,UPI,0
CUST_00343,41,2179.67,83094.06,2,2,21,44.8,Basic,Invoice,0
CUST_00344,35,3036.47,92819.52,36,3,37,55.3,Free,Card,0
CUST_00345,19,2528.09,38565.11,19,2,49,64.4,Free,Card,0
CUST_00346,48,3524.25,161168.41,7,3,65,85.3,Free,Card,0
CUST_00347,16,3126.01,44788.19,26,1,44,91.5,Pro,Card,0
CUST_00348,3,2865.9,7003.83,15,3,7,48.9,Basic,Card,0
CUST_00349,20,1622.86,26773.96,47,1,64,13.4,Basic,Card,1
CUST_00350,24,509.08,11309.83,38,5,39,80.7,Basic,Card,1
CUST_00351,54,1283.37,63013.97,3,0,4,50.3,Free,Invoice,0
CUST_00352,56,1026.8,48766.18,38,6,44,56.9,Free,Net Banking,1
CUST_00353,33,2520.88,68878.52,16,3,45,61.6,Basic,Card,0
CUST_00354,24,3255.16,76322.84,2,2,35,68.4,Free,Invoice,0
CUST_00355,52,1458.88,62735.66,31,3,16,89.6,Free,Card,0
CUST_00356,11,4725.76,42477.44,28,1,40,95.5,Free,Net Banking,0
CUST_00357,49,530.07,23999.15,7,3,29,94.3,Pro,UPI,0
CUST_00358,8,3975.35,27048.61,30,1,51,81.9,Free,Card,0
CUST_00359,36,3313.42,111090.76,43,2,78,89.5,Basic,Card,0
CUST_00360,38,2181.0,74409.49,7,2,19,9.7,Pro,Invoice,0
CUST_00361,40,727.2,24499.36,36,1,35,85.7,Free,Card,0
CUST_00362,20,3323.69,54104.87,29,2,65,11.9,Basic,Card,1
CUST_00363,35,2235.26,63692.74,24,2,44,75.9,Pro,Invoice,0
CUST_00364,48,4713.2,207495.13,39,2,3,21.1,Pro,Card,0
CUST_00365,25,2938.96,69921.46,4,5,49,39.2,Pro,UPI,0
CUST_00366,35,4728.43,155223.1,29,1,87,22.5,Free,Invoice,1
CUST_00367,25,1492.18,34266.82,44,0,54,47.1,Enterprise,Invoice,0
CUST_00368,29,3765.77,91972.84,5,4,58,44.1,Free,Invoice,0
CUST_00369,18,3277.62,57366.34,29,4,41,9.6,Enterprise,UPI,1
CUST_00370,46,3827.34,162988.73,30,3,1,83.9,Enterprise,Card,0
CUST_00371,18,1466.01,24774.27,29,4,45,86.1,Basic,Net Banking,0
CUST_00372,2,3492.48,5900.66,26,2,1,79.8,Basic,Net Banking,0
CUST_00373,54,2741.18,126160.35,19,0,49,85.5,Pro,UPI,0
CUST_00374,35,3842.71,132008.03,26,0,0,76.3,Basic,Net Banking,0
CUST_00375,16,1971.7,28241.52,37,3,12,94.1,Basic,Invoice,0
CUST_00376,41,4505.26,168233.2,27,4,69,59.8,Enterprise,UPI,0
CUST_00377,36,879.36,26026.87,30,2,21,60.4,Free,Card,0
CUST_00378,33,4132.35,119855.46,30,0,16,86.7,Enterprise,Card,0
CUST_00379,4,4375.94,17108.3,3,0,58,38.2,Pro,UPI,1
CUST_00380,33,4177.64,135109.04,43,1,85,9.8,Pro,Card,1
CUST_00381,14,2807.27,37180.68,7,1,69,76.2,Free,Card,0
CUST_00382,21,2472.73,47208.57,49,2,2,29.2,Free,UPI,1
CUST_00383,48,4983.18,235883.28,9,0,69,50.1,Enterprise,UPI,0
CUST_00384,20,1531.27,29840.42,41,0,80,27.8,Free,UPI,1
CUST_00385,56,2960.94,160717.26,42,1,48,83.6,Basic,Card,0
CUST_00386,8,3518.04,27479.03,13,2,49,96.0,Pro,Card,0
CUST_00387,7,3653.9,22780.36,15,1,34,10.2,Free,Card,1
CUST_00388,3,1418.11,3850.59,5,4,22,27.2,Pro,UPI,1
CUST_00389,17,3442.97,51787.93,29,2,71,23.0,Free,UPI,1
CUST_00390,33,4182.66,130852.19,35,3,6,69.0,Basic,UPI,0
CUST_00391,48,725.08,31963.34,27,2,49,45.7,Basic,Card,0
CUST_00392,12,4601.85,44947.53,27,3,9,48.3,Basic,Card,0
CUST_00393,59,632.77,30886.69,8,0,89,19.9,Pro,Net Banking,1
CUST_00394,51,2101.87,89879.55,32,4,54,44.4,Free,Card,0
CUST_00395,22,571.16,11737.59,20,2,73,33.8,Basic,UPI,0
CUST_00396,55,847.15,38297.84,10,2,18,63.1,Basic,Card,0
CUST_00397,22,4600.26,91911.39,13,1,22,25.6,Basic,Card,0
CUST_00398,46,2096.87,93385.54,29,2,63,63.4,Basic,Card,0
CUST_00399,30,2411.47,71584.7,35,1,32,40.9,Pro,Net Banking,0
CUST_00400,38,1469.05,49440.24,8,1,65,37.9,Enterprise,Card,0
CUST_00401,38,3186.93,109802.69,29,0,8,34.0,Free,Invoice,0
CUST_00402,45,3176.61,138130.92,31,3,28,69.0,Pro,Net Banking,0
CUST_00403,51,2174.9,109494.4,41,5,78,58.4,Basic,UPI,0
CUST_00404,54,1998.66,94757.48,30,2,17,85.9,Enterprise,UPI,0
CUST_00405,8,4482.34,31219.04,22,1,81,28.0,Free,Invoice,1
CUST_00406,27,2224.78,53471.61,21,0,70,8.8,Pro,UPI,1
CUST_00407,27,2720.75,62497.11,12,1,77,22.3,Enterprise,Card,1
CUST_00408,34,1774.87,58651.85,11,2,28,37.6,Enterprise,UPI,0
CUST_00409,21,4040.46,73279.52,2,0,82,22.1,Basic,Card,1
CUST_00410,30,2288.52,61096.03,41,2,60,12.9,Basic,Card,1
CUST_00411,33,2811.25,80153.68,2,1,4,47.3,Basic,Invoice,0
CUST_00412,28,1640.11,37830.71,34,1,68,69.3,Basic,Net Banking,0
CUST_00413,47,4944.47,214107.84,3,5,55,76.4,Basic,UPI,0
CUST_00414,33,1811.73,54855.98,16,0,51,42.9,Basic,UPI,0
CUST_00415,5,3968.34,17043.62,4,2,14,50.4,Basic,Net Banking,0
CUST_00416,48,2423.73,93801.8,23,0,89,76.8,Basic,UPI,0
CUST_00417,19,1427.98,26788.39,20,0,87,38.5,Free,UPI,0
CUST_00418,4,4098.73,14281.77,25,0,82,79.6,Free,UPI,1
CUST_00419,35,2001.23,63581.65,30,3,19,96.9,Basic,Card,0
CUST_00420,49,4393.37,178409.21,18,4,72,88.6,Free,Card,0
CUST_00421,17,4618.66,66757.98,42,4,15,48.1,Pro,Invoice,0
CUST_00422,44,4369.21,170531.25,11,1,74,60.1,Basic,Invoice,0
CUST_00423,28,657.54,16799.21,29,2,24,73.1,Pro,UPI,0
CUST_00424,30,4043.18,117753.92,17,2,56,38.2,Free,UPI,0
CUST_00425,29,2351.03,58503.96,26,1,20,80.9,Pro,Net Banking,0
CUST_00426,46,4431.75,198632.73,23,3,4,46.5,Enterprise,Net Banking,0
CUST_00427,53,3370.79,159301.87,48,3,74,85.4,Basic,Card,0
CUST_00428,6,4251.39,22614.05,20,2,8,29.2,Free,Card,1
CUST_00429,35,2747.44,84552.2,45,1,10,6.1,Basic,Card,0
CUST_00430,41,2907.61,116498.22,2,3,64,65.1,Basic,Invoice,0
CUST_00431,37,1149.74,36167.98,24,0,62,47.9,Free,Net Banking,0
CUST_00432,24,4027.94,93912.82,31,3,25,10.7,Enterprise,Card,0
CUST_00433,29,2387.25,56617.93,27,2,73,51.3,Basic,Invoice,0
CUST_00434,49,2750.36,133563.57,2,1,18,21.0,Pro,Invoice,0
CUST_00435,46,4032.94,167075.61,14,3,15,64.8,Basic,Card,0
CUST_00436,53,3194.8,169287.32,4,3,55,47.3,Free,UPI,0
CUST_00437,31,1404.94,40138.0,49,2,67,21.3,Free,UPI,1
CUST_00438,35,3156.05,90967.51,13,3,77,44.1,Free,Net Banking,0
CUST_00439,33,2334.35,62564.98,36,2,29,27.1,Enterprise,UPI,0
CUST_00440,52,2612.86,113950.89,35,1,6,67.0,Pro,UPI,0
CUST_00441,21,627.4,11650.08,44,3,11,33.0,Pro,Invoice,0
CUST_00442,32,1445.13,43905.96,8,1,23,83.1,Enterprise,UPI,0
CUST_00443,23,1764.67,32475.73,2,2,21,6.3,Free,Card,0
CUST_00444,33,3708.32,104198.19,6,2,46,43.3,Free,Card,0
CUST_00445,3,551.72,1518.63,31,4,29,63.6,Enterprise,Card,0
CUST_00446,18,2339.5,36197.63,10,1,59,7.1,Basic,UPI,1
CUST_00447,25,4658.12,101475.83,44,1,38,25.5,Basic,Card,1
CUST_00448,42,1003.46,36251.41,21,2,19,36.1,Basic,Net Banking,0
CUST_00449,31,2823.91,86721.53,42,3,25,7.1,Pro,Net Banking,0
CUST_00450,54,4039.35,177371.89,10,1,48,56.9,Basic,Net Banking,0
CUST_00451,58,4741.39,269913.73,23,1,68,64.9,Pro,Net Banking,0
CUST_00452,3,3860.49,10013.89,3,2,41,26.6,Enterprise,Card,1
CUST_00453,40,3742.54,127142.97,32,1,5,56.6,Basic,UPI,0
CUST_00454,46,4219.2,189552.08,20,2,52,99.9,Basic,Card,0
CUST_00455,24,2507.91,51607.79,10,2,33,89.3,Basic,Card,0
CUST_00456,50,4126.3,205798.53,29,1,68,10.6,Free,Invoice,1
CUST_00457,32,535.84,15597.1,41,1,9,17.1,Pro,UPI,0
CUST_00458,47,4660.52,196104.88,46,2,27,52.0,Free,Card,0
CUST_00459,22,2494.88,54629.25,34,1,2,28.3,Enterprise,Card,0
CUST_00460,23,2990.21,58139.03,37,2,76,12.7,Basic,UPI,1
CUST_00461,2,1646.97,3233.97,20,2,47,29.2,Enterprise,Card,1
CUST_00462,27,3841.39,95244.32,8,3,65,10.8,Free,Card,1
CUST_00463,42,844.86,33745.17,7,3,34,55.3,Enterprise,Net Banking,0
CUST_00464,2,4426.86,8113.61,6,2,51,51.6,Basic,Invoice,1
CUST_00465,26,4226.53,101508.45,11,4,61,5.6,Pro,Invoice,1
CUST_00466,17,1472.27,20798.36,44,4,51,50.8,Free,UPI,0
CUST_00467,40,4141.96,137568.16,18,1,46,54.4,Basic,Card,0
CUST_00468,33,4038.61,117205.45,42,3,53,62.5,Basic,Invoice,0
CUST_00469,9,3344.97,26169.37,29,1,27,97.2,Basic,Net Banking,0
CUST_00470,43,2180.84,88375.75,25,0,22,98.4,Free,UPI,0
CUST_00471,54,1721.74,87818.75,21,3,86,55.1,Enterprise,Net Banking,0
CUST_00472,48,1543.03,67603.85,46,3,34,85.3,Free,UPI,0
CUST_00473,39,1933.74,66396.26,3,0,31,13.1,Free,Card,1
CUST_00474,29,4566.01,123855.28,18,0,1,55.5,Basic,Invoice,0
CUST_00475,42,849.38,33443.24,24,4,15,69.5,Enterprise,UPI,0
CUST_00476,55,4229.92,223763.28,47,1,15,58.6,Basic,UPI,0
CUST_00477,26,2070.01,51793.71,38,4,50,26.9,Basic,Card,1
CUST_00478,35,2847.2,81108.1,10,2,66,11.0,Basic,Card,1
CUST_00479,50,4075.19,178250.9,27,2,53,41.7,Pro,Card,0
CUST_00480,25,4479.69,98999.56,12,3,19,66.5,Free,Card,0
CUST_00481,24,2051.52,47729.11,7,2,32,99.2,Free,Card,0
CUST_00482,13,2578.3,30178.23,17,2,85,27.5,Free,Card,1
CUST_00483,58,2365.32,123162.56,1,0,7,92.2,Basic,UPI,0
CUST_00484,7,559.63,3567.8,26,3,23,11.5,Basic,Invoice,0
CUST_00485,57,1831.74,86183.81,15,2,52,93.4,Basic,Net Banking,0
CUST_00486,36,2566.35,84356.27,33,2,63,84.1,Pro,Card,0
CUST_00487,45,2349.92,96261.95,37,1,57,7.0,Free,Net Banking,1
CUST_00488,20,3748.68,71291.28,47,1,36,33.3,Free,UPI,0
CUST_00489,1,2231.62,2068.33,31,1,83,9.8,Free,UPI,1
CUST_00490,8,2702.19,21423.09,35,3,11,99.6,Free,Card,0
CUST_00491,46,2433.24,91336.37,1,1,83,45.6,Free,Card,0
CUST_00492,16,3832.82,58524.42,8,4,83,67.9,Basic,Net Banking,0
CUST_00493,14,4383.38,58317.39,12,2,3,27.2,Basic,UPI,0
CUST_00494,12,2893.5,29648.04,19,1,30,93.7,Pro,Card,0
CUST_00495,51,4052.44,194214.05,25,1,85,31.0,Basic,Card,0
CUST_00496,23,1835.54,39340.9,32,3,78,29.7,Free,Card,1
CUST_00497,15,2936.16,37865.06,12,2,37,34.9,Basic,UPI,0
CUST_00498,28,2053.53,54322.4,13,0,36,48.9,Basic,Invoice,0
CUST_00499,34,2363.9,79257.87,28,3,74,6.8,Pro,Net Banking,1
CUST_00500,2,3795.86,6536.8,1,1,13,61.8,Pro,Net Banking,0
CUST_00501,32,4467.48,142389.89,6,0,74,8.0,Basic,Net Banking,1
CUST_00502,23,1046.73,20339.76,8,6,72,56.2,Basic,Card,1
CUST_00503,22,3355.88,61051.59,4,1,23,48.5,Free,Card,0
CUST_00504,51,3119.65,129733.5,5,4,9,28.0,Basic,UPI,0
CUST_00505,25,1032.87,21760.94,25,3,37,36.3,Enterprise,Card,0
CUST_00506,58,1453.52,73218.36,22,3,42,72.0,Basic,Net Banking,0
CUST_00507,22,1899.51,39559.01,28,3,36,5.9,Basic,Card,1
CUST_00508,58,1251.19,59100.37,39,3,41,35.1,Basic,UPI,0
CUST_00509,58,1596.78,83486.49,23,1,31,69.6,Enterprise,Card,0
CUST_00510,22,1704.2,33883.7,4,0,83,19.5,Free,UPI,1
CUST_00511,49,2010.53,83303.98,4,1,13,58.2,Basic,UPI,0
CUST_00512,52,3872.26,162916.62,47,1,3,21.0,Basic,Invoice,0
CUST_00513,42,3073.6,109085.14,21,0,23,19.7,Free,Card,1
CUST_00514,6,4938.11,25068.15,37,1,9,78.4,Basic,UPI,0
CUST_00515,15,2366.31,33279.95,41,3,15,30.3,Basic,Card,0
CUST_00516,54,3892.39,177978.82,2,0,38,40.7,Free,Card,0
CUST_00517,43,4421.61,165042.22,7,0,17,74.4,Basic,Card,0
CUST_00518,37,3555.4,106487.72,49,2,24,22.1,Basic,UPI,0
CUST_00519,33,2353.39,71820.86,16,1,6,55.5,Free,UPI,0
CUST_00520,8,3891.18,27855.52,17,4,55,92.2,Enterprise,Card,0
CUST_00521,53,1416.5,65239.28,20,0,46,57.6,Free,Card,0
CUST_00522,44,1973.98,81693.85,23,2,81,9.6,Basic,Card,1
CUST_00523,44,2960.08,121963.21,34,4,81,61.0,Free,UPI,0
CUST_00524,5,3089.34,13370.38,11,2,2,13.6,Basic,UPI,1
CUST_00525,39,599.64,22026.8,34,4,0,31.8,Basic,Net Banking,0
CUST_00526,4,4753.01,16533.67,33,1,32,85.7,Basic,UPI,0
CUST_00527,6,3634.82,18415.45,26,2,70,6.1,Pro,UPI,1
CUST_00528,45,2730.67,115994.68,2,0,73,12.3,Pro,Card,1
CUST_00529,32,4699.07,142190.87,23,2,58,39.5,Basic,Card,0
CUST_00530,52,2475.93,125291.9,41,2,71,99.9,Free,Net Banking,0
CUST_00531,30,4911.96,132650.75,22,4,31,32.7,Basic,UPI,0
CUST_00532,47,2805.28,111606.28,34,1,86,19.9,Basic,Invoice,1
CUST_00533,35,1014.29,34342.11,15,5,16,57.2,Free,Invoice,0
CUST_00534,55,3941.6,181003.54,10,1,77,54.3,Free,Net Banking,0
CUST_00535,40,3555.04,140455.75,15,0,16,47.7,Basic,Invoice,0
CUST_00536,52,3978.44,178191.13,42,3,88,94.9,Free,UPI,0
CUST_00537,16,4781.49,61490.16,29,1,20,31.6,Basic,Card,0
CUST_00538,13,3994.2,43479.23,23,3,54,32.9,Pro,Card,0
CUST_00539,50,3251.01,143525.32,17,4,5,18.3,Basic,Net Banking,0
CUST_00540,42,4357.89,148445.38,9,0,83,71.2,Enterprise,Card,0
CUST_00541,30,3529.61,93383.34,36,1,48,35.5,Free,Card,0
CUST_00542,19,2336.54,37316.77,9,2,83,81.3,Free,UPI,0
CUST_00543,17,4485.29,61289.0,16,1,25,97.3,Basic,Card,0
CUST_00544,56,1498.55,72153.49,36,4,31,9.2,Pro,UPI,1
CUST_00545,19,3715.89,59677.03,48,1,71,99.3,Pro,UPI,0
CUST_00546,28,4467.04,110562.16,33,4,43,29.1,Pro,UPI,1
CUST_00547,58,3790.92,209276.14,31,0,58,44.9,Pro,UPI,0
CUST_00548,55,3637.74,180459.3,6,0,28,78.9,Pro,Card,0
CUST_00549,26,3886.87,96370.82,10,2,16,68.2,Pro,Card,0
CUST_00550,37,2592.75,83205.05,16,4,17,79.0,Pro,Invoice,0
CUST_00551,26,4433.77,92526.39,4,4,39,49.3,Free,Card,0
CUST_00552,53,1415.46,73851.68,22,1,62,92.0,Pro,UPI,0
CUST_00553,23,1073.24,21301.33,13,3,81,80.0,Free,UPI,0
CUST_00554,9,1784.79,14543.15,16,1,74,34.4,Enterprise,Card,0
CUST_00555,12,2892.1,31021.0,29,1,44,95.1,Free,Card,0
CUST_00556,53,2797.53,135905.97,6,1,75,96.3,Basic,Card,0
CUST_00557,1,4192.69,4096.23,26,2,78,44.4,Enterprise,Card,0
CUST_00558,58,2320.56,131018.9,11,3,89,66.9,Free,Card,0
CUST_00559,58,2679.55,154824.27,24,3,2,82.4,Pro,Invoice,0
CUST_00560,1,560.15,507.31,29,0,2,82.6,Basic,UPI,0
CUST_00561,47,2343.83,108451.74,3,0,37,6.3,Free,Card,1
CUST_00562,34,3414.98,104090.85,10,0,72,64.8,Enterprise,UPI,0
CUST_00563,32,569.79,14748.55,1,1,39,97.5,Free,Card,0
CUST_00564,54,1763.97,78988.64,43,2,67,27.0,Pro,Card,1
CUST_00565,48,1435.8,59738.28,26,3,53,80.6,Basic,Net Banking,0
CUST_00566,25,688.93,16277.55,12,2,19,55.8,Pro,Net Banking,0
CUST_00567,40,2656.67,86742.86,14,3,14,26.0,Pro,UPI,0
CUST_00568,45,1317.75,51726.92,25,3,4,9.8,Basic,Invoice,0
CUST_00569,53,3843.87,203006.41,8,4,38,77.2,Enterprise,Invoice,0
CUST_00570,1,4315.68,4130.69,43,2,39,35.1,Free,UPI,1
CUST_00571,16,2955.13,43234.69,4,1,6,40.7,Pro,Invoice,0
CUST_00572,39,4917.68,155800.99,28,2,71,51.1,Pro,UPI,0
CUST_00573,5,2527.15,10145.54,7,2,32,53.2,Basic,Card,0
CUST_00574,22,2810.16,50760.18,10,2,36,24.6,Basic,Net Banking,1
CUST_00575,29,4951.48,124269.05,36,1,31,68.7,Basic,Card,0
CUST_00576,55,1541.97,78132.12,2,1,42,70.8,Pro,Card,0
CUST_00577,3,4741.46,11941.31,26,0,62,18.5,Free,Card,1
CUST_00578,12,692.77,6735.64,14,0,35,55.6,Free,Net Banking,0
CUST_00579,26,2508.74,53366.95,16,2,48,62.9,Free,Card,0
CUST_00580,16,815.02,11545.36,43,1,24,22.7,Free,UPI,1
CUST_00581,51,3781.56,184108.64,42,7,65,90.0,Free,UPI,1
CUST_00582,37,3237.84,115513.33,17,1,8,50.9,Basic,UPI,0
CUST_00583,22,3679.85,69477.89,46,1,17,15.9,Basic,Card,0
CUST_00584,57,2185.16,116170.09,22,1,21,36.8,Pro,UPI,0
CUST_00585,29,2162.67,55099.89,4,2,14,50.3,Pro,Invoice,0
CUST_00586,14,703.94,9800.98,19,4,6,6.0,Free,Card,1
CUST_00587,28,2074.75,51179.48,2,2,12,8.0,Free,Net Banking,0
CUST_00588,5,4681.8,20580.74,39,1,35,10.3,Pro,Card,1
CUST_00589,47,2206.52,93368.31,9,1,15,56.1,Pro,UPI,0
CUST_00590,49,4241.15,167313.05,19,1,40,36.9,Pro,Net Banking,0
CUST_00591,30,4290.46,113729.67,16,0,20,89.8,Basic,Invoice,0
CUST_00592,46,2179.59,96826.35,25,4,27,58.1,Free,Card,0
CUST_00593,52,3343.95,160394.75,48,1,73,77.2,Basic,UPI,0
CUST_00594,5,929.17,4617.44,18,3,82,70.3,Pro,Card,1
CUST_00595,12,966.55,10034.23,23,3,16,54.4,Free,UPI,0
CUST_00596,16,718.96,9574.3,21,3,64,75.7,Basic,Net Banking,0
CUST_00597,26,3114.57,76939.21,11,2,12,56.7,Free,Card,0
CUST_00598,26,2417.32,50829.03,39,2,35,41.6,Basic,Net Banking,0
CUST_00599,48,2966.15,118443.52,41,3,57,46.4,Basic,Card,0
CUST_00600,21,2844.83,53850.32,4,2,19,84.7,Basic,UPI,0
CUST_00601,39,2075.91,76969.76,25,0,51,58.5,Basic,UPI,0
CUST_00602,36,3548.63,117555.41,32,3,5,40.8,Basic,UPI,0
CUST_00603,33,3913.26,129005.67,30,2,22,22.1,Enterprise,Card,0
CUST_00604,30,565.83,15803.43,45,4,41,52.1,Basic,Card,0
CUST_00605,37,1432.59,50090.16,26,2,23,29.0,Pro,Net Banking,0
CUST_00606,23,3709.56,85216.06,36,1,4,95.8,Free,Invoice,0
CUST_00607,58,2239.79,119319.36,34,3,31,51.6,Basic,UPI,0
CUST_00608,10,3481.18,32824.87,9,2,45,5.9,Free,UPI,1
CUST_00609,54,2061.33,95690.93,12,2,16,13.8,Free,Net Banking,1
CUST_00610,5,2258.4,10245.81,2,0,74,32.0,Basic,UPI,0
CUST_00611,36,1214.05,42936.16,38,0,26,13.8,Basic,Card,0
CUST_00612,34,1662.04,54851.62,5,4,67,89.9,Basic,Net Banking,0
CUST_00613,52,3224.35,144403.79,5,1,22,86.2,Pro,Card,0
CUST_00614,31,2449.23,66165.34,22,2,86,97.2,Pro,Net Banking,0
CUST_00615,10,3984.36,38619.39,5,1,33,72.1,Free,UPI,0
CUST_00616,58,4336.63,215540.13,4,1,20,66.3,Pro,UPI,0
CUST_00617,19,2937.41,54556.36,9,1,21,92.7,Basic,UPI,0
CUST_00618,58,3912.2,216640.91,29,2,64,94.9,Pro,Card,0
CUST_00619,32,1881.07,49989.59,22,3,31,88.4,Basic,UPI,0
CUST_00620,1,2367.37,2234.69,27,2,61,86.8,Free,UPI,1
CUST_00621,56,3707.5,200740.59,10,1,27,68.8,Basic,Card,0
CUST_00622,5,2237.95,9274.83,16,1,81,5.2,Basic,UPI,1
CUST_00623,45,3148.27,126296.44,42,2,6,45.8,Enterprise,Card,0
CUST_00624,4,1334.18,5190.1,42,1,53,65.4,Free,UPI,1
CUST_00625,16,3198.97,42980.34,10,3,69,57.0,Pro,Card,0
CUST_00626,24,4376.81,93469.53,6,2,13,83.0,Basic,Net Banking,0
CUST_00627,16,4408.88,65078.88,49,1,54,82.8,Basic,Card,0
CUST_00628,55,3759.55,169442.08,5,3,57,61.9,Pro,UPI,0
CUST_00629,2,3855.89,6496.49,6,3,43,7.1,Pro,Net Banking,1
CUST_00630,49,3010.67,131788.94,47,4,45,40.1,Pro,Net Banking,0
CUST_00631,28,3131.01,76686.62,25,0,13,26.7,Free,Net Banking,0
CUST_00632,32,1101.43,30486.0,4,4,43,37.2,Basic,Card,0
CUST_00633,27,2497.37,54298.77,40,2,40,63.6,Free,Invoice,0
CUST_00634,20,2528.49,49840.94,48,2,72,11.3,Basic,Card,1
CUST_00635,24,4813.24,112547.17,32,0,1,7.1,Basic,UPI,0
CUST_00636,12,2439.89,25722.02,35,1,81,46.5,Basic,Card,0
CUST_00637,50,2972.04,124272.14,10,4,4,80.4,Pro,Net Banking,0
CUST_00638,35,2899.63,82591.09,34,2,89,7.9,Basic,Net Banking,1
CUST_00639,33,3365.43,91583.58,36,3,86,85.7,Basic,Net Banking,0
CUST_00640,33,3867.05,117455.26,6,2,11,41.5,Basic,Card,0
CUST_00641,51,1512.69,73041.68,43,7,77,16.2,Basic,Card,1
CUST_00642,43,2879.26,102919.81,46,2,76,58.9,Basic,UPI,0
CUST_00643,37,4216.63,128331.66,16,3,46,95.5,Free,Invoice,0
CUST_00644,12,2584.02,29092.42,19,0,78,56.5,Pro,Card,0
CUST_00645,3,1753.06,4751.17,34,2,34,70.2,Pro,Invoice,1
CUST_00646,1,3446.19,3013.24,25,3,18,82.6,Pro,UPI,0
CUST_00647,33,4206.95,131193.15,31,3,78,80.9,Basic,Net Banking,0
CUST_00648,40,784.13,27950.64,49,3,62,11.9,Basic,UPI,1
CUST_00649,10,3995.56,35681.32,41,3,7,75.4,Basic,Net Banking,0
CUST_00650,43,4197.42,144959.47,17,1,22,95.2,Free,Invoice,0
CUST_00651,44,2576.85,97871.03,47,2,12,71.6,Basic,Card,0
CUST_00652,29,4924.88,114401.03,30,2,22,84.5,Enterprise,Card,0
CUST_00653,13,4040.19,51722.52,39,1,30,51.1,Free,Net Banking,0
CUST_00654,12,3981.48,41030.96,31,1,29,35.3,Basic,Card,0
CUST_00655,31,3865.27,100184.8,19,3,41,69.2,Pro,UPI,0
CUST_00656,46,1177.74,44325.72,35,4,1,51.8,Basic,Card,0
CUST_00657,2,1477.54,2391.63,29,1,10,90.1,Basic,UPI,0
CUST_00658,51,2587.96,128976.92,1,0,24,97.6,Pro,Card,0
CUST_00659,50,1688.02,70365.33,4,2,28,82.9,Basic,Card,0
CUST_00660,35,2368.58,76558.18,28,1,21,99.3,Pro,UPI,0
CUST_00661,23,4498.09,96239.35,18,2,18,38.1,Basic,Card,0
CUST_00662,17,4209.47,61793.55,26,3,72,90.1,Pro,UPI,0
CUST_00663,26,3335.18,83822.68,40,2,40,36.3,Free,Card,0
CUST_00664,8,4361.54,29407.46,19,0,37,16.2,Free,Net Banking,1
CUST_00665,29,4026.98,95094.94,6,1,28,64.0,Basic,UPI,0
CUST_00666,26,2430.43,51419.19,1,1,73,48.2,Basic,UPI,0
CUST_00667,10,1404.79,12082.39,8,0,21,92.6,Pro,UPI,0
CUST_00668,26,2813.9,65307.47,33,4,87,51.8,Basic,Card,0
CUST_00669,34,3813.03,120032.93,43,1,7,93.1,Pro,Net Banking,0
CUST_00670,51,2463.89,118840.37,21,2,46,12.5,Free,Invoice,1
CUST_00671,41,3500.47,119944.53,24,0,5,83.9,Enterprise,UPI,0
CUST_00672,7,924.47,6062.2,25,4,6,77.1,Basic,Card,0
CUST_00673,4,3866.02,12935.83,47,0,83,73.4,Free,Net Banking,1
CUST_00674,58,4157.21,240982.82,43,1,80,38.7,Pro,Net Banking,0
CUST_00675,53,3680.77,193483.8,19,2,35,79.5,Enterprise,UPI,0
CUST_00676,50,4852.69,199077.12,29,3,7,50.9,Enterprise,Invoice,0
CUST_00677,45,4219.93,176798.53,10,1,76,72.9,Free,UPI,0
CUST_00678,11,4563.92,49231.86,12,2,87,57.5,Pro,Card,0
CUST_00679,29,4701.07,111265.27,33,4,45,20.0,Basic,Card,1
CUST_00680,56,4106.07,189653.6,7,6,63,11.1,Pro,UPI,1
CUST_00681,36,3534.16,110613.49,17,0,30,39.8,Basic,UPI,0
CUST_00682,25,525.73,10766.24,10,1,22,93.6,Basic,Card,0
CUST_00683,21,2596.22,53273.1,31,1,60,55.3,Pro,Card,0
CUST_00684,57,3070.23,170647.1,6,2,80,81.2,Pro,Invoice,0
CUST_00685,36,1868.14,66563.19,17,0,49,59.7,Pro,Card,0
CUST_00686,10,1931.47,16243.63,37,3,45,96.0,Pro,UPI,0
CUST_00687,37,4825.22,144445.85,18,5,87,40.1,Pro,Card,0
CUST_00688,9,4512.7,36103.09,26,1,42,10.4,Free,Card,1
CUST_00689,24,4321.31,101233.84,49,4,9,79.2,Pro,UPI,0
CUST_00690,35,2327.05,75557.28,16,2,19,72.0,Basic,Invoice,0
CUST_00691,49,561.64,27511.1,8,2,15,55.1,Basic,Net Banking,0
CUST_00692,35,861.0,29566.57,24,3,77,36.0,Pro,Card,0
CUST_00693,48,1904.88,80329.56,13,2,2,22.9,Pro,UPI,0
CUST_00694,36,570.84,16602.67,29,4,29,50.8,Enterprise,Net Banking,0
CUST_00695,18,577.17,8321.99,32,2,17,68.3,Basic,Card,0
CUST_00696,49,4624.71,210485.44,24,7,58,60.0,Basic,Card,0
CUST_00697,39,3677.71,141014.34,16,1,69,46.6,Enterprise,Invoice,0
CUST_00698,32,1890.3,53765.94,11,2,83,56.3,Basic,Net Banking,0
CUST_00699,24,1096.9,25663.73,32,3,34,15.3,Pro,UPI,1
CUST_00700,23,2802.36,58869.2,6,1,18,71.1,Enterprise,UPI,0
CUST_00701,32,524.06,13744.69,35,1,25,74.8,Pro,UPI,0
CUST_00702,37,4722.86,167697.11,33,3,34,6.1,Enterprise,UPI,1
CUST_00703,12,2366.67,25517.97,18,2,75,30.7,Basic,UPI,0
CUST_00704,49,2310.51,91728.23,37,1,71,13.8,Free,Card,1
CUST_00705,55,2257.67,119567.65,13,4,56,99.8,Free,Card,0
CUST_00706,13,811.98,10044.11,10,2,48,61.4,Pro,Invoice,0
CUST_00707,23,3372.45,69147.1,37,1,9,49.2,Free,Card,0
CUST_00708,25,3798.52,76340.08,26,2,84,49.0,Pro,UPI,0
CUST_00709,35,3542.56,107794.99,46,3,28,96.7,Free,Invoice,0
CUST_00710,41,1122.96,40838.23,17,1,70,67.7,Enterprise,Card,0
CUST_00711,30,3104.78,77594.32,1,0,67,21.0,Free,Card,1
CUST_00712,17,3062.68,43327.97,25,1,88,47.6,Basic,Invoice,0
CUST_00713,49,4407.85,180000.78,34,0,77,78.5,Pro,Net Banking,0
CUST_00714,20,2206.07,38567.2,39,1,23,45.2,Pro,UPI,0
CUST_00715,48,2171.69,100437.24,10,2,42,34.4,Basic,UPI,0
CUST_00716,25,3283.37,78133.66,20,1,38,99.2,Enterprise,Card,0
CUST_00717,22,3348.83,59088.44,7,4,24,93.9,Basic,UPI,0
CUST_00718,13,2611.78,27227.99,16,1,82,94.4,Free,Net Banking,0
CUST_00719,59,2493.77,119992.28,37,2,67,17.5,Basic,Card,1
CUST_00720,19,2723.66,46228.71,29,0,33,27.3,Pro,Card,1
CUST_00721,49,4374.7,209596.45,12,0,88,47.0,Basic,Card,0
CUST_00722,36,2575.25,77546.58,17,5,85,84.1,Pro,Card,1
CUST_00723,12,4729.69,50817.26,48,0,52,75.0,Basic,Invoice,0
CUST_00724,41,2768.02,91715.93,20,0,54,85.7,Free,UPI,0
CUST_00725,19,4771.4,72893.83,26,1,52,92.5,Free,Card,0
CUST_00726,12,4247.74,40854.58,48,0,17,79.2,Enterprise,Net Banking,0
CUST_00727,9,2130.94,18168.45,19,1,6,29.9,Pro,Card,0
CUST_00728,7,4386.39,24710.09,47,1,62,32.1,Free,Invoice,0
CUST_00729,28,995.28,23820.4,12,3,74,38.5,Free,Net Banking,0
CUST_00730,14,4662.71,60643.83,21,1,41,33.8,Basic,Net Banking,0
CUST_00731,31,3342.4,95711.75,42,1,10,28.7,Pro,Card,0
CUST_00732,52,744.76,31409.14,34,3,8,76.5,Free,Card,0
CUST_00733,19,3399.16,54982.55,7,2,34,8.2,Basic,Card,1
CUST_00734,58,4884.11,262843.93,45,3,86,74.2,Free,Card,0
CUST_00735,47,814.1,33611.84,35,1,64,83.2,Pro,Net Banking,0
CUST_00736,16,2996.09,42816.02,15,0,83,11.3,Free,Card,1
CUST_00737,53,3865.07,172363.22,1,0,4,10.9,Free,UPI,1
CUST_00738,5,4146.16,16741.19,26,1,25,32.1,Pro,UPI,0
CUST_00739,35,2362.22,71850.28,35,6,50,24.8,Basic,Card,1
CUST_00740,12,1418.75,15945.56,25,0,37,60.2,Pro,Card,0
CUST_00741,25,690.54,16457.4,42,5,2,69.2,Free,Net Banking,0
CUST_00742,52,3108.77,148482.04,15,1,84,65.2,Basic,Card,0
CUST_00743,59,2538.1,131574.52,22,3,58,38.9,Free,Card,0
CUST_00744,21,4769.35,91806.03,6,3,12,52.3,Basic,Net Banking,0
CUST_00745,36,772.72,26176.6,15,2,80,65.8,Free,UPI,0
CUST_00746,53,3584.28,180668.79,24,2,34,16.3,Free,Net Banking,1
CUST_00747,23,612.35,11533.39,21,2,86,26.8,Basic,Net Banking,1
CUST_00748,16,1271.45,19541.61,7,2,2,89.6,Basic,Net Banking,0
CUST_00749,57,2541.11,117713.44,29,4,52,37.5,Basic,Card,0
CUST_00750,39,2546.93,96756.77,32,2,54,81.1,Basic,UPI,0
CUST_00751,45,3585.65,141741.35,32,1,44,28.8,Basic,UPI,1
CUST_00752,53,4595.96,221513.21,5,2,65,9.0,Free,Net Banking,1
CUST_00753,42,3375.64,121644.07,4,3,66,52.5,Basic,UPI,0
CUST_00754,58,4790.91,246009.89,22,3,83,89.8,Free,UPI,0
CUST_00755,39,4467.27,168829.35,18,1,43,82.8,Free,UPI,0
CUST_00756,14,3130.25,37650.49,35,3,72,29.0,Free,Card,1
CUST_00757,31,4252.06,120324.44,17,3,67,91.4,Free,Net Banking,0
CUST_00758,58,3391.6,182827.99,24,1,61,50.6,Pro,Card,0
CUST_00759,5,853.51,3539.0,2,1,24,9.7,Basic,Net Banking,1
CUST_00760,35,3832.54,128178.2,13,0,51,7.7,Basic,UPI,1
CUST_00761,23,927.09,21319.09,15,1,49,51.1,Pro,UPI,0
CUST_00762,29,3173.37,76476.18,5,2,0,56.9,Enterprise,UPI,0
CUST_00763,43,3661.88,150151.02,3,4,38,12.6,Basic,Card,1
CUST_00764,11,799.37,7293.1,37,3,51,92.6,Basic,Net Banking,0
CUST_00765,18,1538.58,27418.91,37,1,75,73.2,Enterprise,Card,0
CUST_00766,47,4620.53,191582.26,37,3,39,81.1,Pro,Card,0
CUST_00767,12,3273.42,39123.26,3,4,59,60.5,Pro,Card,0
CUST_00768,9,1608.29,11776.3,35,2,87,68.0,Basic,Card,0
CUST_00769,10,3608.06,34572.29,23,3,72,41.8,Basic,Card,0
CUST_00770,58,3185.49,165298.85,28,1,83,69.5,Basic,Card,0
CUST_00771,44,2757.09,104073.39,30,0,68,97.9,Pro,UPI,0
CUST_00772,17,4892.84,78984.23,18,1,19,66.5,Basic,UPI,0
CUST_00773,38,3575.54,125960.91,36,1,84,37.5,Pro,Net Banking,0
CUST_00774,7,2189.48,15028.68,33,3,1,32.1,Enterprise,Card,0
CUST_00775,46,4100.33,160278.0,26,1,84,96.5,Basic,Card,0
CUST_00776,13,4480.62,57546.12,48,4,87,22.6,Basic,Card,1
CUST_00777,40,1063.49,39492.64,40,4,8,81.6,Pro,Net Banking,0
CUST_00778,42,1402.49,52430.19,17,1,38,49.2,Free,UPI,0
CUST_00779,9,1473.02,10746.62,40,1,29,47.2,Enterprise,UPI,0
CUST_00780,50,3610.45,172044.3,7,1,53,76.0,Pro,Card,0
CUST_00781,27,3213.68,84312.08,8,3,81,19.1,Free,Card,1
CUST_00782,58,3285.46,183299.7,31,3,57,49.3,Basic,Card,0
CUST_00783,2,4733.48,8966.47,12,2,43,8.4,Pro,Net Banking,1
CUST_00784,5,3991.6,19835.9,48,2,42,68.7,Free,Card,1
CUST_00785,29,1075.72,30254.41,31,4,9,10.5,Free,Invoice,1
CUST_00786,37,2063.78,75258.43,44,1,47,13.3,Basic,Invoice,1
CUST_00787,38,2459.27,88414.79,19,2,84,85.3,Pro,UPI,0
CUST_00788,19,2281.83,41795.79,10,2,85,47.1,Free,Invoice,0
CUST_00789,8,3511.89,24100.88,39,2,16,24.1,Pro,Card,0
CUST_00790,48,4513.52,202302.43,12,3,4,61.3,Basic,Card,0
CUST_00791,45,1877.23,71052.87,20,2,69,54.3,Free,Card,0
CUST_00792,1,2983.45,2428.09,37,1,73,44.0,Basic,Card,1
CUST_00793,22,4052.34,81649.5,48,3,63,91.0,Basic,Card,0
CUST_00794,52,2372.98,118037.37,41,2,65,76.2,Enterprise,UPI,0
CUST_00795,17,1256.53,17442.37,7,2,70,19.4,Enterprise,Card,1
CUST_00796,7,2637.28,15438.09,14,4,3,59.2,Free,UPI,0
CUST_00797,25,748.5,15317.93,11,0,82,13.4,Basic,Card,1
CUST_00798,45,4740.73,197724.48,7,5,27,28.2,Enterprise,Card,1
CUST_00799,4,836.7,2730.66,29,1,83,91.4,Basic,Net Banking,1
CUST_00800,36,2473.06,72885.35,10,1,37,48.9,Basic,UPI,0
CUST_00801,6,2884.47,14759.84,29,2,65,89.8,Free,Net Banking,0
CUST_00802,31,4933.87,130626.46,9,1,66,20.8,Pro,Invoice,1
CUST_00803,19,1247.1,21597.92,36,1,59,24.5,Basic,UPI,1
CUST_00804,44,1014.94,36013.36,48,0,46,38.5,Basic,Net Banking,0
CUST_00805,54,539.18,26875.82,10,1,24,39.8,Basic,Card,0
CUST_00806,39,1200.07,41296.0,19,1,65,75.8,Free,UPI,0
CUST_00807,27,1432.73,32329.77,31,1,78,61.9,Free,UPI,0
CUST_00808,10,3337.61,31062.11,17,1,66,57.6,Enterprise,UPI,0
CUST_00809,26,1488.68,33516.59,9,0,68,62.2,Pro,Net Banking,0
CUST_00810,19,592.34,10866.16,45,3,39,74.6,Basic,Net Banking,0
CUST_00811,39,4219.78,164223.6,33,1,49,89.8,Free,UPI,0
CUST_00812,3,2145.18,6151.13,34,2,39,44.4,Basic,Card,1
CUST_00813,45,2091.64,89285.65,45,1,36,81.3,Basic,Card,0
CUST_00814,13,1861.16,21074.66,24,1,68,52.0,Basic,UPI,0
CUST_00815,50,4889.18,221705.03,9,1,16,73.6,Enterprise,UPI,0
CUST_00816,28,1265.52,28721.0,7,1,61,88.1,Free,Card,0
CUST_00817,58,4542.07,249073.9,16,4,40,8.1,Pro,Invoice,1
CUST_00818,20,3995.61,74718.55,19,5,75,56.9,Basic,Invoice,0
CUST_00819,28,844.16,20182.49,39,1,41,99.0,Basic,Net Banking,0
CUST_00820,8,4940.28,35839.85,6,0,30,52.1,Pro,Card,0
CUST_00821,41,1721.15,66041.17,11,3,32,87.1,Basic,UPI,0
CUST_00822,39,943.62,32148.73,12,4,42,22.7,Free,UPI,1
CUST_00823,1,4231.91,3999.67,42,4,66,62.4,Basic,UPI,0
CUST_00824,3,3680.04,10591.26,13,4,37,87.7,Enterprise,Card,1
CUST_00825,13,3277.48,35990.65,12,3,40,46.0,Basic,UPI,0
CUST_00826,28,1201.91,28950.43,21,2,62,51.2,Free,Net Banking,0
CUST_00827,57,2653.23,133133.29,10,0,39,12.8,Pro,Invoice,1
CUST_00828,49,4012.5,166557.45,20,3,29,9.0,Free,UPI,1
CUST_00829,25,1866.31,44563.82,36,3,46,49.5,Basic,Invoice,0
CUST_00830,56,1902.6,97421.95,28,2,21,85.1,Basic,Invoice,0
CUST_00831,33,514.13,14862.82,24,1,54,93.5,Basic,UPI,0
CUST_00832,38,1284.1,39193.39,5,2,42,67.6,Basic,UPI,0
CUST_00833,53,4439.33,203562.08,37,1,60,83.5,Pro,Card,0
CUST_00834,6,2487.86,14439.05,12,0,73,74.8,Free,UPI,0
CUST_00835,58,4929.06,271220.22,35,4,31,71.6,Basic,Card,0
CUST_00836,44,2280.69,81632.59,40,1,3,78.1,Free,Card,0
CUST_00837,45,3718.34,160680.66,2,4,44,53.0,Basic,Net Banking,0
CUST_00838,32,1768.64,47303.96,41,2,71,48.5,Free,Net Banking,0
CUST_00839,45,2137.14,95922.29,45,1,19,20.1,Free,Card,1
CUST_00840,47,1358.27,62160.33,39,3,70,85.2,Basic,UPI,0
CUST_00841,21,2061.78,42546.26,42,2,64,9.2,Free,UPI,1
CUST_00842,16,2962.57,45215.46,9,1,59,30.4,Basic,UPI,0
CUST_00843,54,4962.98,252498.5,22,0,88,54.4,Basic,Card,0
CUST_00844,21,3488.91,62195.53,47,0,25,97.3,Basic,Net Banking,0
CUST_00845,11,1396.61,14091.9,5,4,72,79.7,Free,Card,0
CUST_00846,37,702.33,24408.46,12,4,22,40.0,Free,Card,0
CUST_00847,36,1068.6,32992.19,1,3,39,72.8,Basic,UPI,0
CUST_00848,35,3031.5,93334.29,44,1,1,93.5,Pro,Net Banking,0
CUST_00849,19,3943.22,74127.77,22,1,25,56.2,Basic,Invoice,0
CUST_00850,20,4731.89,83431.88,38,4,77,48.9,Enterprise,UPI,0
CUST_00851,57,571.2,28100.38,19,1,61,57.5,Enterprise,Card,0
CUST_00852,18,2852.42,42175.78,16,3,43,34.6,Free,UPI,0
CUST_00853,47,2618.9,106873.67,31,1,30,91.2,Free,Invoice,0
CUST_00854,41,3452.25,130562.62,3,3,25,80.7,Pro,Card,0
CUST_00855,49,3018.1,122679.05,23,2,82,72.0,Free,Invoice,0
CUST_00856,14,3591.68,46314.0,42,2,4,61.0,Basic,Card,0
CUST_00857,15,3461.37,49233.1,18,3,69,97.1,Enterprise,Net Banking,0
CUST_00858,31,1026.55,30348.01,26,3,34,33.3,Pro,Card,0
CUST_00859,1,4098.73,4086.28,13,2,15,31.9,Free,Net Banking,0
CUST_00860,53,1054.55,49570.55,18,1,30,28.0,Pro,Card,0
CUST_00861,54,3643.39,158670.63,3,1,81,75.5,Basic,Card,0
CUST_00862,54,2372.65,124399.58,23,2,13,80.7,Enterprise,Net Banking,0
CUST_00863,3,2812.33,6890.51,3,2,24,61.7,Free,UPI,1
CUST_00864,16,4564.84,71016.6,25,3,78,66.9,Basic,Net Banking,0
CUST_00865,23,4504.48,103244.58,27,0,89,38.2,Pro,UPI,0
CUST_00866,57,4180.35,233839.51,44,4,74,8.8,Free,Invoice,1
CUST_00867,11,2795.67,30531.02,27,3,70,29.1,Free,Card,1
CUST_00868,12,3813.08,36819.12,39,0,17,60.5,Free,UPI,0
CUST_00869,10,2808.04,22528.17,25,2,49,82.2,Basic,Invoice,0
CUST_00870,32,4413.23,118918.48,24,0,19,78.8,Enterprise,UPI,0
CUST_00871,16,2312.49,35510.32,8,2,55,22.1,Free,Invoice,1
CUST_00872,8,4866.06,31838.94,9,1,1,9.9,Free,Net Banking,1
CUST_00873,38,4695.45,169381.5,46,4,25,85.8,Basic,UPI,0
CUST_00874,12,3837.21,36952.89,37,1,22,12.2,Free,UPI,0
CUST_00875,24,1757.37,39908.6,30,0,31,42.4,Basic,Net Banking,0
CUST_00876,28,1092.44,26000.5,19,2,12,14.0,Basic,Invoice,0
CUST_00877,53,4346.17,204568.36,16,2,12,58.6,Basic,UPI,0
CUST_00878,8,1243.86,9904.12,24,1,16,39.5,Free,Card,0
CUST_00879,58,4344.17,229372.73,44,2,88,24.2,Free,Card,1
CUST_00880,28,2708.44,61800.89,21,3,57,61.5,Pro,UPI,0
CUST_00881,36,2329.51,81734.46,36,2,85,39.5,Free,Card,0
CUST_00882,26,4564.36,102620.83,40,1,26,20.8,Pro,UPI,0
CUST_00883,8,3217.33,23604.15,39,0,16,71.5,Pro,Net Banking,0
CUST_00884,58,3094.76,169148.92,47,2,89,84.5,Free,UPI,0
CUST_00885,50,3014.45,144015.75,6,2,37,31.0,Enterprise,UPI,0
CUST_00886,28,2170.26,53870.14,5,1,13,22.7,Free,Card,0
CUST_00887,28,4035.39,107863.11,14,3,13,12.1,Pro,Net Banking,0
CUST_00888,37,1637.59,49889.21,45,1,11,55.2,Basic,UPI,0
CUST_00889,41,4725.03,175348.15,42,4,68,84.0,Free,Card,0
CUST_00890,36,4522.93,130973.09,4,3,67,28.8,Enterprise,UPI,1
CUST_00891,27,2018.66,48031.72,8,4,54,48.8,Enterprise,Card,0
CUST_00892,54,3782.59,178309.31,24,3,62,20.3,Basic,UPI,1
CUST_00893,17,3079.5,52122.54,11,0,28,43.4,Basic,Net Banking,0
CUST_00894,9,2019.42,15985.99,17,3,88,6.5,Enterprise,Card,1
CUST_00895,33,4948.35,160261.26,21,1,44,91.5,Basic,Invoice,0
CUST_00896,53,613.57,28846.49,26,0,3,69.3,Free,UPI,0
CUST_00897,20,1636.91,29682.99,43,2,15,36.6,Basic,UPI,0
CUST_00898,13,2840.33,32129.42,48,3,65,88.7,Pro,Card,0
CUST_00899,28,2848.79,74023.21,44,3,22,22.4,Pro,Net Banking,0
CUST_00900,48,3150.2,143320.1,45,0,67,12.5,Enterprise,UPI,1
CUST_00901,29,3882.54,107888.6,27,0,19,94.5,Free,Net Banking,0
CUST_00902,13,3305.65,40342.96,16,3,16,34.4,Pro,Card,0
CUST_00903,46,3201.27,127524.25,26,2,51,93.9,Free,Net Banking,0
CUST_00904,35,740.82,22457.34,33,5,5,65.6,Pro,Invoice,0
CUST_00905,6,2194.39,11449.21,31,3,81,98.1,Basic,Card,0
CUST_00906,18,1544.25,22447.52,48,1,83,76.6,Free,Invoice,0
CUST_00907,51,1694.17,85418.58,47,1,38,15.0,Pro,UPI,1
CUST_00908,5,2994.52,12564.18,6,1,33,86.0,Free,Card,1
CUST_00909,47,1397.77,54648.0,44,2,53,19.0,Basic,Card,1
CUST_00910,25,1822.77,41489.48,8,0,87,70.8,Basic,Card,0
CUST_00911,2,1566.88,2536.73,7,4,81,52.5,Pro,Card,1
CUST_00912,10,4768.26,46136.19,34,0,64,72.2,Basic,Card,0
CUST_00913,56,4751.0,259468.48,44,2,86,77.7,Free,Card,0
CUST_00914,30,3244.74,85618.5,14,2,28,81.3,Free,Card,0
CUST_00915,50,4660.35,231685.51,16,1,40,84.3,Basic,Card,0
CUST_00916,59,4036.16,205950.05,43,1,62,85.5,Free,Card,0
CUST_00917,45,3154.77,120960.59,9,3,31,44.2,Pro,Invoice,0
CUST_00918,5,528.96,2639.35,10,2,65,89.5,Enterprise,Invoice,1
CUST_00919,55,3976.32,185906.31,17,5,44,73.4,Basic,Net Banking,0
CUST_00920,56,3661.2,182238.53,12,1,16,84.7,Pro,Card,0
CUST_00921,33,3268.64,99491.94,6,4,42,99.0,Basic,Card,0
CUST_00922,54,3921.91,183087.8,19,2,65,16.1,Basic,Card,1
CUST_00923,1,2808.15,2462.31,43,2,67,40.2,Free,Card,1
CUST_00924,18,3668.37,62342.97,41,2,33,81.6,Basic,Invoice,0
CUST_00925,32,4708.27,142318.58,29,4,0,13.2,Enterprise,Net Banking,0
CUST_00926,47,2191.12,98937.86,6,0,22,56.4,Pro,Card,0
CUST_00927,49,3686.55,165962.13,25,1,5,86.5,Enterprise,UPI,0
CUST_00928,11,2640.6,24593.89,24,1,15,6.8,Enterprise,Net Banking,0
CUST_00929,21,3534.8,64330.04,25,3,1,94.3,Free,Net Banking,0
CUST_00930,26,3933.02,100227.8,16,1,75,97.9,Free,Card,0
CUST_00931,25,704.54,16675.51,16,1,26,35.6,Basic,Card,0
CUST_00932,22,3409.7,61331.38,6,3,18,77.8,Pro,UPI,0
CUST_00933,59,1520.34,85279.94,37,2,27,17.1,Basic,Card,0
CUST_00934,27,3515.15,82203.72,21,6,34,78.4,Pro,Net Banking,0
CUST_00935,49,2607.49,102807.14,4,4,67,50.7,Pro,Card,0
CUST_00936,13,3980.99,46409.2,34,1,48,86.7,Basic,Card,0
CUST_00937,33,1055.3,34012.76,28,1,6,25.2,Free,Card,1
CUST_00938,34,3318.45,100288.79,38,1,36,68.9,Free,Card,0
CUST_00939,41,1753.12,71716.92,41,2,24,79.7,Basic,UPI,0
CUST_00940,35,4338.42,126883.75,28,2,40,24.2,Enterprise,Card,1
CUST_00941,1,4677.73,4070.46,17,7,80,82.7,Basic,Card,1
CUST_00942,21,4983.79,84075.54,14,3,61,96.0,Basic,Net Banking,0
CUST_00943,48,4082.03,158723.19,7,1,40,63.5,Enterprise,Card,0
CUST_00944,55,3891.8,186407.44,22,1,13,79.6,Free,Card,0
CUST_00945,6,1469.75,7986.72,1,1,53,55.6,Free,Card,0
CUST_00946,28,2012.03,47740.9,29,1,1,61.8,Basic,Card,0
CUST_00947,17,2595.57,36768.75,31,2,87,6.3,Basic,UPI,1
CUST_00948,5,3980.21,17595.21,30,2,78,54.8,Enterprise,Card,1
CUST_00949,31,4617.35,119396.31,15,1,47,59.7,Free,UPI,0
CUST_00950,5,1351.13,6256.94,18,3,50,68.7,Basic,UPI,1
CUST_00951,38,4650.65,175144.39,35,1,54,21.1,Basic,UPI,1
CUST_00952,3,3630.31,10469.55,30,0,11,27.9,Basic,Invoice,1
CUST_00953,53,3248.47,145145.75,34,2,82,76.8,Free,Card,0
CUST_00954,23,1399.29,31869.14,42,5,68,20.9,Pro,UPI,1
CUST_00955,37,749.86,26363.84,11,2,0,44.5,Basic,Net Banking,0
CUST_00956,53,3058.09,134686.55,27,2,58,28.8,Pro,Invoice,1
CUST_00957,37,3431.82,116296.79,24,1,72,56.8,Basic,UPI,0
CUST_00958,10,1448.52,14388.09,35,3,33,98.8,Basic,Card,0
CUST_00959,10,3004.05,24613.73,39,1,45,85.9,Pro,Card,0
CUST_00960,19,4354.22,70668.2,8,1,58,30.6,Free,Card,0
CUST_00961,17,4257.8,63321.63,18,2,65,40.0,Free,Invoice,0
CUST_00962,21,4673.1,80776.85,13,3,18,92.3,Basic,UPI,0
CUST_00963,14,2146.49,25839.21,45,1,27,90.3,Pro,UPI,0
CUST_00964,9,1931.22,16311.44,24,4,39,20.3,Basic,UPI,1
CUST_00965,46,3872.42,159507.29,23,3,56,83.8,Basic,Card,0
CUST_00966,1,2440.01,2157.49,12,3,50,33.3,Free,Card,1
CUST_00967,51,893.97,40412.61,49,2,21,56.7,Free,Invoice,0
CUST_00968,45,1772.61,75933.06,30,4,67,5.5,Free,Net Banking,1
CUST_00969,13,2383.62,30933.02,31,3,7,99.9,Enterprise,UPI,0
CUST_00970,4,1816.32,6667.56,28,2,59,77.3,Pro,Card,0
CUST_00971,1,1994.93,1895.8,22,3,64,28.0,Free,UPI,1
CUST_00972,49,1821.99,78074.25,44,2,35,70.0,Free,Card,0
CUST_00973,40,686.75,26704.36,28,1,70,32.9,Free,Card,0
CUST_00974,32,3366.93,95250.74,13,2,88,13.5,Free,Card,1
CUST_00975,34,3187.82,106979.53,25,4,28,45.4,Pro,UPI,0
CUST_00976,28,3440.23,91384.98,44,3,64,63.3,Basic,Card,0
CUST_00977,31,1365.39,39850.47,46,5,55,13.5,Free,Card,1
CUST_00978,8,1830.45,12564.6,7,2,81,54.2,Basic,Net Banking,0
CUST_00979,39,3288.27,123013.75,45,0,3,53.9,Free,Net Banking,0
CUST_00980,26,3198.32,68276.02,6,1,83,64.7,Basic,Card,0
CUST_00981,58,2778.49,146262.72,24,1,71,28.2,Pro,Card,1
CUST_00982,34,2076.86,66876.07,19,0,49,7.0,Basic,Net Banking,1
CUST_00983,54,4608.19,243048.81,19,0,38,35.9,Free,Net Banking,0
CUST_00984,54,2028.97,100134.25,36,4,34,42.9,Basic,UPI,0
CUST_00985,3,2550.29,6515.98,9,2,24,65.4,Pro,UPI,0
CUST_00986,59,3551.51,203205.2,48,4,77,93.4,Free,Card,0
CUST_00987,50,2943.6,140350.27,36,1,43,24.3,Free,Net Banking,1
CUST_00988,12,2060.99,20545.09,38,1,46,70.3,Basic,Net Banking,0
CUST_00989,1,2460.4,2397.6,40,1,39,14.3,Basic,UPI,1
CUST_00990,54,4075.16,218292.77,29,6,30,23.1,Free,Invoice,1
CUST_00991,44,1751.58,69944.2,24,2,68,53.4,Free,Card,0
CUST_00992,5,1140.15,4604.34,48,2,80,72.3,Free,Card,1
CUST_00993,30,1909.23,56310.23,5,3,73,86.6,Basic,Card,0
CUST_00994,30,4322.9,106933.83,42,6,42,75.7,Free,Card,1
CUST_00995,59,900.45,49228.35,45,4,54,6.5,Pro,Net Banking,1
CUST_00996,57,4962.63,248976.85,26,2,15,70.0,Basic,Net Banking,0
CUST_00997,17,2934.51,49807.19,14,1,67,83.3,Basic,Net Banking,0
CUST_00998,48,4931.81,232805.01,39,2,68,54.9,Basic,Card,0
CUST_00999,47,4725.48,212525.32,29,2,41,96.7,Pro,Net Banking,0
CUST_01000,23,2537.66,49019.15,6,1,40,5.4,Enterprise,Card,1
CUST_01001,15,1393.21,19640.89,7,0,49,82.8,Pro,Card,0
CUST_01002,37,1241.98,42021.0,37,0,83,36.8,Basic,UPI,0
CUST_01003,21,1579.95,27441.29,18,1,5,66.8,Pro,Card,0
CUST_01004,14,3695.6,49613.83,23,2,74,70.9,Basic,Invoice,0
CUST_01005,2,1728.27,2825.0,44,4,52,34.1,Basic,Card,0
CUST_01006,11,2036.41,20078.07,38,0,16,99.6,Free,UPI,0
CUST_01007,51,2519.5,113757.81,1,4,56,14.8,Basic,Net Banking,1
CUST_01008,39,4609.55,172804.38,4,5,66,19.9,Free,UPI,1
CUST_01009,38,1352.27,45503.23,44,2,15,89.8,Free,UPI,0
CUST_01010,34,522.62,16682.72,47,1,51,16.3,Free,Card,1
CUST_01011,38,770.43,26221.42,35,2,89,41.2,Enterprise,Card,0
CUST_01012,50,4571.45,209464.79,23,1,87,74.6,Free,UPI,0
CUST_01013,34,3413.82,98451.42,27,1,33,80.2,Basic,Invoice,0
CUST_01014,18,1728.68,26152.91,26,2,83,95.7,Enterprise,Invoice,0
CUST_01015,30,1297.37,36663.0,8,0,80,80.0,Basic,UPI,0
CUST_01016,15,1824.2,22559.87,43,0,19,85.2,Basic,UPI,0
CUST_01017,27,1016.59,22924.42,16,3,79,95.2,Pro,Net Banking,0
CUST_01018,51,4736.9,238728.64,41,2,55,57.6,Basic,UPI,0
CUST_01019,34,4028.93,116527.28,3,2,50,37.6,Free,Net Banking,0
CUST_01020,52,2580.76,116036.84,32,0,52,77.4,Pro,Net Banking,0
CUST_01021,57,4392.33,231995.91,5,1,48,20.5,Free,Invoice,1
CUST_01022,38,1622.56,54756.03,20,0,3,11.5,Pro,Net Banking,0
CUST_01023,33,3727.04,112144.41,14,1,17,79.6,Free,Net Banking,0
CUST_01024,24,4352.6,86590.82,32,0,35,95.3,Basic,Card,0
CUST_01025,15,2105.46,29512.7,26,2,34,47.0,Basic,Card,0
CUST_01026,30,3908.59,97478.28,47,3,29,20.3,Enterprise,Net Banking,0
CUST_01027,55,1827.83,95458.39,6,2,62,52.2,Basic,Card,0
CUST_01028,42,1844.86,70101.7,36,5,81,42.4,Enterprise,Card,0
CUST_01029,51,981.76,48229.13,40,4,20,40.4,Basic,Invoice,0
CUST_01030,17,2480.26,35187.75,5,2,51,64.7,Pro,UPI,0
CUST_01031,5,3783.7,16563.3,13,1,68,21.6,Basic,Card,1
CUST_01032,29,4730.99,132995.82,32,2,40,41.1,Free,UPI,0
CUST_01033,4,3217.09,12350.31,16,1,53,87.5,Pro,Card,1
CUST_01034,10,4384.11,43540.82,1,2,86,74.3,Free,Net Banking,0
CUST_01035,56,4201.23,198659.18,13,3,29,10.3,Basic,Net Banking,0
CUST_01036,17,1280.04,19754.47,11,2,55,53.8,Pro,Net Banking,0
CUST_01037,10,2686.18,21585.52,8,0,78,13.7,Enterprise,Card,1
CUST_01038,17,1026.16,17323.43,25,3,40,96.0,Basic,Card,0
CUST_01039,20,3569.69,59615.64,40,7,13,28.2,Basic,Card,1
CUST_01040,24,4774.55,112405.3,32,2,20,93.6,Basic,Card,0
CUST_01041,5,1116.9,5225.23,24,2,89,84.2,Pro,Net Banking,1
CUST_01042,34,3802.47,127651.08,28,2,24,57.4,Enterprise,UPI,0
CUST_01043,6,3345.07,17052.75,14,2,49,36.9,Basic,Card,0
CUST_01044,53,3126.22,143989.76,45,2,52,86.5,Basic,Card,0
CUST_01045,2,2255.54,3757.19,3,1,47,19.5,Free,Card,1
CUST_01046,13,2098.09,24124.53,36,1,69,22.1,Free,Net Banking,1
CUST_01047,43,703.62,29937.97,27,3,47,26.3,Pro,Card,1
CUST_01048,43,1480.59,58204.96,20,3,3,61.8,Enterprise,Card,0
CUST_01049,48,568.3,24092.97,47,2,23,34.9,Pro,Card,0
CUST_01050,11,3116.38,29651.44,15,2,30,99.0,Enterprise,UPI,0
CUST_01051,51,976.34,45658.12,27,2,82,23.5,Basic,Card,1
CUST_01052,47,4428.59,196621.62,45,0,74,81.5,Basic,Net Banking,0
CUST_01053,57,2854.14,143384.54,41,3,28,14.1,Basic,Net Banking,0
CUST_01054,23,3648.6,71009.54,28,2,4,38.6,Basic,Card,0
CUST_01055,55,2348.86,118464.86,25,2,81,28.2,Basic,Card,1
CUST_01056,16,3022.61,42225.26,42,1,66,97.8,Basic,Invoice,0
CUST_01057,31,4741.97,146834.21,44,3,74,7.4,Basic,Net Banking,1
CUST_01058,11,872.3,8522.63,46,5,84,73.6,Pro,Card,0
CUST_01059,54,1642.72,78673.93,33,0,82,28.5,Pro,Card,1
CUST_01060,16,4009.95,62099.27,46,0,52,82.1,Pro,Card,0
CUST_01061,8,944.32,6422.92,14,1,88,34.6,Basic,UPI,0
CUST_01062,4,840.47,2733.87,8,2,63,22.8,Basic,Invoice,1
CUST_01063,40,2126.94,82590.25,48,2,34,70.8,Free,UPI,0
CUST_01064,4,914.76,3358.3,14,1,11,29.5,Free,Card,1
CUST_01065,56,3132.85,149480.04,1,5,46,51.1,Basic,UPI,0
CUST_01066,25,1518.24,32966.75,16,0,89,17.5,Free,Invoice,1
CUST_01067,3,4530.64,12030.62,18,1,54,73.8,Basic,Card,0
CUST_01068,32,4025.75,120589.34,7,2,68,43.6,Basic,Invoice,0
CUST_01069,3,3648.67,9781.75,15,2,82,18.4,Free,UPI,1
CUST_01070,27,3276.25,77769.74,24,3,37,75.5,Basic,Card,0
CUST_01071,29,4385.6,121598.24,49,0,28,14.8,Free,Card,0
CUST_01072,32,1503.78,39188.25,13,2,11,59.6,Free,Card,0
CUST_01073,50,4428.99,206060.39,9,0,18,62.7,Free,UPI,0
CUST_01074,58,4052.72,209150.79,15,1,8,93.4,Free,UPI,0
CUST_01075,51,3866.72,170968.98,35,4,81,19.3,Basic,UPI,1
CUST_01076,19,3025.65,56654.65,24,6,28,67.1,Basic,Card,0
CUST_01077,21,1608.1,32270.23,33,0,2,41.2,Basic,Invoice,0
CUST_01078,5,2405.97,10151.41,16,3,86,43.1,Free,Card,1
CUST_01079,18,4071.07,68183.95,8,0,29,52.7,Free,Card,0
CUST_01080,28,643.0,17364.09,29,0,57,27.2,Pro,Card,1
CUST_01081,42,4019.23,168447.75,23,1,87,48.8,Basic,Card,0
CUST_01082,22,1580.32,32670.07,45,4,52,70.3,Basic,Invoice,0
CUST_01083,21,1149.39,22644.02,31,3,3,48.4,Basic,Card,0
CUST_01084,6,1020.66,5650.32,40,0,56,9.0,Enterprise,Card,1
CUST_01085,1,622.63,503.09,49,0,53,29.5,Basic,UPI,1
CUST_01086,5,2856.14,13095.56,14,0,27,38.4,Basic,UPI,0
CUST_01087,41,1482.17,58399.56,30,2,15,38.7,Free,Card,0
CUST_01088,12,4952.44,52243.31,39,4,12,12.7,Basic,Card,0
CUST_01089,26,3084.97,73583.61,27,2,71,47.7,Basic,Card,0
CUST_01090,46,1120.48,50784.29,47,3,55,70.7,Free,Net Banking,0
CUST_01091,34,3599.43,102115.22,16,0,52,9.6,Free,UPI,1
CUST_01092,49,4539.85,190440.64,6,3,47,76.3,Enterprise,Invoice,0
CUST_01093,14,3853.31,44347.32,33,5,24,95.7,Pro,Card,0
CUST_01094,26,843.98,19750.21,44,2,65,5.9,Pro,UPI,1
CUST_01095,45,4531.48,197376.97,18,4,29,23.4,Pro,Net Banking,0
CUST_01096,27,4072.68,97541.39,16,2,2,56.6,Free,Card,0
CUST_01097,9,1212.37,8881.47,12,3,22,25.7,Pro,UPI,0
CUST_01098,26,733.04,16251.79,20,1,28,77.6,Free,UPI,0
CUST_01099,57,3007.9,167668.33,45,1,40,34.7,Basic,UPI,0
CUST_01100,47,1202.16,51501.41,40,1,10,32.9,Pro,UPI,0
CUST_01101,57,4255.66,238403.83,29,5,20,5.1,Free,UPI,1
CUST_01102,22,2112.51,44936.31,30,2,23,30.7,Pro,Net Banking,0
CUST_01103,47,4608.02,191206.75,26,3,64,25.7,Basic,Invoice,1
CUST_01104,56,3045.6,158053.52,22,0,0,37.6,Basic,UPI,0
CUST_01105,30,1322.03,36999.06,33,1,53,19.0,Enterprise,Card,1
CUST_01106,43,1128.19,46055.49,39,3,71,61.5,Pro,Net Banking,0
CUST_01107,48,3094.13,128704.91,47,2,33,27.7,Free,Card,1
CUST_01108,17,3928.48,57287.31,29,1,79,84.0,Basic,Card,0
CUST_01109,26,4016.78,97848.2,22,1,67,32.0,Basic,UPI,0
CUST_01110,36,1740.91,60400.93,45,1,82,25.0,Free,UPI,1
CUST_01111,1,1419.11,1252.86,13,1,28,10.4,Pro,Net Banking,1
CUST_01112,8,575.4,3978.15,9,1,2,75.3,Free,Invoice,0
CUST_01113,49,3556.4,168183.08,24,2,10,53.3,Free,Net Banking,0
CUST_01114,35,844.56,27708.88,15,2,7,15.8,Free,Invoice,1
CUST_01115,52,2393.43,108118.22,36,0,61,26.0,Basic,UPI,1
CUST_01116,15,3207.57,43587.66,13,1,32,99.9,Free,Card,0
CUST_01117,47,4716.99,219963.18,27,1,7,81.6,Basic,UPI,0
CUST_01118,56,1903.11,101242.71,44,4,24,38.2,Basic,UPI,0
CUST_01119,22,1623.97,30165.77,37,1,87,56.5,Basic,UPI,0
CUST_01120,14,3443.72,41414.48,7,1,25,44.5,Free,UPI,0
CUST_01121,26,3286.58,72893.54,8,0,25,8.5,Basic,Net Banking,0
CUST_01122,28,1994.49,54151.91,37,0,16,79.0,Basic,Card,0
CUST_01123,23,4676.46,99844.89,41,1,28,73.1,Basic,Card,0
CUST_01124,14,4301.88,59503.57,14,4,42,43.8,Free,UPI,0
CUST_01125,24,1507.92,29610.25,12,1,72,85.4,Free,Invoice,0
CUST_01126,2,1576.14,2554.61,36,1,77,55.8,Free,Card,1
CUST_01127,45,2805.35,118065.45,40,1,4,11.2,Pro,Invoice,0
CUST_01128,26,3981.07,88325.79,17,1,49,29.6,Free,Invoice,1
CUST_01129,14,698.18,9147.33,40,1,55,48.9,Basic,Card,0
CUST_01130,59,3620.01,201768.31,29,0,62,14.8,Basic,Net Banking,1
CUST_01131,56,3417.06,164737.11,27,1,56,59.3,Enterprise,Card,0
CUST_01132,51,1541.66,77880.37,1,1,44,16.5,Pro,UPI,1
CUST_01133,7,3566.09,23838.02,34,3,36,24.0,Enterprise,UPI,1
CUST_01134,3,4730.82,12396.7,4,5,71,89.9,Pro,Invoice,1
CUST_01135,47,710.54,29468.88,24,7,78,100.0,Basic,UPI,0
CUST_01136,23,1938.43,42050.38,21,5,35,57.3,Pro,UPI,0
CUST_01137,46,2471.8,97876.21,33,0,32,63.9,Basic,UPI,0
CUST_01138,43,4546.67,167955.02,7,3,5,80.8,Basic,Card,0
CUST_01139,47,4830.18,209987.97,1,4,75,71.1,Basic,UPI,0
CUST_01140,45,2498.52,92977.8,41,1,70,22.3,Basic,Invoice,1
CUST_01141,18,3875.13,69659.47,3,1,44,44.1,Pro,Card,0
CUST_01142,58,2892.47,143848.18,44,4,6,55.8,Free,UPI,0
CUST_01143,38,2920.02,97261.87,15,1,64,39.2,Free,Card,0
CUST_01144,35,1751.45,51790.12,31,0,23,21.7,Pro,Net Banking,0
CUST_01145,51,1476.3,69922.97,16,1,44,74.9,Basic,Card,0
CUST_01146,15,1796.02,21878.16,10,2,60,23.9,Pro,Card,1
CUST_01147,25,3003.48,74002.87,29,0,18,29.7,Enterprise,Net Banking,0
CUST_01148,55,631.2,29883.43,6,3,31,32.2,Free,UPI,0
CUST_01149,37,4582.62,167094.13,29,2,29,20.4,Free,UPI,0
CUST_01150,28,1203.28,28661.91,17,5,64,85.7,Basic,Net Banking,0
CUST_01151,10,1490.4,13454.7,22,3,31,63.0,Pro,Card,0
CUST_01152,39,2832.24,103723.25,24,3,56,84.3,Free,Card,0
CUST_01153,57,3695.52,194325.03,17,1,19,51.9,Free,Card,0
CUST_01154,17,930.78,14280.47,21,2,84,54.4,Free,UPI,0
CUST_01155,39,1929.63,72072.75,11,4,82,63.5,Basic,Card,0
CUST_01156,22,4859.04,95578.16,7,2,29,40.2,Basic,UPI,0
CUST_01157,26,1680.54,37866.78,42,1,86,52.2,Pro,Card,0
CUST_01158,44,1908.73,79257.37,39,2,58,57.0,Pro,Card,0
CUST_01159,25,4264.24,105268.55,5,5,89,95.6,Pro,Card,0
CUST_01160,17,725.96,11357.43,44,3,61,88.9,Basic,UPI,0
CUST_01161,13,2590.76,28828.02,48,1,66,17.3,Basic,Card,1
CUST_01162,20,2208.28,42070.46,21,4,30,8.9,Basic,Card,0
CUST_01163,25,1924.64,45824.95,18,0,65,69.6,Basic,Net Banking,0
CUST_01164,4,1785.65,6095.3,35,2,53,9.7,Free,Card,1
CUST_01165,10,911.18,7990.37,20,2,9,10.7,Pro,Invoice,0
CUST_01166,3,1916.72,4762.22,15,2,37,20.1,Basic,UPI,1
CUST_01167,41,693.74,23207.87,5,5,82,38.4,Free,Card,1
CUST_01168,45,4014.34,173685.5,13,1,30,46.3,Free,Invoice,0
CUST_01169,18,2292.03,36079.47,12,1,28,54.3,Free,UPI,0
CUST_01170,47,2497.57,100513.04,21,1,24,99.3,Free,UPI,0
CUST_01171,36,4521.18,138546.4,37,1,31,41.6,Basic,Card,0
CUST_01172,47,3461.25,132576.86,6,2,16,28.1,Basic,Card,0
CUST_01173,22,536.27,11762.22,7,3,44,59.6,Free,Net Banking,0
CUST_01174,34,4744.29,140886.01,26,3,48,25.4,Basic,Card,1
CUST_01175,47,1567.15,61344.43,42,2,86,94.4,Enterprise,UPI,0
CUST_01176,8,984.26,7660.13,48,1,17,29.6,Free,UPI,1
CUST_01177,40,3956.58,149499.21,8,1,74,99.0,Free,Card,0
CUST_01178,49,2752.15,125755.87,9,4,51,44.8,Basic,Net Banking,0
CUST_01179,44,2451.97,92722.45,27,2,19,82.2,Basic,Card,0
CUST_01180,19,1622.76,27227.87,4,1,61,66.6,Basic,Card,0
CUST_01181,42,2963.62,120516.0,21,1,12,93.7,Basic,Invoice,0
CUST_01182,41,1734.73,66001.55,31,5,87,64.4,Pro,Card,1
CUST_01183,37,4557.12,146547.07,21,1,42,60.2,Pro,Net Banking,0
CUST_01184,6,1468.42,7240.98,40,2,83,67.0,Enterprise,UPI,0
CUST_01185,52,4479.6,228293.01,25,4,20,79.7,Basic,UPI,0
CUST_01186,26,3017.32,77752.7,39,2,5,90.4,Enterprise,UPI,0
CUST_01187,34,4228.2,135673.66,15,2,70,30.3,Pro,Card,0
CUST_01188,59,3707.81,205258.52,35,1,52,24.1,Pro,UPI,1
CUST_01189,56,3635.13,184745.86,49,1,86,8.3,Basic,Invoice,1
CUST_01190,59,1959.56,114955.28,43,1,51,40.2,Enterprise,Card,0
CUST_01191,45,1552.54,65590.71,41,2,68,85.4,Enterprise,Card,0
CUST_01192,6,1448.99,7088.58,37,2,85,11.6,Free,UPI,1
CUST_01193,37,4357.36,131935.62,42,0,8,56.2,Basic,Card,0
CUST_01194,57,4191.92,237198.65,47,3,73,71.0,Enterprise,Net Banking,0
CUST_01195,33,2482.58,80995.77,28,3,45,84.5,Basic,UPI,0
CUST_01196,53,1095.82,52942.42,14,1,74,60.4,Free,Card,0
CUST_01197,22,2220.14,41166.32,4,3,70,22.7,Free,UPI,1
CUST_01198,21,3287.05,63278.09,20,4,29,96.6,Basic,Card,0
CUST_01199,6,2544.81,14546.78,34,4,42,14.0,Pro,Card,1
CUST_01200,6,4010.85,19291.94,12,2,58,78.1,Free,Net Banking,0
CUST_01201,55,4989.3,264687.05,33,1,37,13.2,Pro,Card,1
CUST_01202,48,1360.09,58296.25,24,0,33,18.6,Pro,UPI,1
CUST_01203,4,2568.43,9170.66,20,3,45,90.3,Free,UPI,1
CUST_01204,30,2439.43,64903.09,5,2,31,76.5,Free,UPI,0
CUST_01205,11,1870.22,19304.53,38,0,15,39.7,Pro,Card,0
CUST_01206,30,1391.43,35143.03,30,5,38,65.7,Enterprise,Net Banking,0
CUST_01207,31,795.61,22723.65,24,4,0,48.4,Free,Invoice,0
CUST_01208,24,4492.04,87197.97,43,1,56,11.3,Pro,UPI,1
CUST_01209,55,2389.32,126454.39,40,4,86,73.5,Basic,Card,0
CUST_01210,9,2736.03,23715.36,7,3,19,77.5,Free,Net Banking,0
CUST_01211,55,4626.24,219425.71,36,4,81,88.8,Pro,Invoice,0
CUST_01212,3,3993.31,9836.53,38,3,81,56.4,Basic,Net Banking,0
CUST_01213,51,1087.26,52652.78,16,1,41,68.9,Pro,Card,0
CUST_01214,31,3044.39,84376.27,15,3,84,46.6,Basic,Card,0
CUST_01215,40,2490.14,98110.86,46,2,71,35.3,Pro,Card,0
CUST_01216,37,4087.45,131680.42,23,2,33,44.1,Free,Card,0
CUST_01217,36,3759.05,131036.22,12,2,49,91.6,Basic,Card,0
CUST_01218,24,3606.83,69689.55,29,1,10,20.6,Basic,Invoice,0
CUST_01219,31,2032.45,60142.88,44,5,42,28.6,Free,UPI,1
CUST_01220,6,4122.34,23142.4,48,4,9,62.6,Pro,Card,0
CUST_01221,2,735.76,1332.1,15,1,7,16.0,Free,UPI,1
CUST_01222,20,1218.31,23929.68,29,3,71,89.7,Basic,Card,0
CUST_01223,28,2010.3,55635.58,45,3,18,9.5,Pro,UPI,0
CUST_01224,11,845.63,9171.12,43,4,64,76.8,Basic,Card,0
CUST_01225,4,1557.47,5728.75,49,1,54,40.5,Basic,Card,0
CUST_01226,15,4235.68,57428.15,21,1,51,9.9,Pro,Card,1
CUST_01227,6,4767.13,24420.89,15,2,2,85.1,Basic,UPI,0
CUST_01228,54,1870.71,84089.09,14,1,52,65.8,Free,UPI,0
CUST_01229,49,1690.32,75488.89,42,1,43,5.8,Basic,UPI,1
CUST_01230,30,1759.52,43796.18,44,0,47,30.4,Basic,Net Banking,0
CUST_01231,56,1749.74,81761.32,16,2,53,38.4,Pro,UPI,0
CUST_01232,38,661.69,21909.38,15,2,15,35.6,Basic,UPI,0
CUST_01233,51,4671.12,199479.34,42,1,29,52.3,Free,Invoice,0
CUST_01234,57,1461.64,75010.93,4,1,27,55.0,Basic,Card,0
CUST_01235,2,2390.02,4458.58,27,3,15,42.7,Basic,Card,0
CUST_01236,15,543.59,7661.2,23,2,50,36.5,Free,Invoice,0
CUST_01237,11,4360.8,43486.38,29,1,32,52.9,Enterprise,Net Banking,0
CUST_01238,8,3790.21,27421.71,41,1,24,8.2,Basic,Card,0
CUST_01239,26,4760.4,110769.83,9,1,17,66.3,Basic,Invoice,0
CUST_01240,51,4017.27,173954.64,43,2,25,62.6,Pro,Card,0
CUST_01241,45,1911.68,80076.81,43,4,5,31.5,Free,Net Banking,0
CUST_01242,44,1615.43,66203.32,7,1,37,22.1,Basic,Card,1
CUST_01243,5,3639.72,15489.94,42,0,43,11.9,Pro,Card,1
CUST_01244,6,2138.51,12062.66,4,1,66,60.8,Free,UPI,0
CUST_01245,26,3047.97,76996.68,5,2,42,59.0,Pro,Net Banking,0
CUST_01246,54,528.16,26208.81,5,0,5,55.7,Pro,Net Banking,0
CUST_01247,4,778.49,2564.37,11,3,77,98.6,Basic,Invoice,0
CUST_01248,19,2909.16,47837.04,41,1,63,55.5,Free,UPI,0
CUST_01249,20,3047.32,49888.14,28,1,81,73.6,Enterprise,UPI,0
CUST_01250,33,3881.54,110210.14,16,7,79,15.7,Basic,Card,1
CUST_01251,20,1093.84,18428.77,41,1,87,33.4,Basic,Card,0
CUST_01252,49,2809.32,125395.02,30,1,12,31.2,Pro,UPI,0
CUST_01253,12,1375.01,14597.8,4,0,64,59.7,Basic,Net Banking,0
CUST_01254,47,919.38,40814.25,2,5,37,36.4,Basic,Net Banking,0
CUST_01255,1,2347.23,2048.21,46,1,63,65.9,Pro,Card,1
CUST_01256,26,1235.01,26681.83,3,2,13,70.6,Basic,Net Banking,0
CUST_01257,14,1498.02,17767.82,21,0,16,8.2,Pro,Net Banking,0
CUST_01258,38,1929.0,66643.0,6,2,76,65.8,Free,Card,0
CUST_01259,37,1667.25,54900.75,43,2,12,16.1,Pro,UPI,0
CUST_01260,11,894.16,7952.43,18,4,72,49.2,Basic,UPI,0
CUST_01261,36,904.62,27420.49,44,2,5,74.0,Free,Invoice,0
CUST_01262,13,1369.62,15300.73,5,2,5,71.8,Free,Card,0
CUST_01263,43,727.52,29565.02,9,2,36,33.5,Basic,UPI,0
CUST_01264,3,3319.06,9420.34,20,0,56,30.9,Pro,Card,1
CUST_01265,33,1792.97,55594.12,28,5,52,46.8,Basic,Net Banking,0
CUST_01266,6,1758.86,10170.0,26,1,45,22.9,Pro,Card,1
CUST_01267,50,1993.99,97184.67,18,6,77,97.6,Basic,UPI,0
CUST_01268,56,3482.58,158793.15,19,3,3,37.8,Pro,Net Banking,0
CUST_01269,10,4417.85,39699.31,3,3,33,92.7,Free,UPI,0
CUST_01270,5,3915.89,16246.87,9,2,65,91.3,Basic,UPI,0
CUST_01271,23,3773.88,75585.82,36,1,62,39.7,Free,Card,0
CUST_01272,10,2679.76,24992.5,31,5,60,29.1,Enterprise,Card,1
CUST_01273,44,3622.13,146676.69,49,0,80,78.2,Basic,Invoice,0
CUST_01274,2,2987.43,4933.51,17,2,41,26.8,Basic,UPI,1
CUST_01275,13,1473.13,18220.28,23,3,77,54.5,Basic,Net Banking,0
CUST_01276,40,1438.65,55094.73,34,1,63,15.5,Basic,UPI,1
CUST_01277,2,1833.76,3036.11,41,2,16,41.7,Pro,Card,0
CUST_01278,20,4598.61,84902.46,41,1,60,12.4,Basic,Card,1
CUST_01279,1,2963.37,2930.91,5,2,29,31.9,Basic,Card,0
CUST_01280,37,3802.57,115199.48,15,1,42,68.2,Enterprise,Net Banking,0
CUST_01281,9,2059.51,15438.69,47,1,6,99.2,Enterprise,UPI,0
CUST_01282,17,2334.72,37828.96,3,4,72,29.2,Free,UPI,1
CUST_01283,9,1065.05,8314.28,19,3,45,50.0,Pro,Net Banking,0
CUST_01284,11,1270.83,13854.92,28,3,22,47.6,Basic,UPI,0
CUST_01285,15,4223.1,58587.44,3,1,35,22.5,Pro,Invoice,1
CUST_01286,24,3131.77,67393.69,38,1,13,63.0,Basic,Card,0
CUST_01287,38,2018.9,66555.55,4,3,19,73.8,Basic,Invoice,0
CUST_01288,55,4112.83,191782.79,24,5,55,19.0,Enterprise,Net Banking,1
CUST_01289,35,1609.34,52384.25,31,1,80,76.9,Basic,Card,0
CUST_01290,30,4892.15,134789.37,45,5,31,71.5,Basic,UPI,1
CUST_01291,31,2051.68,55434.46,45,1,24,23.7,Pro,Net Banking,0
CUST_01292,49,2017.9,97251.1,11,2,48,66.7,Free,UPI,0
CUST_01293,5,1903.6,9064.57,37,2,56,42.4,Basic,Card,1
CUST_01294,44,1049.5,39344.28,1,1,26,69.7,Free,Invoice,0
CUST_01295,50,1000.12,49439.59,9,2,26,52.1,Pro,UPI,0
CUST_01296,14,3416.47,45492.04,17,2,45,9.6,Pro,UPI,1
CUST_01297,53,4438.03,230375.18,1,2,44,79.8,Free,Card,0
CUST_01298,56,4057.34,187958.97,3,2,25,57.8,Free,Card,0
CUST_01299,11,1134.98,10070.22,47,3,13,73.9,Basic,Net Banking,0
CUST_01300,9,2955.12,23898.8,26,0,47,17.0,Pro,UPI,1
CUST_01301,34,975.16,29496.09,31,4,84,73.5,Basic,Invoice,0
CUST_01302,12,703.83,8226.03,26,1,14,44.3,Basic,UPI,0
CUST_01303,35,3453.74,100866.54,23,0,88,80.9,Basic,Invoice,0
CUST_01304,35,2908.19,81909.39,30,1,50,61.9,Basic,Card,0
CUST_01305,1,869.11,787.28,10,0,53,38.7,Free,Card,1
CUST_01306,40,657.23,21964.97,8,1,10,24.2,Free,Card,0
CUST_01307,22,4953.9,88267.8,44,1,74,82.5,Free,Card,0
CUST_01308,29,635.1,14816.12,25,2,27,58.2,Basic,UPI,0
CUST_01309,8,2500.38,16572.25,22,2,54,98.8,Free,Net Banking,0
CUST_01310,11,2770.79,26674.08,15,0,68,40.5,Basic,UPI,0
CUST_01311,41,1027.76,41160.29,41,2,71,70.1,Basic,Card,0
CUST_01312,37,1260.78,44415.08,10,2,25,64.2,Pro,Card,0
CUST_01313,14,2083.12,26423.28,20,3,69,65.6,Basic,Card,0
CUST_01314,30,3927.54,104402.14,41,5,31,75.0,Free,Net Banking,1
CUST_01315,35,2781.87,86768.18,47,2,47,18.2,Enterprise,Card,1
CUST_01316,21,3370.56,69148.75,23,1,11,57.2,Free,Invoice,0
CUST_01317,37,4933.29,172479.02,1,2,69,53.4,Basic,UPI,0
CUST_01318,5,3956.02,16504.56,2,0,76,37.5,Enterprise,Net Banking,0
CUST_01319,19,2454.63,46075.81,19,5,60,46.4,Basic,Card,0
CUST_01320,59,2508.99,141307.31,14,1,33,54.3,Pro,Invoice,0
CUST_01321,14,3284.47,37100.18,8,1,86,35.5,Basic,UPI,0
CUST_01322,26,3494.14,81803.89,38,1,80,32.9,Free,Card,0
CUST_01323,4,2753.2,10248.03,12,2,44,75.1,Basic,Card,0
CUST_01324,25,3401.88,69074.99,26,1,59,11.4,Basic,Net Banking,1
CUST_01325,45,605.9,23737.67,27,3,64,34.7,Free,Card,0
CUST_01326,42,2433.3,95010.0,29,4,70,67.1,Free,Card,0
CUST_01327,25,1755.22,42266.47,15,2,12,24.8,Basic,Card,0
CUST_01328,18,1081.29,19374.23,46,2,77,59.4,Basic,Card,0
CUST_01329,40,947.96,31257.13,1,2,80,33.7,Enterprise,Card,0
CUST_01330,8,3214.36,23824.33,43,2,47,85.1,Pro,UPI,0
CUST_01331,39,2856.2,109003.33,28,1,48,38.2,Pro,UPI,0
CUST_01332,40,1641.13,61928.6,3,2,57,26.8,Basic,Net Banking,1
CUST_01333,14,2619.28,33973.94,18,2,88,55.4,Free,Card,0
CUST_01334,32,2715.05,73231.14,34,2,72,17.9,Free,Card,1
CUST_01335,51,1377.54,67659.3,32,5,69,80.8,Basic,Card,0
CUST_01336,38,3434.42,119088.29,29,2,60,69.6,Pro,Net Banking,0
CUST_01337,33,4014.14,108925.08,25,3,25,78.2,Enterprise,Card,0
CUST_01338,23,4061.59,92213.4,26,0,38,42.9,Pro,Net Banking,0
CUST_01339,15,3211.11,48054.81,39,2,57,84.3,Free,Card,0
CUST_01340,33,2802.37,83927.17,8,2,26,51.9,Pro,UPI,0
CUST_01341,25,774.53,18497.63,19,1,39,14.0,Basic,UPI,1
CUST_01342,17,1795.24,27975.7,47,2,30,26.3,Free,Card,0
CUST_01343,33,919.72,26843.46,42,1,2,72.6,Basic,UPI,0
CUST_01344,47,4837.2,200480.73,22,2,87,90.2,Basic,UPI,0
CUST_01345,55,1107.86,60497.42,29,4,14,14.0,Pro,Net Banking,0
CUST_01346,2,1182.99,2067.29,33,3,53,87.1,Basic,Net Banking,1
CUST_01347,14,4503.09,56618.57,38,1,69,80.9,Free,Card,0
CUST_01348,53,4747.68,213807.03,45,3,10,38.9,Free,UPI,0
CUST_01349,40,3946.23,134275.43,46,3,29,70.5,Free,Card,0
CUST_01350,40,524.32,18272.46,35,4,34,22.8,Enterprise,Card,1
CUST_01351,51,506.06,25420.78,43,3,42,82.3,Enterprise,Card,0
CUST_01352,39,2201.45,75494.32,3,1,60,67.4,Enterprise,Card,0
CUST_01353,51,1145.28,53179.19,19,2,39,46.7,Basic,Card,0
CUST_01354,6,582.74,3178.79,10,2,86,87.1,Free,UPI,0
CUST_01355,6,2588.3,14235.08,27,2,41,18.2,Enterprise,UPI,1
CUST_01356,3,4743.78,13719.14,15,3,41,85.3,Enterprise,Net Banking,0
CUST_01357,7,1957.19,13429.62,11,2,2,7.3,Free,UPI,0
CUST_01358,51,3475.13,149184.61,47,0,89,76.6,Pro,Net Banking,0
CUST_01359,8,3435.06,26713.48,26,1,77,59.5,Free,Card,0
CUST_01360,42,1629.86,62261.86,24,1,82,71.2,Enterprise,Card,0
CUST_01361,52,3426.91,175507.42,13,1,84,44.2,Free,Invoice,0
CUST_01362,15,1455.5,21466.4,32,1,20,87.1,Pro,UPI,0
CUST_01363,47,1049.03,43283.68,37,3,72,34.7,Free,Card,0
CUST_01364,29,3656.22,98648.05,4,0,76,31.1,Basic,Card,0
CUST_01365,33,1010.48,32488.26,13,2,52,33.7,Basic,Card,0
CUST_01366,52,4986.09,227370.55,9,1,43,78.6,Basic,Invoice,0
CUST_01367,30,1325.54,32161.51,49,2,45,52.1,Basic,UPI,0
CUST_01368,39,3173.64,107924.39,34,1,36,56.0,Pro,UPI,0
CUST_01369,27,2351.19,55425.03,37,1,37,84.0,Free,Invoice,0
CUST_01370,36,1068.74,36987.56,48,1,87,84.2,Pro,UPI,0
CUST_01371,29,625.3,15629.88,7,2,37,20.4,Free,Net Banking,1
CUST_01372,38,3302.3,122826.66,1,2,10,57.2,Free,UPI,0
CUST_01373,57,4130.41,214180.4,12,2,44,17.0,Basic,UPI,1
CUST_01374,33,4289.07,129824.22,21,2,63,87.5,Free,Card,0
CUST_01375,37,2672.21,95055.47,11,1,43,84.5,Enterprise,Net Banking,0
CUST_01376,27,3998.55,89274.45,44,1,80,85.7,Pro,Card,0
CUST_01377,55,3527.81,155919.88,44,2,61,72.0,Pro,Net Banking,0
CUST_01378,33,3759.15,100646.19,44,2,89,49.4,Free,Card,0
CUST_01379,4,2716.7,8760.08,14,3,60,43.4,Free,Card,1
CUST_01380,22,3350.35,69283.69,34,2,89,42.5,Enterprise,Invoice,0
CUST_01381,2,4124.87,7003.98,34,1,11,11.3,Free,UPI,1
CUST_01382,10,2290.48,22251.66,25,2,81,95.1,Pro,Card,0
CUST_01383,5,4126.91,20151.19,4,2,8,47.8,Free,Invoice,1
CUST_01384,59,3164.08,162639.49,26,2,66,93.4,Basic,UPI,0
CUST_01385,10,1246.55,10458.12,16,2,73,88.5,Pro,Card,0
CUST_01386,33,611.08,18144.28,10,2,1,83.7,Enterprise,Card,0
CUST_01387,54,2132.39,110907.16,45,1,7,60.9,Free,UPI,0
CUST_01388,38,2960.13,105395.96,2,0,42,14.6,Free,Card,1
CUST_01389,13,4279.19,44789.98,35,1,17,35.8,Pro,Invoice,0
CUST_01390,31,1073.69,26675.11,19,5,51,62.3,Free,Card,1
CUST_01391,47,4100.93,158581.95,6,4,38,6.3,Free,Card,1
CUST_01392,36,4383.54,136875.03,19,3,30,9.0,Free,Card,1
CUST_01393,45,1178.09,48103.7,8,2,13,69.4,Basic,Card,0
CUST_01394,24,4332.17,100178.87,14,2,63,89.4,Pro,UPI,0
CUST_01395,52,4961.54,213768.17,10,2,43,86.2,Enterprise,Net Banking,0
CUST_01396,56,3770.77,175370.08,3,2,59,21.0,Free,Card,1
CUST_01397,15,4031.46,58822.59,38,0,1,91.6,Free,Card,0
CUST_01398,29,4974.87,142079.03,29,1,31,71.1,Basic,Net Banking,0
CUST_01399,8,3224.67,23482.25,15,1,35,73.1,Free,Card,0
CUST_01400,5,1885.49,9021.87,23,0,54,33.9,Basic,UPI,1
CUST_01401,29,4268.89,107522.63,23,4,86,73.0,Basic,Card,0
CUST_01402,47,3265.19,151814.71,18,2,62,72.4,Free,Card,0
CUST_01403,4,3115.38,12224.45,46,0,68,61.5,Basic,Card,1
CUST_01404,12,1641.36,19103.87,19,2,79,38.9,Enterprise,Card,0
CUST_01405,45,3903.5,140982.06,28,0,39,82.0,Pro,UPI,0
CUST_01406,2,867.5,1569.58,26,3,23,94.1,Basic,Card,0
CUST_01407,27,4659.29,101311.48,10,2,57,87.6,Basic,Card,0
CUST_01408,31,1966.21,57020.41,47,1,27,28.1,Basic,UPI,0
CUST_01409,51,1074.99,45871.03,4,1,61,47.3,Pro,Net Banking,0
CUST_01410,51,2490.65,117864.27,2,3,24,37.5,Enterprise,Net Banking,0
CUST_01411,36,691.11,20391.41,3,3,6,72.2,Pro,Card,0
CUST_01412,36,3580.82,122634.62,7,3,37,84.0,Basic,Card,0
CUST_01413,26,4562.17,112126.87,16,0,70,25.5,Free,Net Banking,1
CUST_01414,43,4267.68,146977.38,31,0,85,95.0,Enterprise,UPI,0
CUST_01415,27,1073.16,27770.25,10,3,85,69.3,Pro,Net Banking,0
CUST_01416,5,1068.22,4447.84,19,3,44,25.8,Pro,Card,1
CUST_01417,20,4160.46,68386.15,28,1,31,40.3,Basic,Card,0
CUST_01418,11,4659.14,46128.02,17,4,31,14.9,Basic,Net Banking,1
CUST_01419,10,2573.01,23620.7,28,0,0,61.7,Free,Net Banking,0
CUST_01420,40,2745.37,90116.35,19,1,73,21.1,Enterprise,Card,1
CUST_01421,38,1932.18,63213.37,37,3,44,70.8,Enterprise,Invoice,0
CUST_01422,6,4524.19,23930.04,23,2,63,75.0,Free,Card,0
CUST_01423,8,3402.06,26909.57,20,2,67,50.5,Pro,Net Banking,0
CUST_01424,23,1797.13,35144.82,13,1,6,13.9,Free,UPI,1
CUST_01425,47,1844.52,73870.42,13,4,37,63.0,Basic,UPI,0
CUST_01426,26,4510.4,109281.83,43,2,69,40.4,Basic,UPI,0
CUST_01427,46,561.35,24413.0,11,2,52,95.2,Basic,Card,0
CUST_01428,43,1952.27,67339.79,48,1,74,53.8,Basic,Card,0
CUST_01429,12,2994.61,29711.54,15,4,72,11.9,Basic,UPI,1
CUST_01430,26,1166.98,26443.76,17,5,29,65.4,Pro,Card,0
CUST_01431,13,914.44,11012.81,28,2,21,79.0,Basic,UPI,0
CUST_01432,40,4168.74,137872.54,19,2,57,20.2,Pro,UPI,1
CUST_01433,18,4524.82,70971.88,4,0,72,47.7,Basic,Card,0
CUST_01434,25,4206.23,85811.35,22,3,54,75.6,Pro,UPI,0
CUST_01435,33,4544.55,137106.13,22,2,45,6.9,Enterprise,Card,1
CUST_01436,47,2989.0,124365.82,37,5,25,7.8,Free,Card,1
CUST_01437,40,4155.16,159161.95,39,6,63,69.3,Basic,Net Banking,0
CUST_01438,43,2228.19,87646.84,34,3,79,73.9,Free,UPI,0
CUST_01439,12,3498.21,39116.49,33,3,8,85.4,Basic,Card,0
CUST_01440,44,4949.76,203465.79,44,3,86,43.0,Free,Card,0
CUST_01441,36,1515.77,50088.9,42,2,14,42.0,Basic,UPI,0
CUST_01442,48,2254.55,86923.01,40,3,18,57.5,Pro,Card,0
CUST_01443,4,2660.21,10283.43,33,2,15,76.9,Basic,Invoice,0
CUST_01444,5,1121.07,5511.96,12,0,24,65.9,Basic,Net Banking,0
CUST_01445,56,864.67,43910.96,2,2,50,36.1,Free,Card,0
CUST_01446,37,4233.75,128832.89,28,2,76,37.9,Free,Net Banking,0
CUST_01447,8,4895.57,36459.87,10,2,45,77.5,Pro,Card,0
CUST_01448,42,2321.26,85086.56,22,2,6,55.8,Free,UPI,0
CUST_01449,49,894.42,35703.59,17,1,33,14.3,Enterprise,Card,1
CUST_01450,28,796.15,21642.19,26,2,57,19.5,Basic,Card,1
CUST_01451,31,4510.93,131776.1,3,5,77,85.9,Basic,Net Banking,0
CUST_01452,58,2587.16,144197.87,7,1,22,99.9,Free,UPI,0
CUST_01453,9,1940.12,16749.11,44,0,22,36.9,Basic,UPI,0
CUST_01454,54,2644.08,124438.14,8,2,16,41.7,Pro,Card,0
CUST_01455,51,1932.37,88345.2,20,0,12,19.7,Enterprise,Invoice,0
CUST_01456,29,2700.66,66315.24,12,3,26,27.4,Free,Card,0
CUST_01457,14,4368.0,58154.29,35,2,65,45.3,Pro,UPI,0
CUST_01458,40,3165.36,114559.74,17,3,29,32.0,Free,Card,0
CUST_01459,41,3625.94,138257.26,28,4,3,71.6,Basic,Net Banking,0
CUST_01460,22,2141.02,41041.51,41,1,66,56.1,Basic,Card,0
CUST_01461,11,3823.28,39357.61,10,1,13,83.1,Enterprise,Card,0
CUST_01462,23,3499.78,75201.67,22,1,10,73.8,Free,UPI,0
CUST_01463,1,1038.03,990.31,38,2,39,17.2,Free,Net Banking,1
CUST_01464,46,3076.89,117629.58,33,1,86,16.7,Basic,Card,1
CUST_01465,37,1655.35,56638.04,22,3,2,90.1,Pro,UPI,0
CUST_01466,21,4118.43,84402.28,44,4,0,82.9,Basic,Card,0
CUST_01467,26,2416.72,51451.09,37,2,8,49.5,Basic,Net Banking,0
CUST_01468,46,4976.08,227102.67,13,3,72,17.4,Enterprise,UPI,1
CUST_01469,36,916.25,27758.75,27,1,75,90.4,Enterprise,UPI,0
CUST_01470,54,4011.57,213875.65,15,1,0,26.9,Pro,UPI,0
CUST_01471,23,3531.66,79084.08,22,4,15,8.4,Pro,Card,0
CUST_01472,57,3953.74,215004.95,30,3,71,92.8,Pro,Net Banking,0
CUST_01473,1,1883.88,1586.01,43,1,45,81.8,Free,UPI,1
CUST_01474,54,2714.25,123600.24,40,3,9,70.9,Free,Card,0
CUST_01475,55,4084.29,191358.6,37,2,32,8.2,Basic,Card,1
CUST_01476,51,1546.44,75878.64,34,2,40,55.2,Enterprise,Net Banking,0
CUST_01477,40,1517.15,50826.82,44,4,50,67.1,Pro,UPI,0
CUST_01478,15,2979.73,40949.01,34,2,21,77.1,Free,Card,0
CUST_01479,21,2856.04,57308.22,48,2,15,49.8,Free,Invoice,0
CUST_01480,47,1770.18,74223.51,35,4,82,95.6,Pro,Card,0
CUST_01481,9,1841.34,16044.23,42,4,74,28.3,Basic,UPI,1
CUST_01482,53,1750.3,84641.52,19,2,61,11.6,Basic,UPI,1
CUST_01483,9,3971.8,32851.65,8,1,52,36.6,Basic,Invoice,0
CUST_01484,10,3433.55,32115.94,39,1,74,67.9,Free,Card,0
CUST_01485,52,4245.88,213984.63,33,2,13,75.0,Enterprise,UPI,0
CUST_01486,57,4889.63,223225.44,44,2,58,75.2,Pro,UPI,0
CUST_01487,53,2633.74,122629.79,28,2,25,15.5,Enterprise,Card,0
CUST_01488,26,800.12,20649.14,37,2,43,89.1,Free,Invoice,0
CUST_01489,41,716.42,24078.24,48,2,19,31.7,Pro,Net Banking,0
CUST_01490,35,1830.49,54245.0,25,2,83,24.9,Basic,Net Banking,1
CUST_01491,52,4696.45,223258.35,36,2,4,63.4,Basic,Net Banking,0
CUST_01492,25,2854.46,69333.12,17,2,64,25.1,Basic,Net Banking,1
CUST_01493,26,1723.04,36710.16,24,6,10,53.3,Enterprise,UPI,0
CUST_01494,11,2296.25,20227.36,21,2,46,43.7,Pro,Card,0
CUST_01495,38,3193.68,113763.24,2,1,9,27.0,Basic,Net Banking,0
CUST_01496,2,3438.27,6322.71,31,3,60,32.7,Enterprise,UPI,1
CUST_01497,7,1192.64,7131.37,44,1,44,45.6,Basic,UPI,0
CUST_01498,18,4896.64,87392.36,33,5,46,37.9,Pro,UPI,0
CUST_01499,27,2951.48,72663.69,30,2,33,41.2,Pro,UPI,0
CUST_01500,34,1110.6,35218.47,12,1,12,74.9,Pro,Invoice,0
CUST_01501,27,4521.36,106909.47,44,2,88,21.0,Pro,Net Banking,1
CUST_01502,17,835.87,13986.95,12,1,22,64.6,Free,Card,0
CUST_01503,43,4584.81,168602.99,49,0,35,69.4,Enterprise,UPI,0
CUST_01504,59,4984.55,279312.71,24,5,62,81.2,Free,UPI,1
CUST_01505,44,3651.94,132297.59,24,3,75,85.5,Basic,Card,0
CUST_01506,59,3967.01,212417.05,11,1,46,20.1,Free,Invoice,1
CUST_01507,51,2017.86,94220.85,13,4,65,18.1,Free,Card,1
CUST_01508,54,4737.1,214279.02,27,0,83,63.4,Basic,UPI,0
CUST_01509,24,2883.71,59848.89,8,2,79,76.9,Pro,Invoice,0
CUST_01510,25,3795.75,79306.45,10,0,13,30.9,Basic,Net Banking,0
CUST_01511,7,4658.48,31598.64,8,4,52,55.0,Free,UPI,0
CUST_01512,52,4888.31,236764.15,20,4,65,78.4,Basic,Invoice,0
CUST_01513,6,4249.42,22673.72,8,2,48,77.9,Pro,Net Banking,0
CUST_01514,53,1863.58,89998.6,9,2,15,67.1,Free,Invoice,0
CUST_01515,24,4849.46,101118.03,7,3,67,12.5,Pro,UPI,1
CUST_01516,33,3326.54,97233.7,14,1,42,9.8,Free,UPI,1
CUST_01517,49,4687.89,212220.05,28,4,76,41.9,Basic,Net Banking,0
CUST_01518,29,3542.47,86530.41,2,0,64,7.5,Basic,Card,1
CUST_01519,43,1882.58,66931.8,43,2,8,90.9,Pro,Net Banking,0
CUST_01520,22,2165.11,47103.31,8,0,20,6.9,Basic,Invoice,0
CUST_01521,26,2977.12,65590.85,13,0,81,7.8,Basic,UPI,1
CUST_01522,28,4055.07,102079.32,21,6,83,20.7,Basic,Card,1
CUST_01523,50,1930.92,91941.19,47,2,42,64.6,Basic,Card,0
CUST_01524,21,3108.79,59488.41,28,1,65,56.4,Basic,Card,0
CUST_01525,49,2055.31,93355.82,35,2,3,67.7,Basic,UPI,0
CUST_01526,7,4170.96,24311.72,23,4,6,89.9,Pro,UPI,0
CUST_01527,17,2600.28,38855.35,46,1,85,48.2,Pro,Invoice,0
CUST_01528,20,845.25,15857.69,15,5,83,9.2,Free,Invoice,1
CUST_01529,41,1247.24,43055.03,2,1,57,77.5,Basic,Card,0
CUST_01530,49,774.97,34051.29,12,0,3,82.1,Pro,Net Banking,0
CUST_01531,20,2746.86,50424.11,36,1,19,9.7,Pro,UPI,0
CUST_01532,54,978.52,50613.75,3,1,34,28.1,Pro,Card,1
CUST_01533,22,1013.63,18804.77,5,0,58,78.2,Pro,Invoice,0
CUST_01534,28,4734.72,131991.28,3,4,84,40.7,Basic,Card,0
CUST_01535,40,4426.95,175924.38,47,1,44,49.9,Basic,Net Banking,0
CUST_01536,49,2534.39,99653.42,19,2,13,83.2,Free,UPI,0
CUST_01537,7,4936.12,30185.21,2,4,21,14.0,Free,UPI,1
CUST_01538,1,500.84,407.47,44,2,47,69.3,Enterprise,Net Banking,1
CUST_01539,32,3262.91,90155.44,37,4,29,25.4,Enterprise,UPI,0
CUST_01540,13,3273.93,39216.32,17,2,28,11.0,Pro,Net Banking,0
CUST_01541,30,2558.49,70748.44,14,4,35,67.9,Basic,UPI,0
CUST_01542,23,2286.27,43083.97,28,4,41,16.5,Basic,Invoice,1
CUST_01543,51,2549.22,121614.64,27,3,28,76.0,Pro,UPI,0
CUST_01544,59,2367.32,135379.45,10,3,6,24.3,Basic,Card,0
CUST_01545,56,3787.22,196439.48,3,1,31,9.6,Pro,Net Banking,1
CUST_01546,19,1109.1,18164.7,36,1,12,14.4,Free,UPI,1
CUST_01547,32,1389.38,35590.31,38,3,12,84.9,Free,Net Banking,0
CUST_01548,30,1312.33,36601.48,25,2,53,40.2,Pro,Net Banking,0
CUST_01549,29,1681.12,45610.42,22,3,13,33.7,Enterprise,UPI,0
CUST_01550,49,2863.66,132145.72,48,1,5,51.7,Pro,Net Banking,0
CUST_01551,45,1000.44,36369.34,39,2,15,65.1,Pro,UPI,0
CUST_01552,29,4406.76,115436.83,47,2,40,8.5,Free,Card,1
CUST_01553,30,1838.13,48674.76,30,2,51,90.3,Basic,UPI,0
CUST_01554,16,1231.42,18785.95,21,1,84,96.1,Free,Net Banking,0
CUST_01555,40,3540.3,133757.89,30,2,15,44.6,Basic,Card,0
CUST_01556,19,671.39,12630.53,28,2,4,44.2,Basic,Net Banking,0
CUST_01557,18,3289.86,58003.64,31,1,23,88.5,Basic,UPI,0
CUST_01558,1,3641.89,3319.95,26,2,42,45.8,Enterprise,Card,1
CUST_01559,14,1467.12,20459.47,43,4,64,86.3,Basic,UPI,0
CUST_01560,51,688.84,29160.09,22,3,9,7.7,Basic,Card,0
CUST_01561,47,2136.4,80472.4,21,0,58,51.5,Free,Card,0
CUST_01562,50,943.67,38764.39,1,4,34,95.5,Free,Net Banking,0
CUST_01563,2,1024.15,1784.12,37,2,30,29.0,Basic,Card,1
CUST_01564,54,1644.18,84439.83,13,2,78,30.3,Pro,UPI,0
CUST_01565,28,1829.61,44908.1,21,2,10,64.9,Basic,UPI,0
CUST_01566,49,2884.87,135155.87,46,3,8,93.0,Pro,Invoice,0
CUST_01567,50,3552.76,168499.74,9,0,65,23.9,Basic,Net Banking,1
CUST_01568,30,3167.47,91115.75,17,1,43,92.6,Basic,Card,0
CUST_01569,38,1167.62,37157.49,47,1,15,68.0,Pro,Invoice,0
CUST_01570,51,1274.39,58702.92,21,1,47,99.3,Free,UPI,0
CUST_01571,4,4454.46,16794.0,31,2,52,75.0,Basic,Card,1
CUST_01572,1,3012.59,2581.29,39,1,64,68.4,Basic,Card,1
CUST_01573,8,4414.72,34173.65,22,1,47,82.4,Free,Invoice,0
CUST_01574,29,2171.96,60206.75,12,1,69,21.6,Pro,UPI,1
CUST_01575,55,3264.8,147956.3,6,3,45,94.9,Free,Invoice,0
CUST_01576,39,2856.49,93977.17,16,0,74,20.7,Free,Card,1
CUST_01577,3,1936.06,4922.29,26,1,32,7.4,Free,UPI,1
CUST_01578,32,2614.62,81634.32,5,1,51,71.3,Basic,Card,0
CUST_01579,10,2761.21,23120.86,9,3,80,22.5,Basic,UPI,1
CUST_01580,10,1403.47,12973.95,46,4,54,77.1,Basic,Net Banking,0
CUST_01581,19,1917.55,29619.75,40,1,50,80.5,Free,Card,0
CUST_01582,46,4061.34,170101.3,14,2,39,27.5,Free,Card,1
CUST_01583,34,4621.05,130131.14,44,4,24,13.2,Free,UPI,0
CUST_01584,33,2119.07,63992.25,42,2,62,52.6,Free,Card,0
CUST_01585,23,1881.38,37800.42,30,0,21,89.6,Pro,UPI,0
CUST_01586,55,1378.39,69832.7,26,0,89,85.5,Basic,Card,0
CUST_01587,28,3553.21,87440.53,45,2,37,16.1,Basic,Net Banking,1
CUST_01588,32,1953.95,60704.32,29,4,8,96.7,Free,Card,0
CUST_01589,50,4944.87,235226.36,19,0,36,30.1,Enterprise,Net Banking,0
CUST_01590,7,1965.58,13331.71,47,0,4,38.2,Pro,Net Banking,0
CUST_01591,29,2273.61,55675.94,8,0,81,19.2,Pro,Card,1
CUST_01592,8,3215.0,21341.51,23,2,21,40.9,Free,Card,0
CUST_01593,1,4107.58,3743.92,42,1,11,65.4,Free,Invoice,1
CUST_01594,57,2612.83,145143.49,35,3,59,53.1,Pro,UPI,0
CUST_01595,55,2401.95,108608.65,31,1,43,83.6,Free,Card,0
CUST_01596,3,4980.37,12651.8,35,3,21,65.9,Basic,Card,0
CUST_01597,24,547.22,12466.1,32,2,5,30.0,Free,Card,0
CUST_01598,23,4527.79,93003.8,5,1,26,58.0,Free,UPI,0
CUST_01599,59,1171.13,63616.8,16,2,54,11.1,Free,UPI,1
CUST_01600,8,4036.66,29656.56,17,2,14,60.2,Basic,Net Banking,0
CUST_01601,54,3280.69,156336.14,32,1,63,42.0,Pro,Net Banking,0
CUST_01602,57,2038.31,109345.15,38,3,16,14.3,Free,Card,1
CUST_01603,47,4432.44,202169.48,32,1,2,34.2,Free,Card,0
CUST_01604,37,558.08,20268.02,20,1,9,90.3,Pro,Net Banking,0
CUST_01605,3,1520.11,3690.59,48,1,62,60.7,Basic,UPI,0
CUST_01606,51,3051.02,141710.06,2,0,62,90.8,Pro,Invoice,0
CUST_01607,33,2081.94,55517.95,20,2,88,44.0,Pro,Net Banking,0
CUST_01608,28,3246.7,89106.36,47,2,61,98.0,Free,Card,0
CUST_01609,47,608.5,25334.96,18,1,84,39.2,Basic,UPI,0
CUST_01610,8,1024.07,8029.57,1,2,8,76.9,Pro,Card,0
CUST_01611,34,1071.93,30524.54,29,0,23,34.0,Basic,UPI,0
CUST_01612,35,1351.78,39386.27,29,3,31,15.1,Free,Net Banking,1
CUST_01613,32,2566.99,80637.56,19,2,2,84.1,Basic,UPI,0
CUST_01614,24,3884.58,92080.87,44,1,32,77.4,Pro,Card,0
CUST_01615,14,4574.92,61061.51,40,3,42,83.0,Enterprise,Net Banking,0
CUST_01616,32,4259.18,115087.14,6,1,11,33.5,Basic,Card,0
CUST_01617,56,1386.0,64762.56,44,2,84,71.8,Basic,Card,0
CUST_01618,46,2485.18,108556.94,39,2,31,25.9,Basic,UPI,1
CUST_01619,43,1397.35,55697.06,46,0,19,6.1,Free,Net Banking,1
CUST_01620,16,1690.12,26350.06,8,6,66,87.3,Free,UPI,1
CUST_01621,4,2765.96,9463.59,24,2,67,54.7,Basic,Card,1
CUST_01622,52,806.49,36027.29,20,0,16,98.4,Pro,UPI,0
CUST_01623,37,1481.78,51883.26,14,3,80,41.6,Free,Card,0
CUST_01624,54,4709.2,217061.07,5,1,18,95.9,Enterprise,Card,0
CUST_01625,21,2597.52,48682.68,41,1,3,63.4,Free,UPI,0
CUST_01626,14,2504.24,31694.66,40,2,16,53.7,Basic,Card,0
CUST_01627,31,565.55,16372.08,34,2,63,33.8,Pro,Card,0
CUST_01628,55,1613.3,77096.73,16,1,21,83.4,Free,Card,0
CUST_01629,48,4398.32,205137.8,45,3,65,83.7,Free,Card,0
CUST_01630,18,1240.83,19665.15,7,0,41,44.6,Free,Net Banking,0
CUST_01631,7,2368.06,13398.3,16,4,75,74.1,Enterprise,Net Banking,0
CUST_01632,10,564.49,4591.56,7,0,44,47.5,Basic,Net Banking,0
CUST_01633,7,2652.51,18462.01,27,4,10,75.3,Free,Card,0
CUST_01634,33,594.59,18138.25,14,0,52,99.4,Pro,Invoice,0
CUST_01635,23,4188.24,86521.79,14,0,59,29.9,Basic,UPI,1
CUST_01636,21,4211.84,86143.33,44,1,28,65.2,Free,Net Banking,0
CUST_01637,19,4044.84,72500.37,33,2,19,41.1,Basic,Invoice,0
CUST_01638,48,1775.14,71256.54,33,2,4,57.1,Basic,UPI,0
CUST_01639,19,4267.57,64985.32,44,3,24,88.0,Free,Card,0
CUST_01640,36,2943.49,105586.93,20,3,33,38.0,Basic,UPI,0
CUST_01641,29,2182.14,58589.27,47,3,11,11.9,Free,Card,1
CUST_01642,18,3313.98,53412.96,36,0,27,80.9,Pro,Card,0
CUST_01643,2,555.53,1098.76,7,1,5,57.7,Free,Card,0
CUST_01644,1,1143.32,999.08,32,1,18,47.7,Free,UPI,0
CUST_01645,47,3840.32,170479.46,48,1,11,22.4,Enterprise,Card,0
CUST_01646,5,1598.73,7466.25,3,1,24,13.8,Basic,Net Banking,1
CUST_01647,20,3191.04,59698.25,39,1,12,31.5,Free,Card,0
CUST_01648,11,2232.96,22976.47,29,3,80,73.3,Pro,UPI,0
CUST_01649,42,4346.63,146427.49,24,2,75,44.1,Pro,Card,0
CUST_01650,2,4785.87,9235.39,22,5,2,59.2,Free,Net Banking,1
CUST_01651,3,4476.04,13221.2,6,1,23,12.8,Pro,UPI,1
CUST_01652,23,1717.79,35158.02,48,2,7,16.7,Basic,Card,0
CUST_01653,55,1373.73,68913.6,24,1,89,6.1,Pro,Net Banking,1
CUST_01654,12,2634.96,27349.09,40,0,44,69.0,Pro,Card,0
CUST_01655,20,533.0,10201.77,23,2,71,30.1,Pro,Net Banking,0
CUST_01656,5,616.14,2918.41,38,1,0,96.9,Enterprise,UPI,0
CUST_01657,37,2989.81,104837.41,10,1,2,34.3,Pro,Card,0
CUST_01658,38,2842.02,102271.27,16,2,64,39.5,Free,UPI,0
CUST_01659,30,4975.62,125939.23,11,2,14,49.6,Enterprise,Card,0
CUST_01660,9,1408.29,10424.92,32,2,49,35.3,Basic,UPI,0
CUST_01661,34,1661.47,48702.88,45,4,19,82.7,Pro,Net Banking,0
CUST_01662,53,1010.93,49029.11,6,1,2,88.2,Pro,Net Banking,0
CUST_01663,44,4628.94,179213.14,24,1,60,6.0,Basic,Net Banking,1
CUST_01664,35,4000.15,118983.35,33,3,14,67.2,Free,UPI,0
CUST_01665,52,4200.53,175715.74,12,3,58,70.2,Enterprise,UPI,0
CUST_01666,58,4562.44,218108.1,27,2,53,96.3,Free,Net Banking,0
CUST_01667,22,2862.05,51698.53,38,2,59,40.2,Basic,Net Banking,0
CUST_01668,44,2530.37,110370.75,18,1,36,23.6,Basic,Net Banking,1
CUST_01669,24,1986.76,45573.02,45,4,20,54.5,Free,Invoice,0
CUST_01670,17,3151.47,44175.28,39,2,22,47.5,Pro,Invoice,0
CUST_01671,10,2544.25,22731.4,13,5,17,80.2,Free,Card,0
CUST_01672,30,2532.05,70712.35,40,3,16,90.9,Enterprise,Card,0
CUST_01673,56,4716.18,262047.82,30,3,30,13.2,Enterprise,UPI,0
CUST_01674,59,4928.14,248249.01,49,1,63,85.4,Basic,Invoice,0
CUST_01675,46,4084.18,160219.24,41,4,47,91.4,Pro,Card,0
CUST_01676,23,3905.41,82068.23,13,0,25,92.8,Basic,Net Banking,0
CUST_01677,32,3562.51,110748.53,34,1,21,77.6,Basic,Net Banking,0
CUST_01678,17,1247.34,18149.69,36,2,44,75.5,Basic,Invoice,0
CUST_01679,50,765.98,31603.0,30,0,35,6.4,Pro,UPI,1
CUST_01680,51,3608.27,157012.16,25,2,63,92.4,Basic,Card,0
CUST_01681,17,3779.54,57172.45,2,1,34,38.4,Pro,Card,0
CUST_01682,14,711.38,8684.43,36,2,74,8.9,Basic,Invoice,1
CUST_01683,9,4676.23,40917.87,18,6,81,44.2,Basic,Invoice,1
CUST_01684,40,910.13,35989.78,5,3,26,74.6,Free,Net Banking,0
CUST_01685,2,1786.55,3128.93,19,3,67,47.0,Basic,Invoice,0
CUST_01686,45,3525.75,153055.6,42,2,16,77.0,Pro,Card,0
CUST_01687,25,1264.43,25722.37,18,3,69,53.4,Pro,UPI,0
CUST_01688,39,749.37,26616.79,32,2,10,33.4,Pro,Card,0
CUST_01689,9,1990.16,17308.55,21,1,4,24.3,Pro,Net Banking,0
CUST_01690,54,3946.87,188349.1,10,4,57,45.0,Free,Card,0
CUST_01691,22,2361.55,43053.68,37,4,81,8.4,Free,Card,1
CUST_01692,43,3438.38,126680.83,49,5,56,45.1,Basic,Net Banking,1
CUST_01693,46,3108.29,128451.79,22,0,88,11.5,Basic,Net Banking,1
CUST_01694,4,599.98,2324.8,13,1,73,88.3,Free,Invoice,1
CUST_01695,26,4948.43,122190.13,17,0,79,59.7,Free,UPI,0
CUST_01696,58,686.43,32515.83,9,1,73,66.4,Pro,Card,0
CUST_01697,29,4855.11,128018.15,24,1,73,32.4,Basic,UPI,0
CUST_01698,45,2974.39,130430.44,44,1,84,26.5,Basic,Invoice,1
CUST_01699,34,4834.22,150461.95,14,0,13,72.3,Basic,UPI,0
CUST_01700,23,1016.39,19005.18,46,3,71,68.8,Free,Net Banking,0
CUST_01701,37,2706.84,96610.07,8,2,0,16.7,Basic,Card,0
CUST_01702,11,1262.77,13631.47,37,0,15,27.7,Free,Card,1
CUST_01703,6,729.39,3841.72,19,1,25,94.9,Enterprise,Invoice,0
CUST_01704,18,3278.88,50876.72,28,2,48,33.9,Free,Card,0
CUST_01705,21,1435.03,27383.35,46,7,41,7.5,Pro,UPI,1
CUST_01706,42,3144.64,131654.57,41,5,69,11.1,Pro,Card,1
CUST_01707,36,1005.64,35026.18,30,3,65,78.7,Basic,UPI,0
CUST_01708,41,1993.94,78662.24,7,0,52,76.9,Enterprise,Card,0
CUST_01709,38,4017.35,128024.47,26,1,8,41.3,Free,UPI,0
CUST_01710,34,2466.73,82110.35,40,2,68,19.6,Free,Invoice,1
CUST_01711,17,3324.85,51502.64,46,1,39,52.3,Basic,Card,0
CUST_01712,37,3413.56,124202.05,46,1,55,36.5,Pro,UPI,0
CUST_01713,25,4296.9,99939.68,11,1,4,40.5,Free,Card,0
CUST_01714,38,1962.15,72088.74,14,5,55,29.8,Free,UPI,1
CUST_01715,58,3592.83,173605.9,21,2,71,11.0,Basic,UPI,1
CUST_01716,12,4827.27,54527.16,8,1,4,80.2,Pro,UPI,0
CUST_01717,23,3786.1,74144.56,3,3,68,63.7,Free,Card,0
CUST_01718,53,2704.42,119509.3,28,5,51,84.3,Basic,Card,0
CUST_01719,42,3338.23,128259.64,29,1,80,52.8,Basic,UPI,0
CUST_01720,22,3828.57,77536.43,23,3,72,98.6,Free,Invoice,0
CUST_01721,21,3255.24,61395.76,18,1,32,96.4,Pro,Card,0
CUST_01722,27,575.04,12697.35,35,3,21,30.8,Basic,UPI,0
CUST_01723,57,1376.48,66608.06,13,5,84,41.8,Pro,UPI,1
CUST_01724,31,4147.11,108902.26,12,2,14,76.5,Pro,Card,0
CUST_01725,6,1726.93,8939.35,47,1,64,78.8,Free,UPI,0
CUST_01726,27,3792.03,94768.72,5,0,70,91.5,Basic,Net Banking,0
CUST_01727,40,2174.54,77204.65,39,1,22,67.0,Enterprise,UPI,0
CUST_01728,34,2848.48,96235.95,11,3,5,50.1,Basic,Card,0
CUST_01729,12,805.88,7767.09,11,4,83,40.9,Basic,Net Banking,0
CUST_01730,45,1315.52,49914.95,47,1,57,44.8,Pro,Card,0
CUST_01731,57,4807.39,250642.14,42,5,25,85.8,Free,Card,0
CUST_01732,53,4505.62,233035.17,47,2,11,98.1,Pro,UPI,0
CUST_01733,7,3435.24,19400.41,31,3,76,9.9,Pro,Card,1
CUST_01734,10,2568.4,25086.13,31,1,76,60.1,Basic,Card,0
CUST_01735,45,3540.93,143639.46,13,3,1,54.4,Free,UPI,0
CUST_01736,17,3283.75,53428.73,14,1,31,40.7,Enterprise,Net Banking,0
CUST_01737,26,3058.49,78704.09,49,5,49,85.9,Free,UPI,1
CUST_01738,21,766.3,13567.11,45,4,60,59.7,Basic,UPI,0
CUST_01739,28,3347.61,86007.79,42,2,10,34.7,Pro,Net Banking,0
CUST_01740,58,3960.14,224344.15,25,3,67,47.2,Free,Invoice,0
CUST_01741,46,4973.37,221656.03,33,1,33,38.9,Enterprise,Card,0
CUST_01742,2,549.85,994.34,33,2,79,45.9,Basic,UPI,1
CUST_01743,54,3785.78,202367.04,15,1,88,11.8,Basic,Card,1
CUST_01744,43,3073.05,124435.86,16,5,7,15.6,Basic,Net Banking,1
CUST_01745,1,2453.23,2219.74,44,1,7,64.3,Pro,Net Banking,0
CUST_01746,51,1074.07,44456.4,38,2,14,70.0,Enterprise,Card,0
CUST_01747,53,2340.88,111344.99,6,0,4,65.5,Basic,UPI,0
CUST_01748,36,2094.7,66690.4,44,1,18,77.5,Basic,Net Banking,0
CUST_01749,51,1862.73,81799.14,25,0,73,94.6,Basic,UPI,0
CUST_01750,26,3788.96,97387.77,15,3,8,86.8,Basic,Net Banking,0
CUST_01751,29,3653.26,104370.2,4,0,56,44.8,Free,Net Banking,0
CUST_01752,21,3150.59,57393.02,4,4,53,25.7,Pro,Net Banking,1
CUST_01753,11,4723.99,46099.9,30,1,28,34.6,Enterprise,UPI,0
CUST_01754,40,2074.34,78855.11,34,2,18,60.8,Pro,Invoice,0
CUST_01755,11,1597.11,16988.66,27,2,76,86.3,Basic,UPI,0
CUST_01756,36,3451.56,102140.52,31,2,45,71.7,Pro,Card,0
CUST_01757,49,1394.66,61378.69,32,1,79,56.6,Pro,UPI,0
CUST_01758,59,1917.55,111200.94,44,2,61,62.2,Basic,Card,0
CUST_01759,39,1510.71,54965.35,39,0,59,55.2,Enterprise,Card,0
CUST_01760,40,811.19,29481.67,9,5,4,97.3,Free,Net Banking,0
CUST_01761,35,4223.74,139494.55,41,4,32,82.5,Free,Invoice,0
CUST_01762,54,1645.43,82836.64,8,4,82,79.2,Free,Net Banking,0
CUST_01763,34,2628.62,88340.8,14,1,54,54.1,Free,Card,0
CUST_01764,55,694.92,37552.78,33,1,18,36.5,Basic,UPI,0
CUST_01765,47,3647.03,150764.91,23,3,16,6.9,Enterprise,Invoice,0
CUST_01766,24,1987.52,38465.85,21,1,87,9.1,Pro,Invoice,1
CUST_01767,54,3851.32,180214.46,12,3,41,7.9,Pro,Invoice,1
CUST_01768,22,2355.81,43565.32,2,0,21,98.1,Basic,UPI,0
CUST_01769,5,1380.9,5705.26,13,1,38,15.9,Basic,Net Banking,1
CUST_01770,56,2809.29,153794.5,4,3,79,18.5,Basic,Net Banking,1
CUST_01771,33,1087.27,33798.38,20,2,26,51.0,Basic,Card,0
CUST_01772,58,2482.43,116122.89,48,3,75,50.7,Pro,Card,0
CUST_01773,36,1927.87,68289.45,14,2,45,92.4,Basic,Net Banking,0
CUST_01774,47,4603.82,212182.18,30,1,27,12.0,Basic,Card,0
CUST_01775,20,774.18,15326.87,29,2,51,95.9,Pro,Card,0
CUST_01776,19,3623.08,66496.3,8,1,64,25.6,Free,Card,1
CUST_01777,35,1322.38,37756.78,12,1,38,97.2,Basic,Card,0
CUST_01778,52,1935.7,93062.78,41,3,17,56.4,Enterprise,Card,0
CUST_01779,43,2369.81,83214.83,38,6,86,66.9,Enterprise,Card,0
CUST_01780,17,4586.07,73494.28,26,1,21,35.0,Free,Card,0
CUST_01781,59,1591.6,78823.52,2,2,67,63.1,Basic,Net Banking,0
CUST_01782,45,910.89,40463.84,40,5,10,72.5,Basic,Card,0
CUST_01783,43,1934.1,82071.35,14,2,81,6.0,Free,UPI,1
CUST_01784,34,971.04,30338.49,6,0,63,8.3,Basic,UPI,1
CUST_01785,9,1078.68,9227.91,42,4,70,98.7,Basic,Net Banking,0
CUST_01786,26,3082.33,77867.05,40,1,84,48.5,Pro,Card,0
CUST_01787,2,774.06,1358.99,31,1,56,93.9,Free,Card,1
CUST_01788,53,639.19,31025.91,17,0,34,74.3,Enterprise,Card,0
CUST_01789,9,3714.86,27924.02,25,1,36,40.4,Basic,Invoice,0
CUST_01790,9,2127.41,19091.15,32,3,49,19.3,Pro,UPI,1
CUST_01791,40,1064.19,41966.58,12,3,29,97.9,Basic,Card,0
CUST_01792,17,1641.26,25018.76,49,2,16,60.5,Enterprise,Net Banking,0
CUST_01793,1,3389.39,3086.61,13,0,32,23.3,Enterprise,Card,1
CUST_01794,25,1739.91,38597.27,19,2,15,69.8,Basic,Card,0
CUST_01795,43,2725.35,93791.02,44,1,14,13.7,Pro,UPI,0
CUST_01796,40,1047.63,35451.78,48,3,12,87.5,Basic,UPI,0
CUST_01797,42,3146.42,108406.27,25,0,2,13.6,Basic,UPI,0
CUST_01798,25,1922.35,41550.62,31,1,23,27.4,Free,Card,1
CUST_01799,39,3321.36,109746.49,37,3,22,13.7,Basic,Net Banking,0
CUST_01800,35,4137.78,137918.38,25,4,58,14.9,Pro,UPI,1
CUST_01801,3,3252.41,8790.87,16,0,54,54.8,Free,Card,1
CUST_01802,50,1830.86,88192.42,38,2,64,70.3,Basic,Net Banking,0
CUST_01803,37,1650.85,56631.03,43,1,31,79.9,Basic,Invoice,0
CUST_01804,44,1973.39,80859.25,49,1,59,71.0,Basic,Card,0
CUST_01805,44,1240.79,53243.49,23,2,29,39.5,Pro,UPI,0
CUST_01806,51,1315.27,65028.73,14,1,65,57.9,Free,UPI,0
CUST_01807,30,4058.11,98935.83,6,4,17,93.1,Pro,Net Banking,0
CUST_01808,38,2231.3,77639.09,25,3,58,41.8,Pro,Card,0
CUST_01809,34,2461.98,73881.59,23,3,52,29.0,Free,UPI,1
CUST_01810,12,3173.22,35029.59,43,3,63,54.3,Pro,Net Banking,0
CUST_01811,19,3153.44,58269.36,12,4,29,33.2,Basic,Card,0
CUST_01812,37,803.2,23846.32,13,1,17,29.9,Basic,UPI,0
CUST_01813,44,4241.93,149725.36,36,3,4,79.0,Basic,UPI,0
CUST_01814,59,1297.97,62222.28,39,3,68,89.6,Enterprise,Net Banking,0
CUST_01815,59,3753.82,215933.41,34,3,7,52.7,Enterprise,Net Banking,0
CUST_01816,49,3977.02,169676.07,6,4,8,79.1,Enterprise,Card,0
CUST_01817,17,3717.05,55243.48,38,1,31,22.8,Pro,Card,1
CUST_01818,10,3105.4,26988.43,40,1,13,57.0,Free,Net Banking,0
CUST_01819,57,565.74,27287.32,8,0,12,65.4,Basic,Net Banking,0
CUST_01820,55,2121.69,94261.36,8,6,17,51.6,Pro,Card,0
CUST_01821,49,3221.78,154915.53,40,0,67,16.1,Pro,UPI,1
CUST_01822,47,2243.53,89267.85,33,1,21,74.7,Basic,Net Banking,0
CUST_01823,12,4385.66,51511.58,34,3,19,84.7,Pro,Card,0
CUST_01824,16,1889.61,29965.96,44,1,14,65.3,Free,Card,0
CUST_01825,24,1820.91,40001.62,15,2,6,21.1,Basic,UPI,0
CUST_01826,19,1696.99,28194.88,36,1,76,12.1,Basic,Net Banking,1
CUST_01827,8,1997.51,15231.56,35,1,29,33.7,Basic,UPI,0
CUST_01828,31,3008.32,75079.77,46,2,4,8.5,Pro,Card,0
CUST_01829,21,3681.57,76213.07,22,2,0,84.7,Enterprise,Invoice,0
CUST_01830,17,3481.56,52177.85,23,2,59,71.8,Free,Card,0
CUST_01831,23,4134.73,81948.57,40,2,30,58.6,Pro,UPI,0
CUST_01832,37,4486.61,137018.01,45,2,19,89.5,Basic,UPI,0
CUST_01833,54,4172.36,223287.35,22,2,82,15.5,Pro,Card,1
CUST_01834,16,585.25,9010.1,5,4,63,72.9,Basic,UPI,0
CUST_01835,6,3811.63,21607.1,31,1,63,18.9,Enterprise,Card,1
CUST_01836,8,1437.8,11343.59,13,1,28,10.8,Basic,UPI,0
CUST_01837,25,1098.18,27233.94,28,2,9,17.6,Free,UPI,1
CUST_01838,18,3373.2,51833.97,20,2,28,95.3,Pro,Net Banking,0
CUST_01839,25,1938.84,46401.53,33,3,30,46.8,Free,Invoice,0
CUST_01840,12,757.03,8660.99,16,2,74,9.7,Basic,Card,1
CUST_01841,15,1119.33,15303.42,29,1,86,60.4,Free,Invoice,0
CUST_01842,59,504.18,24692.23,23,3,29,24.0,Basic,Invoice,0
CUST_01843,26,4564.51,117261.33,24,5,24,5.6,Basic,Card,1
CUST_01844,41,610.78,21613.14,34,2,79,77.0,Free,Invoice,0
CUST_01845,45,1442.55,59447.36,7,3,57,19.7,Pro,UPI,1
CUST_01846,26,2373.18,49601.31,38,1,56,94.5,Basic,Net Banking,0
CUST_01847,47,2104.57,87621.59,37,4,86,61.3,Basic,Invoice,0
CUST_01848,32,4602.77,136003.21,4,3,62,13.3,Pro,Net Banking,1
CUST_01849,10,681.3,5969.5,34,2,36,25.7,Basic,UPI,1
CUST_01850,16,2804.97,40186.08,42,3,57,63.0,Pro,UPI,0
CUST_01851,7,3562.16,20905.73,22,2,27,37.1,Basic,UPI,0
CUST_01852,17,4692.64,69407.68,5,1,26,55.6,Basic,Card,0
CUST_01853,23,3291.67,71519.68,42,1,69,81.0,Pro,Card,0
CUST_01854,26,4116.9,106391.0,23,3,36,80.3,Free,UPI,0
CUST_01855,21,876.76,16455.82,15,4,5,71.3,Pro,Net Banking,0
CUST_01856,22,2236.73,46118.25,31,5,88,89.2,Basic,Net Banking,0
CUST_01857,58,2182.76,125997.16,9,3,76,23.9,Basic,Invoice,1
CUST_01858,7,4488.3,30002.98,43,2,61,21.8,Pro,Card,1
CUST_01859,14,1181.17,13262.61,25,0,32,80.9,Basic,UPI,0
CUST_01860,15,1183.49,17523.49,25,3,88,35.5,Pro,UPI,0
CUST_01861,53,1978.51,102062.64,49,3,77,53.7,Basic,Card,0
CUST_01862,7,745.1,4455.37,21,3,39,75.7,Free,Card,0
CUST_01863,9,1321.06,9943.34,9,1,40,42.6,Pro,Card,0
CUST_01864,51,4843.44,242036.81,48,2,41,17.4,Pro,Invoice,1
CUST_01865,48,2426.83,109235.09,38,3,8,69.5,Basic,Invoice,0
CUST_01866,8,3344.09,22670.21,22,1,17,82.6,Pro,Net Banking,0
CUST_01867,50,3767.5,177595.5,43,4,14,6.2,Basic,UPI,0
CUST_01868,59,2151.33,116779.9,23,2,3,58.4,Pro,Card,0
CUST_01869,23,1162.52,23043.92,49,2,33,49.6,Free,Invoice,0
CUST_01870,29,1429.61,37783.57,4,2,61,29.7,Free,Card,1
CUST_01871,18,1909.7,31124.6,29,1,37,20.3,Free,UPI,1
CUST_01872,31,3362.31,94012.21,15,2,80,22.9,Pro,Card,1
CUST_01873,30,2292.26,62129.87,1,1,70,73.9,Basic,Invoice,0
CUST_01874,52,530.67,22078.11,30,5,22,55.9,Basic,Card,0
CUST_01875,39,2855.33,95069.18,29,3,19,98.2,Pro,Card,0
CUST_01876,35,4646.81,144125.78,20,1,55,28.1,Free,Net Banking,1
CUST_01877,18,4154.35,61725.8,33,2,52,95.9,Basic,Card,0
CUST_01878,59,4213.45,236122.33,41,3,1,53.9,Basic,Invoice,0
CUST_01879,42,4077.76,166021.31,44,3,20,18.9,Basic,Card,0
CUST_01880,39,1956.79,73533.47,36,5,75,19.1,Free,Invoice,1
CUST_01881,17,3943.37,59792.39,22,1,41,62.8,Pro,UPI,0
CUST_01882,14,1144.23,15028.28,13,0,56,84.0,Basic,UPI,0
CUST_01883,31,3459.72,87450.28,7,0,48,76.0,Free,Invoice,0
CUST_01884,24,3387.06,68273.32,8,4,9,67.3,Free,UPI,0
CUST_01885,35,615.06,17423.77,28,0,71,21.4,Free,UPI,1
CUST_01886,44,4045.87,176787.83,45,1,60,15.3,Basic,Card,1
CUST_01887,45,4564.62,187919.99,43,1,20,5.0,Free,Card,0
CUST_01888,34,1703.37,48361.45,9,2,59,14.7,Basic,Net Banking,1
CUST_01889,3,4155.76,11738.06,25,1,85,77.8,Pro,Card,1
CUST_01890,37,870.83,28928.58,16,3,12,90.0,Pro,Card,0
CUST_01891,43,3199.86,122025.43,10,4,47,27.8,Pro,UPI,1
CUST_01892,40,2685.41,105557.09,11,2,39,80.5,Pro,UPI,0
CUST_01893,26,2956.66,72386.94,31,3,62,23.9,Basic,Card,1
CUST_01894,55,4667.92,240851.81,12,2,75,28.7,Basic,Net Banking,1
CUST_01895,23,4420.92,83323.82,31,2,80,26.3,Enterprise,Card,1
CUST_01896,44,4032.88,145223.41,14,2,8,9.9,Pro,Net Banking,0
CUST_01897,39,1731.64,63001.53,44,2,56,23.4,Basic,Net Banking,1
CUST_01898,15,4603.18,57399.22,32,4,50,40.5,Basic,Card,0
CUST_01899,56,938.78,46823.0,17,1,39,43.5,Pro,Net Banking,0
CUST_01900,49,4339.98,194362.05,35,1,75,34.4,Free,Net Banking,0
CUST_01901,4,1976.72,6939.22,1,1,72,53.9,Enterprise,Net Banking,0
CUST_01902,29,741.98,17580.4,29,5,63,40.9,Basic,UPI,0
CUST_01903,22,3512.11,73300.35,4,4,69,97.2,Basic,Card,0
CUST_01904,25,1540.76,37633.31,23,1,63,81.7,Free,Invoice,0
CUST_01905,13,1596.07,17270.08,28,2,24,93.4,Free,Net Banking,0
CUST_01906,18,1877.21,32803.82,16,4,27,58.0,Free,Card,0
CUST_01907,33,786.58,24860.17,12,0,9,69.4,Free,Invoice,0
CUST_01908,16,1297.07,18942.87,21,3,27,20.8,Basic,Invoice,0
CUST_01909,45,523.13,21639.22,45,3,35,76.5,Free,Card,0
CUST_01910,42,2504.34,97852.51,17,3,10,27.4,Enterprise,Card,0
CUST_01911,44,879.15,35005.91,40,4,20,18.9,Basic,UPI,0
CUST_01912,2,3571.94,6921.48,13,2,25,9.0,Basic,Invoice,1
CUST_01913,55,1560.3,76790.3,32,2,17,49.9,Basic,Card,0
CUST_01914,35,4746.08,151064.73,37,1,67,32.2,Free,UPI,0
CUST_01915,42,4420.63,149898.39,15,3,40,98.7,Pro,Net Banking,0
CUST_01916,34,1802.48,51234.55,12,3,14,28.7,Basic,Card,0
CUST_01917,30,4024.47,118410.64,49,2,22,87.3,Free,UPI,0
CUST_01918,59,4114.6,200111.72,15,2,40,35.1,Free,Card,0
CUST_01919,55,4939.53,266460.69,34,2,5,76.2,Basic,UPI,0
CUST_01920,13,3190.28,38453.73,6,5,70,67.7,Basic,UPI,0
CUST_01921,13,868.85,11114.61,17,3,59,58.4,Basic,Card,0
CUST_01922,18,3410.77,59113.76,48,2,78,44.6,Basic,Net Banking,0
CUST_01923,32,3312.41,103141.21,49,3,51,68.8,Pro,Card,0
CUST_01924,32,3372.58,97656.6,20,4,8,43.7,Pro,UPI,0
CUST_01925,35,1882.16,63573.88,9,3,29,57.1,Basic,Net Banking,0
CUST_01926,59,4368.56,229935.78,5,1,43,61.0,Pro,Card,0
CUST_01927,39,4817.62,151969.65,23,0,61,30.4,Free,Card,0
CUST_01928,46,1479.71,63320.48,33,7,42,37.3,Basic,Card,0
CUST_01929,52,896.68,44095.06,38,2,27,6.7,Free,Card,0
CUST_01930,29,1375.41,32719.6,14,4,7,86.0,Free,Net Banking,0
CUST_01931,49,4192.48,197867.82,17,0,50,76.8,Basic,Net Banking,0
CUST_01932,29,3544.9,83787.28,19,1,89,22.4,Pro,Net Banking,1
CUST_01933,53,3362.21,158296.58,33,2,29,39.4,Free,Net Banking,0
CUST_01934,44,2308.07,91154.29,1,1,10,45.0,Free,Card,0
CUST_01935,57,3100.23,142669.57,13,0,19,36.8,Enterprise,Card,0
CUST_01936,16,1885.43,24530.53,46,1,30,80.8,Basic,Card,0
CUST_01937,56,2647.4,131965.52,27,1,33,73.9,Free,Card,0
CUST_01938,44,4068.78,154365.72,6,0,11,77.9,Free,UPI,0
CUST_01939,47,4915.59,222526.46,6,2,47,90.9,Pro,Card,0
CUST_01940,57,4696.2,236303.13,33,3,27,61.5,Basic,UPI,0
CUST_01941,10,4702.4,38611.66,30,2,66,63.4,Free,Card,0
CUST_01942,30,2310.01,57628.45,46,8,62,73.6,Basic,UPI,0
CUST_01943,25,2609.55,60978.31,35,1,47,69.7,Basic,Card,0
CUST_01944,39,3675.36,141907.52,23,1,41,87.6,Basic,UPI,0
CUST_01945,20,4649.86,90571.78,10,5,51,78.2,Enterprise,Card,0
CUST_01946,5,1138.97,4703.37,19,2,4,16.4,Free,Card,1
CUST_01947,1,1869.09,1501.39,28,1,76,93.2,Enterprise,Card,1
CUST_01948,30,1126.61,27217.36,23,2,11,69.9,Pro,Card,0
CUST_01949,49,3254.04,145252.26,4,2,58,17.1,Basic,Card,1
CUST_01950,3,1878.35,5055.65,20,3,64,78.3,Pro,Card,0
CUST_01951,45,1967.49,71066.86,19,3,51,39.0,Basic,Invoice,0
CUST_01952,14,819.12,9305.16,42,1,42,81.6,Pro,Card,0
CUST_01953,56,2074.08,116142.78,27,1,82,95.8,Basic,Invoice,0
CUST_01954,30,4381.23,130515.3,34,4,62,29.2,Free,UPI,1
CUST_01955,50,1548.83,63915.95,4,3,49,86.5,Basic,UPI,0
CUST_01956,4,3628.34,12087.02,38,2,38,78.5,Free,Net Banking,1
CUST_01957,18,3333.33,58801.9,7,3,41,68.8,Free,UPI,0
CUST_01958,37,4385.68,146284.58,48,3,88,41.6,Pro,Card,0
CUST_01959,25,1095.3,27152.35,7,1,79,15.4,Enterprise,Card,1
CUST_01960,48,4899.15,212599.9,26,3,16,51.0,Basic,Net Banking,0
CUST_01961,1,3121.83,2857.86,26,0,42,15.0,Pro,Card,1
CUST_01962,53,4979.63,222755.98,19,1,48,52.5,Free,UPI,0
CUST_01963,46,4601.82,206437.18,9,3,4,82.9,Pro,Invoice,0
CUST_01964,15,1496.83,21666.63,20,0,0,99.8,Pro,UPI,0
CUST_01965,9,752.73,5876.84,42,2,66,23.8,Free,Card,1
CUST_01966,15,1650.38,22836.5,45,3,23,24.7,Free,Card,1
CUST_01967,49,2874.04,122279.29,16,4,28,82.0,Pro,Card,0
CUST_01968,57,1272.18,64740.27,17,1,14,49.6,Basic,UPI,0
CUST_01969,24,1253.57,29204.48,22,3,3,92.0,Basic,UPI,0
CUST_01970,4,2581.67,9119.33,13,0,43,78.1,Enterprise,UPI,1
CUST_01971,12,649.71,7547.91,12,1,64,75.0,Enterprise,Card,0
CUST_01972,59,1048.5,61368.16,10,1,78,14.7,Pro,Card,1
CUST_01973,58,2371.38,121484.83,1,3,87,8.4,Pro,Invoice,1
CUST_01974,37,784.08,28300.38,32,2,30,35.1,Free,Card,0
CUST_01975,37,2285.4,72788.79,30,0,19,25.6,Free,Card,0
CUST_01976,43,2633.03,90641.09,8,2,9,72.7,Enterprise,Card,0
CUST_01977,6,2530.7,12403.95,21,2,10,47.8,Pro,Card,0
CUST_01978,39,4411.29,162994.48,22,4,81,54.7,Pro,Invoice,0
CUST_01979,56,2885.28,132497.93,18,3,27,82.3,Free,Card,0
CUST_01980,46,2605.91,118413.26,2,5,37,50.5,Pro,UPI,0
CUST_01981,24,2348.19,54852.74,48,2,79,56.8,Free,Card,0
CUST_01982,11,4179.31,41511.72,44,4,23,85.0,Free,UPI,0
CUST_01983,13,4527.75,53934.22,9,3,38,46.0,Free,Net Banking,0
CUST_01984,34,4339.59,138526.51,3,5,50,12.9,Pro,Card,1
CUST_01985,25,3530.96,83533.79,26,0,75,54.6,Pro,Card,0
CUST_01986,7,1118.13,7030.45,21,1,49,60.0,Basic,Card,0
CUST_01987,52,1745.91,78320.41,30,2,6,53.6,Free,UPI,0
CUST_01988,4,707.28,2778.33,28,2,80,29.5,Pro,UPI,1
CUST_01989,59,4688.71,223883.6,36,1,67,26.3,Enterprise,Invoice,1
CUST_01990,8,3473.59,24210.0,26,3,52,40.1,Free,Card,0
CUST_01991,20,3858.63,72025.28,34,6,36,20.8,Pro,Net Banking,1
CUST_01992,29,1902.07,53958.33,8,5,82,68.3,Enterprise,Card,1
CUST_01993,54,4305.44,189446.34,10,0,53,63.4,Basic,Card,0
CUST_01994,53,1668.21,82384.41,48,2,89,65.1,Free,UPI,0
CUST_01995,51,507.4,23222.78,43,0,54,26.4,Enterprise,Invoice,1
CUST_01996,45,2193.87,92533.93,14,3,74,28.4,Free,Card,1
CUST_01997,46,3068.43,121872.71,40,1,30,79.8,Free,Card,0
CUST_01998,10,2654.17,25006.0,15,4,64,70.6,Pro,UPI,0
CUST_01999,43,4379.34,157438.37,17,2,88,88.1,Basic,Net Banking,0
CUST_02000,34,974.32,31638.82,18,3,58,43.3,Pro,Net Banking,0
CUST_02001,57,2992.21,162005.97,32,0,46,57.0,Pro,Card,0
CUST_02002,26,2808.41,72241.55,38,2,48,75.2,Pro,Net Banking,0
CUST_02003,41,1766.27,60442.53,23,2,17,97.5,Basic,Card,0
CUST_02004,49,4200.03,194358.85,46,1,2,99.0,Basic,UPI,0
CUST_02005,58,3887.82,194945.95,23,4,17,99.9,Basic,Card,0
CUST_02006,3,3797.87,9757.16,35,1,57,89.6,Pro,Card,1
CUST_02007,56,4442.87,219024.03,39,1,70,65.8,Enterprise,Invoice,0
CUST_02008,6,3752.53,19296.42,15,1,80,5.7,Basic,UPI,1
CUST_02009,5,1543.29,6556.19,24,3,24,71.5,Free,Card,1
CUST_02010,5,3675.03,17523.96,28,2,17,27.7,Enterprise,Net Banking,1
CUST_02011,54,1884.66,95655.24,16,0,51,10.4,Free,UPI,1
CUST_02012,47,1589.79,61410.36,16,6,42,71.2,Free,Card,1
CUST_02013,23,828.52,17379.73,40,2,66,76.8,Pro,UPI,0
CUST_02014,49,3848.13,163329.36,39,1,88,67.6,Basic,UPI,0
CUST_02015,9,3699.5,33102.62,6,1,6,39.7,Basic,Card,0
CUST_02016,35,1555.25,48174.33,2,4,73,53.5,Enterprise,Invoice,0
CUST_02017,20,3872.21,62583.8,13,4,43,93.8,Enterprise,UPI,0
CUST_02018,58,4630.28,232661.88,44,2,43,74.3,Basic,Net Banking,0
CUST_02019,49,986.13,41678.33,47,5,50,52.9,Pro,UPI,0
CUST_02020,59,1546.86,73114.64,9,1,82,61.4,Pro,UPI,0
CUST_02021,42,3876.17,146121.42,34,0,78,93.1,Free,Card,0
CUST_02022,35,1735.28,59590.51,17,4,84,42.4,Enterprise,UPI,0
CUST_02023,50,3310.99,159004.11,27,7,20,14.7,Free,Net Banking,1
CUST_02024,18,865.24,14592.06,29,3,36,36.0,Basic,Card,0
CUST_02025,17,2534.91,37435.6,37,2,27,44.4,Basic,UPI,0
CUST_02026,24,3825.91,77717.34,43,1,31,30.9,Pro,Card,0
CUST_02027,3,3589.31,9352.2,22,2,56,55.3,Free,Net Banking,1
CUST_02028,32,4167.82,109978.68,24,1,40,34.0,Pro,Invoice,0
CUST_02029,35,4448.53,127656.88,7,1,53,14.8,Pro,UPI,1
CUST_02030,38,3979.33,138347.17,34,3,26,22.9,Free,Card,0
CUST_02031,13,3522.14,44084.46,48,3,86,92.2,Pro,UPI,0
CUST_02032,56,642.75,29510.69,12,6,73,64.8,Basic,Net Banking,0
CUST_02033,47,2907.35,118476.72,23,3,39,34.9,Basic,Invoice,0
CUST_02034,25,669.64,13803.81,15,1,40,39.9,Free,Card,0
CUST_02035,9,4136.31,32093.07,33,4,69,51.9,Basic,Net Banking,0
CUST_02036,4,1943.26,7509.17,13,3,23,68.9,Free,Card,0
CUST_02037,14,3030.93,34242.15,23,2,17,60.3,Pro,Net Banking,0
CUST_02038,37,1757.5,60439.34,38,7,73,93.6,Free,Net Banking,1
CUST_02039,34,4021.25,111014.2,32,1,55,64.4,Basic,Net Banking,0
CUST_02040,11,4489.26,43718.21,45,0,14,91.5,Basic,UPI,0
CUST_02041,41,2293.89,84156.48,35,1,71,5.5,Basic,UPI,1
CUST_02042,56,4383.15,216075.76,1,2,34,89.6,Free,Net Banking,0
CUST_02043,3,1701.84,4735.25,47,5,26,73.5,Free,UPI,1
CUST_02044,59,2905.97,170549.14,45,1,88,21.4,Free,Card,1
CUST_02045,28,4364.43,104296.26,5,2,2,30.0,Basic,Invoice,0
CUST_02046,29,1966.47,52576.84,13,1,20,56.6,Free,Card,0
CUST_02047,9,4793.19,37573.63,5,2,38,16.9,Free,UPI,1
CUST_02048,3,1048.46,3145.07,32,1,31,79.6,Free,Card,1
CUST_02049,25,582.24,14413.34,21,0,49,80.2,Pro,Card,0
CUST_02050,34,4568.61,127167.9,24,1,84,33.6,Enterprise,UPI,0
CUST_02051,12,808.92,9655.78,18,4,8,11.6,Pro,UPI,0
CUST_02052,42,4963.5,197554.64,21,0,49,98.9,Basic,Card,0
CUST_02053,9,4781.29,42965.73,10,2,0,28.8,Free,Card,1
CUST_02054,15,1116.59,15981.59,24,3,3,11.4,Basic,Card,0
CUST_02055,40,2919.13,96423.15,40,1,3,36.3,Basic,Net Banking,0
CUST_02056,25,1332.14,31641.45,47,2,89,97.1,Basic,Card,0
CUST_02057,5,2426.7,11470.11,21,3,33,80.3,Basic,Invoice,1
CUST_02058,11,776.41,7117.21,25,4,26,50.6,Basic,Card,0
CUST_02059,59,1507.66,84560.79,23,3,14,34.0,Free,Invoice,0
CUST_02060,34,2134.73,67859.77,22,5,31,45.2,Free,UPI,1
CUST_02061,24,2473.91,59307.86,4,1,40,6.6,Free,Card,1
CUST_02062,15,4898.73,67877.87,34,2,70,73.2,Free,Card,0
CUST_02063,38,4135.4,138746.94,6,2,60,14.5,Free,Net Banking,1
CUST_02064,8,3818.34,30265.17,28,2,62,54.3,Free,Invoice,0
CUST_02065,59,2916.69,159276.15,31,3,60,58.8,Free,Invoice,0
CUST_02066,5,4279.99,18612.1,35,2,13,5.2,Free,UPI,1
CUST_02067,48,2026.95,78244.4,39,2,22,98.1,Free,Card,0
CUST_02068,26,3690.05,91271.64,42,5,64,33.7,Free,Card,1
CUST_02069,18,4972.03,73736.67,23,2,31,12.3,Basic,Card,1
CUST_02070,6,1915.83,11319.5,6,2,40,86.2,Pro,Card,0
CUST_02071,37,3533.08,129714.55,16,3,25,19.4,Enterprise,UPI,0
CUST_02072,48,4299.42,174855.88,2,1,47,7.4,Enterprise,UPI,1
CUST_02073,13,4621.13,49415.1,24,3,72,52.0,Basic,Net Banking,0
CUST_02074,28,3730.7,96005.06,17,1,15,17.3,Basic,Card,0
CUST_02075,5,1776.24,7484.6,45,2,30,98.3,Free,Card,0
CUST_02076,13,1968.27,23242.87,1,2,65,6.0,Enterprise,Card,1
CUST_02077,17,593.41,8906.07,6,2,31,9.9,Pro,Net Banking,1
CUST_02078,50,3923.99,188038.6,5,2,9,84.2,Pro,Invoice,0
CUST_02079,40,692.33,27692.43,45,5,24,27.8,Free,Card,1
CUST_02080,45,4390.94,176126.05,29,3,81,91.6,Basic,UPI,0
CUST_02081,32,1033.97,31002.67,12,0,44,34.6,Free,UPI,0
CUST_02082,29,1273.44,32068.37,39,1,23,11.6,Enterprise,UPI,0
CUST_02083,51,2644.37,131154.18,47,1,2,6.0,Free,Card,1
CUST_02084,58,3820.46,178906.99,3,0,61,31.8,Basic,UPI,0
CUST_02085,3,1125.51,3034.5,48,2,78,50.0,Free,Card,1
CUST_02086,56,2480.32,116029.08,1,4,66,5.1,Pro,Net Banking,1
CUST_02087,40,2672.83,89311.94,27,3,54,60.2,Free,Card,0
CUST_02088,34,1455.29,44858.4,48,0,9,36.7,Pro,UPI,0
CUST_02089,40,1020.01,35151.99,24,1,54,42.1,Basic,UPI,0
CUST_02090,27,4263.89,102668.62,44,3,21,29.8,Basic,Net Banking,0
CUST_02091,13,2761.1,30909.73,19,3,13,55.3,Free,Card,0
CUST_02092,45,564.72,22642.8,8,2,72,26.9,Pro,UPI,1
CUST_02093,33,4113.42,116356.61,44,1,81,17.8,Pro,Net Banking,1
CUST_02094,6,4913.57,28323.1,47,1,7,89.6,Basic,Card,0
CUST_02095,24,3226.67,70591.71,2,0,14,42.1,Basic,UPI,0
CUST_02096,19,2766.69,43750.9,30,3,14,12.3,Free,Card,1
CUST_02097,16,4452.87,57117.26,30,2,51,26.9,Free,Net Banking,1
CUST_02098,40,4786.33,153832.43,49,2,69,34.4,Basic,Card,0
CUST_02099,28,3895.42,96456.3,39,3,53,78.1,Basic,UPI,0
CUST_02100,33,2504.54,71312.23,45,1,75,7.1,Basic,Card,1
CUST_02101,59,3165.0,159177.07,32,1,41,50.4,Basic,Card,0
CUST_02102,59,3654.21,199339.07,1,3,18,43.7,Pro,UPI,0
CUST_02103,48,1374.23,63498.64,38,3,39,97.0,Enterprise,UPI,0
CUST_02104,41,2512.4,83712.45,13,3,68,22.1,Basic,UPI,1
CUST_02105,13,4234.2,45246.37,11,1,26,64.6,Basic,Card,0
CUST_02106,43,3446.26,129480.18,10,0,73,24.2,Pro,UPI,1
CUST_02107,45,2350.42,93954.23,48,3,42,57.1,Basic,Card,0
CUST_02108,25,3485.13,76589.74,26,2,51,57.7,Basic,Card,0
CUST_02109,53,1032.0,50742.97,20,2,45,12.2,Pro,Net Banking,1
CUST_02110,42,2306.74,79196.4,17,3,13,48.4,Pro,Net Banking,0
CUST_02111,36,4069.08,131683.74,17,2,63,48.8,Pro,Card,0
CUST_02112,27,1492.29,38774.8,4,6,60,35.3,Free,Card,1
CUST_02113,38,1336.83,50072.69,5,1,57,31.3,Basic,Card,0
CUST_02114,7,4778.68,30509.61,23,3,48,26.3,Free,Net Banking,1
CUST_02115,5,1444.54,5978.12,46,3,78,5.6,Basic,Net Banking,1
CUST_02116,43,1674.13,68063.87,10,1,28,5.2,Basic,UPI,0
CUST_02117,45,4863.27,209932.7,46,1,25,61.0,Free,Net Banking,0
CUST_02118,58,3806.19,185273.82,28,1,26,32.7,Basic,Invoice,0
CUST_02119,57,3648.18,194533.93,33,1,66,20.9,Basic,Invoice,1
CUST_02120,51,4338.17,218171.99,43,3,66,70.0,Pro,Invoice,0
CUST_02121,31,1021.2,29877.06,26,2,34,55.2,Free,Net Banking,0
CUST_02122,23,3676.8,74681.74,48,2,59,91.9,Basic,Card,0
CUST_02123,42,2766.6,103247.32,29,0,60,83.9,Basic,Card,0
CUST_02124,10,4231.18,34522.68,27,1,69,74.0,Free,Net Banking,0
CUST_02125,32,2786.64,80720.97,18,5,77,17.0,Basic,Card,1
CUST_02126,43,3291.09,135932.18,40,0,89,68.3,Pro,Card,0
CUST_02127,53,2649.84,139837.53,10,2,2,70.9,Free,Card,0
CUST_02128,30,2651.72,69994.33,42,5,32,77.5,Basic,Net Banking,0
CUST_02129,39,3955.86,136856.4,5,1,41,30.0,Basic,UPI,0
CUST_02130,31,3328.55,83678.2,10,1,12,65.8,Free,Card,0
CUST_02131,18,3349.68,57582.46,21,2,28,63.7,Free,UPI,0
CUST_02132,36,2526.27,85791.97,24,1,8,41.6,Pro,Invoice,0
CUST_02133,2,2889.99,5089.76,38,0,31,68.0,Pro,UPI,0
CUST_02134,14,3855.73,50841.55,3,3,21,13.2,Pro,UPI,0
CUST_02135,13,4216.73,50684.53,40,0,85,66.1,Basic,Card,0
CUST_02136,29,3634.53,100531.68,31,1,57,62.6,Pro,Card,0
CUST_02137,12,4658.33,48232.08,41,2,56,25.0,Free,UPI,1
CUST_02138,39,4191.46,152051.02,37,2,9,82.7,Pro,Net Banking,0
CUST_02139,2,3028.39,5603.27,2,0,24,88.1,Basic,Invoice,0
CUST_02140,32,3521.33,92185.38,2,3,61,25.0,Pro,UPI,1
CUST_02141,13,4668.39,51961.41,39,2,62,12.2,Free,Card,1
CUST_02142,46,3286.26,146941.33,49,0,75,62.3,Pro,Net Banking,0
CUST_02143,27,4211.63,94522.09,42,3,2,50.6,Basic,Card,0
CUST_02144,49,3599.65,154495.99,44,3,82,45.6,Free,Card,0
CUST_02145,41,2983.71,103376.4,34,2,46,77.3,Basic,Net Banking,0
CUST_02146,17,1588.27,22357.49,42,4,54,97.1,Basic,Net Banking,0
CUST_02147,40,2416.99,79981.32,20,1,25,50.4,Free,Net Banking,0
CUST_02148,31,4854.84,130873.49,33,2,12,5.6,Basic,UPI,0
CUST_02149,34,3459.94,113014.16,4,3,6,61.6,Basic,Net Banking,0
CUST_02150,24,3039.78,72463.24,45,2,33,67.1,Free,Card,0
CUST_02151,45,4698.3,193318.73,44,4,21,83.7,Basic,Card,0
CUST_02152,35,3139.3,101859.52,11,1,83,23.9,Free,Net Banking,1
CUST_02153,48,2867.37,131543.3,42,1,22,54.8,Free,UPI,0
CUST_02154,6,3916.9,21911.77,47,5,47,47.5,Free,Card,1
CUST_02155,19,3707.0,68296.37,5,3,13,68.1,Free,Net Banking,0
CUST_02156,30,1369.22,40124.05,25,2,86,11.1,Enterprise,Net Banking,1
CUST_02157,7,2620.89,16980.2,49,5,51,89.0,Enterprise,UPI,0
CUST_02158,10,2626.32,23810.55,37,4,82,53.6,Pro,UPI,0
CUST_02159,41,2202.01,79286.94,34,4,38,88.3,Free,Net Banking,0
CUST_02160,32,2827.82,80745.9,9,5,40,37.3,Pro,Net Banking,0
CUST_02161,34,2358.98,69705.77,6,3,35,67.1,Basic,Net Banking,0
CUST_02162,28,1397.05,34634.28,18,3,5,95.9,Free,UPI,0
CUST_02163,15,2355.65,34626.0,14,1,22,94.6,Pro,Card,0
CUST_02164,30,825.25,24620.7,19,5,9,94.7,Enterprise,UPI,0
CUST_02165,37,3091.04,99764.4,14,8,84,9.1,Pro,Card,1
CUST_02166,29,4341.45,106276.19,40,0,59,43.3,Free,Card,0
CUST_02167,22,3763.79,67537.59,17,2,29,10.8,Basic,Card,0
CUST_02168,4,2121.77,8210.28,35,0,69,34.4,Free,Card,1
CUST_02169,20,891.82,17375.03,29,0,4,21.6,Free,Card,0
CUST_02170,32,1409.67,40151.66,42,2,78,63.9,Pro,UPI,0
CUST_02171,36,2954.71,96635.0,17,0,56,79.2,Basic,UPI,0
CUST_02172,50,1431.76,67862.86,43,2,42,53.8,Free,Card,0
CUST_02173,4,2947.88,10319.59,8,2,51,80.6,Free,UPI,1
CUST_02174,27,1542.2,34989.51,1,3,88,6.2,Basic,UPI,1
CUST_02175,17,4320.16,60438.7,45,1,76,82.9,Enterprise,Card,0
CUST_02176,12,2287.72,23253.71,36,1,5,21.9,Basic,UPI,0
CUST_02177,22,1604.98,32804.94,7,0,1,48.8,Free,Net Banking,0
CUST_02178,17,4155.47,61426.69,46,4,16,47.0,Basic,Net Banking,0
CUST_02179,10,2042.78,19887.29,5,1,87,87.9,Basic,Card,0
CUST_02180,54,1001.69,44220.09,24,1,11,96.8,Pro,Net Banking,0
CUST_02181,1,3066.84,2708.86,28,2,43,29.2,Basic,UPI,1
CUST_02182,22,3117.04,58384.14,43,0,53,11.4,Free,UPI,1
CUST_02183,26,3716.13,94449.25,17,2,77,66.8,Free,Invoice,0
CUST_02184,56,1580.99,85104.05,37,2,6,52.8,Pro,UPI,0
CUST_02185,59,2496.97,146858.89,20,2,89,58.7,Free,Card,0
CUST_02186,18,1770.66,26257.79,3,0,31,9.4,Pro,Net Banking,1
CUST_02187,50,864.29,41332.45,37,4,28,78.7,Free,Invoice,0
CUST_02188,14,4444.76,51347.7,26,5,45,27.1,Pro,Invoice,1
CUST_02189,47,3779.91,147632.78,15,2,72,36.8,Free,Invoice,0
CUST_02190,29,1856.58,43494.67,48,1,77,26.7,Free,Card,1
CUST_02191,12,3197.18,34258.74,8,1,52,94.9,Basic,UPI,0
CUST_02192,36,1405.69,41757.92,13,2,80,21.0,Basic,UPI,1
CUST_02193,59,4506.06,231208.35,48,1,24,74.6,Basic,Card,0
CUST_02194,35,1017.08,30444.66,3,2,52,28.3,Basic,Card,1
CUST_02195,52,517.27,26770.84,1,3,28,45.4,Basic,Net Banking,0
CUST_02196,12,2759.04,30845.6,9,2,81,99.6,Pro,UPI,0
CUST_02197,7,3124.08,19290.06,31,2,82,14.6,Basic,UPI,1
CUST_02198,29,3105.34,87865.69,41,1,80,88.7,Pro,UPI,0
CUST_02199,11,745.3,6663.32,26,5,5,94.9,Basic,Card,0
CUST_02200,33,1913.2,54729.19,17,0,75,71.3,Pro,Net Banking,0
CUST_02201,6,2746.4,14878.65,34,3,37,5.9,Basic,UPI,1
CUST_02202,47,1474.61,56192.12,9,0,2,83.0,Basic,UPI,0
CUST_02203,15,4426.82,55058.91,13,2,34,88.8,Basic,Card,0
CUST_02204,32,891.99,27944.53,5,3,54,98.2,Basic,UPI,0
CUST_02205,51,2693.23,114818.28,41,2,46,84.7,Basic,Card,0
CUST_02206,11,3611.37,39102.63,13,2,32,47.3,Pro,Card,0
CUST_02207,58,1677.88,79723.48,1,2,2,70.4,Basic,UPI,0
CUST_02208,23,3309.08,74407.27,25,3,68,51.1,Pro,Card,0
CUST_02209,26,4232.23,98015.49,47,2,58,38.5,Basic,Invoice,0
CUST_02210,34,1356.52,42185.34,4,0,77,64.5,Free,UPI,0
CUST_02211,46,4627.49,182281.11,36,1,17,78.1,Pro,UPI,0
CUST_02212,34,2991.01,86914.89,10,4,76,65.4,Pro,Card,0
CUST_02213,29,1846.54,48110.44,28,2,65,83.5,Free,Card,0
CUST_02214,4,2438.86,8498.56,6,2,24,21.8,Free,UPI,1
CUST_02215,17,1904.86,26409.3,27,1,19,40.5,Basic,Invoice,0
CUST_02216,35,3763.0,114680.37,12,1,70,34.7,Free,Card,0
CUST_02217,13,4083.35,45170.98,48,2,74,23.4,Basic,UPI,1
CUST_02218,41,4248.22,168939.15,3,1,68,47.1,Enterprise,Card,0
CUST_02219,39,4935.96,186285.7,46,1,28,95.0,Free,Net Banking,0
CUST_02220,15,4060.78,50452.91,33,3,17,56.1,Free,UPI,0
CUST_02221,55,3206.23,166822.59,10,3,71,32.2,Pro,Card,0
CUST_02222,29,2026.49,52313.57,31,1,26,38.6,Free,UPI,0
CUST_02223,29,2950.68,83319.35,15,3,41,63.2,Pro,Invoice,0
CUST_02224,11,684.81,6439.11,7,3,65,38.5,Free,UPI,0
CUST_02225,52,3851.71,163760.9,36,2,25,56.1,Basic,Card,0
CUST_02226,32,2506.8,77016.87,14,1,22,31.0,Free,Card,0
CUST_02227,2,590.1,1149.13,48,3,4,37.9,Pro,Invoice,0
CUST_02228,47,781.28,35548.87,14,2,79,72.0,Basic,UPI,0
CUST_02229,14,2243.6,27197.01,3,2,10,60.5,Enterprise,Card,0
CUST_02230,20,3125.4,50392.27,49,2,18,13.9,Basic,Card,0
CUST_02231,22,2588.92,47155.39,46,3,79,97.5,Pro,Invoice,0
CUST_02232,11,3286.42,35567.65,3,1,11,9.7,Basic,UPI,0
CUST_02233,27,2661.32,62716.6,22,3,1,12.9,Enterprise,Card,0
CUST_02234,3,3477.67,10183.05,19,1,42,71.6,Free,Card,1
CUST_02235,17,1486.07,25166.25,35,5,21,72.3,Basic,Invoice,0
CUST_02236,44,1007.79,38983.62,12,2,25,6.8,Basic,Net Banking,0
CUST_02237,56,3183.95,170329.21,5,1,32,66.1,Free,Card,0
CUST_02238,28,2681.1,62595.75,10,2,23,8.2,Basic,UPI,0
CUST_02239,29,620.9,15786.84,41,2,68,96.3,Pro,UPI,0
CUST_02240,21,2212.17,43716.39,33,1,20,71.1,Basic,Net Banking,0
CUST_02241,47,977.57,38659.8,13,0,45,22.7,Free,Card,1
CUST_02242,16,2891.11,39964.82,35,2,17,20.0,Free,Card,1
CUST_02243,37,2281.0,77034.67,32,3,4,59.1,Free,Card,0
CUST_02244,59,3259.18,180416.14,11,1,7,65.2,Enterprise,Card,0
CUST_02245,20,4125.21,71892.16,48,2,84,84.0,Basic,Card,0
CUST_02246,6,1848.51,9708.68,38,4,56,90.8,Basic,Card,0
CUST_02247,19,4829.46,75424.09,24,2,4,42.3,Basic,Card,0
CUST_02248,57,2910.36,165361.73,35,2,12,85.2,Free,Net Banking,0
CUST_02249,5,3282.31,15138.79,19,2,82,56.5,Free,Net Banking,1
CUST_02250,3,3563.03,9685.02,6,2,65,49.7,Basic,Card,0
CUST_02251,59,3500.29,173943.3,40,3,36,71.4,Pro,UPI,0
CUST_02252,1,2799.37,2512.73,45,2,89,14.8,Pro,Net Banking,1
CUST_02253,58,2429.44,125331.92,44,1,28,30.2,Pro,Card,0
CUST_02254,38,742.02,24015.51,42,2,68,82.6,Enterprise,Card,0
CUST_02255,15,599.39,7995.16,35,2,31,52.9,Free,UPI,0
CUST_02256,34,2110.83,60335.98,4,1,47,91.3,Free,Card,0
CUST_02257,35,2001.47,65991.62,33,2,1,13.4,Free,UPI,1
CUST_02258,49,2244.63,107980.38,13,0,68,34.8,Basic,UPI,0
CUST_02259,25,1122.66,22467.73,36,4,50,38.8,Basic,Card,0
CUST_02260,24,3821.76,83582.01,43,3,34,45.2,Pro,UPI,0
CUST_02261,12,4356.34,49477.42,19,2,82,98.7,Basic,Card,0
CUST_02262,18,4724.22,83457.62,43,5,14,34.5,Basic,Card,0
CUST_02263,15,2715.63,35507.57,12,4,71,54.3,Basic,Net Banking,0
CUST_02264,44,3653.9,157786.13,11,2,64,55.9,Free,Net Banking,0
CUST_02265,16,4349.98,67171.38,6,1,37,78.2,Pro,Card,0
CUST_02266,27,2382.31,58214.51,12,0,85,54.2,Enterprise,Card,0
CUST_02267,8,1892.36,12889.07,27,0,16,62.5,Basic,Net Banking,0
CUST_02268,46,4715.26,201841.0,41,2,79,76.6,Pro,Net Banking,0
CUST_02269,25,2820.54,60085.38,25,0,44,14.6,Basic,Invoice,1
CUST_02270,17,2737.64,40478.96,42,4,0,96.5,Free,Card,0
CUST_02271,29,1302.87,33755.46,3,1,2,85.4,Free,Card,0
CUST_02272,53,986.7,47044.42,3,2,69,41.9,Free,Invoice,0
CUST_02273,8,4289.48,28750.82,20,3,51,74.2,Basic,Card,0
CUST_02274,15,3263.6,45956.08,28,2,52,77.4,Free,Card,0
CUST_02275,27,1966.21,53001.84,23,5,2,85.8,Pro,UPI,0
CUST_02276,46,1362.81,53209.02,48,1,46,22.9,Enterprise,Card,1
CUST_02277,50,2999.74,136624.35,3,0,74,71.9,Free,Card,0
CUST_02278,52,3127.64,144900.56,42,3,85,8.2,Free,Card,1
CUST_02279,7,1431.47,8633.04,24,2,5,16.0,Pro,Invoice,0
CUST_02280,3,4331.33,11486.12,43,3,45,78.7,Pro,UPI,1
CUST_02281,29,879.19,24133.58,40,2,60,82.2,Basic,UPI,0
CUST_02282,44,2102.42,81678.4,6,0,42,61.3,Basic,UPI,0
CUST_02283,53,3561.73,170149.83,20,2,55,60.3,Pro,UPI,0
CUST_02284,24,1733.54,37255.07,11,1,69,76.2,Basic,Net Banking,0
CUST_02285,58,4224.54,223227.53,32,3,19,91.1,Free,Card,0
CUST_02286,3,3829.41,9859.64,27,3,46,45.0,Enterprise,UPI,0
CUST_02287,20,4050.6,73067.99,21,1,53,15.9,Free,Card,1
CUST_02288,46,1035.98,39409.24,44,0,40,84.7,Free,UPI,0
CUST_02289,15,1132.46,16108.28,48,3,74,37.5,Basic,UPI,0
CUST_02290,25,1789.13,36774.89,13,1,65,17.7,Free,Card,1
CUST_02291,30,2831.35,81287.37,22,6,30,63.4,Enterprise,UPI,0
CUST_02292,14,3866.07,52236.46,35,2,63,59.9,Basic,Net Banking,0
CUST_02293,7,4264.39,23994.39,47,1,89,50.1,Pro,Card,0
CUST_02294,17,3669.51,60271.16,22,2,57,86.7,Free,Card,0
CUST_02295,44,4678.69,191376.61,28,2,54,30.9,Free,Card,0
CUST_02296,20,3824.35,62672.06,21,0,45,6.3,Basic,UPI,1
CUST_02297,36,1878.21,67587.44,46,3,23,35.7,Enterprise,UPI,0
CUST_02298,9,1692.87,14064.09,18,1,76,5.9,Free,Net Banking,1
CUST_02299,38,3632.87,121506.85,31,2,88,56.6,Basic,Card,0
CUST_02300,48,1367.92,64152.79,46,2,36,40.9,Free,Card,0
CUST_02301,57,917.22,42260.46,37,3,40,82.3,Pro,UPI,0
CUST_02302,22,2895.0,60089.51,21,1,24,80.8,Enterprise,UPI,0
CUST_02303,54,4197.39,187842.61,14,1,28,46.3,Basic,UPI,0
CUST_02304,53,956.21,46143.35,25,2,30,25.6,Pro,Card,0
CUST_02305,53,4063.51,176425.35,27,1,1,45.1,Free,Card,0
CUST_02306,2,4152.07,7771.26,40,3,11,65.9,Free,Net Banking,0
CUST_02307,24,2670.23,57227.45,23,1,4,23.1,Free,Card,1
CUST_02308,8,757.9,4858.69,31,4,60,78.4,Free,Card,0
CUST_02309,11,1285.65,11515.66,47,0,55,36.4,Pro,Card,0
CUST_02310,13,3683.42,45040.5,29,2,77,93.6,Basic,Net Banking,0
CUST_02311,17,3703.0,55390.05,47,5,70,53.6,Free,Card,1
CUST_02312,8,4542.6,33957.95,30,3,36,85.5,Pro,Card,0
CUST_02313,21,3122.09,57563.05,26,3,35,63.5,Enterprise,Card,0
CUST_02314,18,1058.48,16620.33,20,2,73,57.7,Basic,Card,0
CUST_02315,30,1046.37,30480.22,38,4,28,69.8,Basic,Net Banking,0
CUST_02316,18,3745.1,65454.26,19,3,79,82.1,Free,Net Banking,0
CUST_02317,46,1327.03,60064.03,27,0,37,66.2,Basic,Invoice,0
CUST_02318,47,1977.73,89663.16,25,1,84,80.7,Basic,Card,0
CUST_02319,31,2692.45,68900.01,40,6,40,23.1,Enterprise,Card,1
CUST_02320,38,611.44,18896.76,38,4,32,31.4,Pro,Card,0
CUST_02321,32,1619.69,42069.62,23,5,80,26.8,Pro,Card,1
CUST_02322,11,2335.5,25588.8,29,3,12,80.8,Free,Net Banking,0
CUST_02323,45,1758.36,71231.81,15,3,5,13.2,Basic,Invoice,0
CUST_02324,25,1113.67,22914.71,3,0,65,80.6,Free,Card,0
CUST_02325,33,3776.06,113252.91,10,2,7,42.0,Pro,Card,0
CUST_02326,38,4159.16,148890.66,15,2,63,12.6,Free,Card,1
CUST_02327,41,1658.66,55689.21,16,3,8,45.3,Basic,Net Banking,0
CUST_02328,8,3984.89,27711.91,17,1,22,33.5,Free,UPI,0
CUST_02329,11,2234.99,20591.44,19,5,70,61.2,Basic,Invoice,0
CUST_02330,22,2780.09,60861.44,11,7,20,49.9,Basic,UPI,0
CUST_02331,51,4352.0,191687.89,48,3,0,33.2,Basic,Net Banking,0
CUST_02332,24,3874.79,87238.67,5,2,45,86.9,Free,Card,0
CUST_02333,41,4123.03,166286.57,5,4,61,43.6,Basic,Invoice,0
CUST_02334,17,1115.8,18449.57,14,1,1,49.7,Basic,UPI,0
CUST_02335,12,813.74,8581.33,26,0,74,85.4,Enterprise,UPI,0
CUST_02336,57,4520.32,222148.4,8,2,81,13.5,Free,Card,1
CUST_02337,46,2245.25,99341.27,5,2,43,42.0,Enterprise,Card,0
CUST_02338,32,1795.46,48321.24,7,0,87,43.3,Basic,Card,0
CUST_02339,15,3761.13,53227.37,16,2,82,52.1,Free,Card,0
CUST_02340,16,4263.87,65974.51,14,0,4,15.1,Pro,Invoice,0
CUST_02341,54,4381.2,229450.37,37,1,38,14.8,Basic,Net Banking,1
CUST_02342,22,1921.99,33902.44,41,0,65,44.6,Free,Net Banking,0
CUST_02343,28,4334.96,109237.85,4,2,80,8.1,Basic,Net Banking,1
CUST_02344,20,684.2,11925.85,36,1,44,29.2,Basic,UPI,1
CUST_02345,33,723.48,23773.9,48,1,74,24.1,Pro,Card,1
CUST_02346,10,3305.84,30043.98,17,0,12,51.5,Pro,Card,0
CUST_02347,40,783.98,27768.22,47,0,31,6.1,Basic,Invoice,1
CUST_02348,32,1960.74,53261.4,36,1,42,69.2,Basic,Card,0
CUST_02349,50,3527.4,170924.76,6,0,7,86.3,Free,UPI,0
CUST_02350,33,2017.7,57520.29,16,7,73,72.1,Basic,UPI,0
CUST_02351,2,1308.2,2525.74,29,1,88,82.7,Free,UPI,1
CUST_02352,33,1766.08,57017.21,36,4,58,66.1,Free,Invoice,0
CUST_02353,33,2559.09,68542.54,38,2,10,53.2,Basic,Card,0
CUST_02354,41,2639.24,97604.08,37,4,27,25.8,Free,Net Banking,0
CUST_02355,13,4023.5,46241.97,48,2,38,31.6,Basic,UPI,0
CUST_02356,30,3875.69,102157.95,48,2,25,35.2,Basic,Invoice,0
CUST_02357,33,2555.68,73735.68,10,2,71,8.6,Pro,Invoice,1
CUST_02358,13,4305.5,50732.41,41,4,25,91.7,Free,Card,0
CUST_02359,52,1014.07,43558.46,36,1,31,90.5,Basic,Card,0
CUST_02360,26,1649.09,41772.6,29,2,45,15.2,Pro,Net Banking,1
CUST_02361,22,4225.89,84750.75,14,3,27,57.9,Enterprise,Card,0
CUST_02362,39,2200.97,74629.31,4,5,6,49.4,Enterprise,Card,0
CUST_02363,2,4915.32,8342.34,44,1,34,69.9,Basic,UPI,1
CUST_02364,38,2598.14,91158.04,42,2,65,62.3,Pro,UPI,0
CUST_02365,39,4063.71,151724.74,36,0,21,16.8,Basic,UPI,0
CUST_02366,26,2310.38,53352.38,45,3,21,67.7,Basic,Net Banking,0
CUST_02367,46,2412.29,110621.89,13,3,2,62.8,Basic,Net Banking,0
CUST_02368,58,2222.97,116956.21,46,0,45,55.5,Basic,Net Banking,0
CUST_02369,50,3735.84,186004.17,18,1,49,43.2,Free,Invoice,0
CUST_02370,15,2963.83,44124.91,33,0,7,95.7,Pro,Card,0
CUST_02371,34,4747.0,148477.92,21,0,3,85.7,Pro,Card,0
CUST_02372,42,1629.01,62689.56,16,1,14,60.6,Free,Card,0
CUST_02373,55,952.53,43018.54,15,3,43,5.6,Pro,Invoice,1
CUST_02374,44,2269.68,98453.4,5,2,38,46.1,Basic,Card,0
CUST_02375,49,3275.21,154168.9,6,5,75,71.5,Basic,UPI,1
CUST_02376,40,4373.6,157465.82,38,2,28,16.1,Basic,UPI,0
CUST_02377,11,2057.89,19496.65,3,2,72,43.6,Enterprise,Invoice,0
CUST_02378,3,3442.04,9992.68,48,2,61,23.2,Basic,Invoice,1
CUST_02379,59,2075.89,105122.88,12,1,83,37.1,Pro,Net Banking,0
CUST_02380,6,3277.49,17863.07,36,2,33,7.5,Basic,Card,1
CUST_02381,9,4481.64,33871.73,33,1,25,17.0,Pro,Card,0
CUST_02382,6,1541.11,8885.14,36,0,84,48.2,Pro,Card,0
CUST_02383,9,2319.09,19839.94,33,4,86,90.3,Pro,Card,0
CUST_02384,39,4969.69,166364.55,31,1,17,51.6,Enterprise,Card,0
CUST_02385,31,4408.51,112538.71,21,3,62,48.0,Free,Card,0
CUST_02386,32,3040.88,81292.6,27,1,51,79.8,Basic,Card,0
CUST_02387,41,2824.82,106931.04,27,2,53,30.4,Basic,Net Banking,0
CUST_02388,50,1780.7,73899.76,8,2,87,14.0,Basic,Net Banking,1
CUST_02389,12,2827.44,29315.75,37,1,41,24.9,Pro,UPI,1
CUST_02390,8,4316.82,33423.92,32,2,53,80.2,Free,Invoice,0
CUST_02391,8,3583.29,23401.88,26,0,51,69.3,Pro,Card,0
CUST_02392,50,1805.2,82699.48,2,2,12,13.7,Pro,Card,0
CUST_02393,28,1406.59,34657.01,12,1,31,68.4,Free,Card,0
CUST_02394,20,1693.44,27910.03,22,1,82,93.5,Basic,Invoice,0
CUST_02395,47,1263.92,53575.91,17,0,80,9.3,Free,UPI,1
CUST_02396,59,930.38,49585.92,7,3,65,63.6,Pro,Invoice,0
CUST_02397,7,2386.11,14625.23,43,1,81,41.0,Free,Card,0
CUST_02398,11,1009.85,9009.59,4,2,57,52.6,Free,Net Banking,0
CUST_02399,20,1273.61,21431.63,37,1,38,55.2,Free,Card,0
CUST_02400,16,2962.96,41763.22,38,5,26,78.2,Free,Net Banking,0
CUST_02401,4,1240.7,4245.4,32,1,77,57.9,Basic,Invoice,0
CUST_02402,6,787.46,3931.5,11,4,53,61.3,Pro,Invoice,0
CUST_02403,58,1928.25,100363.11,1,1,78,36.6,Basic,Net Banking,0
CUST_02404,22,1491.44,28858.53,25,0,71,17.0,Free,Card,1
CUST_02405,26,2818.87,68379.27,42,3,72,69.9,Basic,UPI,0
CUST_02406,3,960.65,2628.59,24,3,84,5.0,Basic,Net Banking,1
CUST_02407,41,3882.97,132766.18,43,2,42,36.2,Basic,Card,0
CUST_02408,42,4578.05,180266.92,17,3,51,25.7,Basic,Net Banking,1
CUST_02409,14,3845.46,48080.04,8,2,13,41.9,Pro,Card,0
CUST_02410,11,2897.72,26223.22,45,2,7,34.6,Basic,Card,0
CUST_02411,18,4373.01,63261.83,27,1,34,71.9,Pro,UPI,0
CUST_02412,54,3627.13,181230.9,18,2,17,29.7,Basic,UPI,0
CUST_02413,12,547.48,6068.68,27,3,54,58.3,Free,Card,0
CUST_02414,23,2273.41,50410.96,22,1,77,48.3,Enterprise,Card,0
CUST_02415,12,4329.28,49482.98,16,2,51,81.1,Free,UPI,0
CUST_02416,13,2056.36,26077.75,2,2,71,45.7,Basic,Net Banking,0
CUST_02417,25,658.47,14132.14,5,2,48,87.1,Enterprise,Card,0
CUST_02418,45,3857.81,153226.65,18,2,7,5.0,Free,Invoice,1
CUST_02419,51,4109.17,170249.62,3,1,36,62.5,Free,Card,0
CUST_02420,58,1222.67,62566.02,27,2,65,5.9,Basic,Net Banking,1
CUST_02421,19,2918.03,46790.93,17,0,80,72.8,Free,Card,0
CUST_02422,55,1363.8,72088.41,16,3,76,27.3,Basic,UPI,1
CUST_02423,46,3736.55,160065.03,6,3,77,41.1,Pro,UPI,0
CUST_02424,36,1721.98,59284.62,7,1,40,41.1,Basic,UPI,0
CUST_02425,45,1922.97,79480.87,14,3,72,85.4,Basic,Net Banking,0
CUST_02426,8,4302.37,31651.24,38,6,26,14.7,Pro,Net Banking,1
CUST_02427,29,2643.45,64934.51,40,4,19,68.4,Pro,Card,0
CUST_02428,55,3513.9,180502.15,15,1,37,98.2,Pro,Net Banking,0
CUST_02429,53,2310.68,101499.12,47,1,11,7.1,Enterprise,Card,0
CUST_02430,55,1841.03,86591.49,47,0,41,96.8,Basic,Net Banking,0
CUST_02431,32,3314.65,88672.4,48,0,85,6.7,Free,UPI,1
CUST_02432,51,1196.86,60423.56,33,2,49,84.9,Basic,Card,0
CUST_02433,44,2178.5,93900.25,43,1,30,96.3,Pro,UPI,0
CUST_02434,18,1440.67,25282.91,27,2,76,99.3,Free,Invoice,0
CUST_02435,6,3631.08,21612.94,29,5,64,48.6,Pro,Card,0
CUST_02436,18,4748.94,78857.76,37,5,52,87.4,Basic,UPI,1
CUST_02437,19,4979.8,92623.54,5,2,39,16.6,Enterprise,UPI,1
CUST_02438,22,2526.25,47706.15,29,3,72,45.4,Pro,Card,0
CUST_02439,37,1636.39,53096.29,32,2,38,34.3,Pro,UPI,0
CUST_02440,32,2492.73,71263.62,6,2,9,42.5,Pro,Card,0
CUST_02441,56,4312.71,197527.88,2,0,28,71.7,Enterprise,Invoice,0
CUST_02442,41,1427.03,56456.85,6,2,39,13.3,Basic,Net Banking,1
CUST_02443,59,4784.43,232553.32,46,1,29,99.8,Enterprise,Invoice,0
CUST_02444,3,2038.4,5870.17,43,4,1,65.3,Free,UPI,0
CUST_02445,28,4936.12,136062.36,4,0,81,88.0,Pro,Card,0
CUST_02446,10,4273.74,39043.44,29,4,27,83.8,Basic,Card,0
CUST_02447,51,4138.57,175856.93,25,6,46,77.8,Basic,UPI,0
CUST_02448,35,1930.57,59957.6,9,3,31,8.7,Pro,Invoice,1
CUST_02449,29,539.5,12950.89,3,2,87,54.1,Basic,Net Banking,0
CUST_02450,54,2219.6,98740.26,26,2,77,36.2,Basic,UPI,0
CUST_02451,15,1858.14,26512.38,48,1,88,15.7,Free,Net Banking,1
CUST_02452,33,668.29,19376.43,43,2,88,37.6,Enterprise,Invoice,0
CUST_02453,7,2774.14,15535.68,27,2,31,66.3,Basic,Net Banking,0
CUST_02454,12,2313.64,22480.05,36,2,26,26.9,Free,UPI,0
CUST_02455,49,3355.5,158426.53,32,2,53,47.2,Basic,UPI,0
CUST_02456,30,3295.34,91340.86,1,3,55,43.4,Basic,UPI,0
CUST_02457,21,1043.36,21229.2,16,2,30,10.0,Basic,Net Banking,0
CUST_02458,31,4896.34,129737.16,48,1,23,64.7,Free,Net Banking,0
CUST_02459,58,1341.19,67121.36,11,2,34,63.8,Basic,Card,0
CUST_02460,24,2503.73,55485.12,26,2,29,96.8,Enterprise,UPI,0
CUST_02461,20,2696.53,50318.91,40,3,54,33.3,Enterprise,Net Banking,0
CUST_02462,37,4158.78,123915.94,1,2,63,44.8,Pro,UPI,0
CUST_02463,4,946.53,3715.86,26,3,32,43.3,Pro,UPI,1
CUST_02464,28,2428.9,65277.45,28,1,45,92.4,Free,Card,0
CUST_02465,44,3328.26,121016.85,9,3,32,43.8,Basic,UPI,0
CUST_02466,20,1468.2,23551.82,44,3,67,47.1,Pro,UPI,0
CUST_02467,24,3323.61,76084.05,22,4,63,29.0,Free,UPI,1
CUST_02468,50,4656.49,228302.07,8,3,29,5.1,Free,Invoice,1
CUST_02469,49,4988.83,211310.03,49,2,78,15.5,Basic,UPI,1
CUST_02470,51,646.03,28471.95,42,1,28,71.9,Basic,Net Banking,0
CUST_02471,32,1560.15,45078.29,27,5,61,69.8,Free,Card,1
CUST_02472,41,1896.38,72690.83,39,0,29,35.6,Basic,Net Banking,0
CUST_02473,36,2296.07,76833.9,19,0,11,49.9,Enterprise,UPI,0
CUST_02474,58,1590.16,87666.37,25,3,66,33.3,Free,Card,0
CUST_02475,53,1415.7,61736.17,38,4,14,74.4,Basic,Card,0
CUST_02476,34,4795.49,147388.15,21,2,9,85.0,Basic,Card,0
CUST_02477,36,4633.35,150331.69,24,5,85,90.4,Pro,UPI,0
CUST_02478,2,711.47,1408.67,24,1,60,21.5,Pro,Card,1
CUST_02479,15,2024.66,29873.36,19,0,22,71.0,Free,UPI,0
CUST_02480,34,2323.17,75043.48,47,3,10,96.5,Free,Card,0
CUST_02481,36,1575.57,55324.23,2,2,15,66.8,Basic,Net Banking,0
CUST_02482,6,3329.93,18963.11,14,2,48,38.3,Free,UPI,0
CUST_02483,39,3381.71,124513.75,32,1,79,65.4,Basic,Card,0
CUST_02484,42,4327.27,153237.1,42,2,13,70.4,Basic,Card,0
CUST_02485,51,3833.91,180561.73,32,2,5,42.7,Free,Invoice,0
CUST_02486,51,2941.58,147502.1,28,5,41,14.9,Basic,Invoice,1
CUST_02487,58,3441.14,189612.56,48,3,16,62.6,Basic,UPI,0
CUST_02488,54,1732.95,86181.35,39,0,41,81.2,Free,UPI,0
CUST_02489,12,3168.75,32383.43,40,4,9,99.8,Pro,Invoice,0
CUST_02490,3,2701.52,7583.67,42,1,45,26.2,Enterprise,Invoice,1
CUST_02491,45,1100.05,43037.85,47,5,83,71.5,Free,Card,1
CUST_02492,18,1591.45,23290.62,40,1,48,7.7,Free,UPI,1
CUST_02493,40,1812.62,61474.67,13,5,8,97.1,Enterprise,Net Banking,0
CUST_02494,21,4659.39,85894.82,12,1,78,6.2,Pro,Card,1
CUST_02495,15,1536.74,23035.74,8,1,38,39.1,Pro,Net Banking,0
CUST_02496,33,1801.6,56600.45,15,3,1,12.3,Basic,UPI,0
CUST_02497,35,2162.09,64769.65,26,1,67,64.0,Basic,UPI,0
CUST_02498,26,3486.84,86349.6,12,1,51,37.3,Enterprise,Card,0
CUST_02499,8,1032.07,7195.83,43,2,87,74.6,Basic,Card,0
CUST_02500,36,4792.75,159008.94,46,3,81,51.2,Pro,Card,0
CUST_02501,48,4395.07,201034.61,27,1,10,44.8,Pro,Invoice,0
CUST_02502,30,3097.47,88107.56,18,4,36,38.1,Pro,Card,0
CUST_02503,23,3533.17,67286.23,45,0,89,13.2,Enterprise,Card,1
CUST_02504,42,574.97,23306.13,36,2,71,24.5,Basic,Card,1
CUST_02505,44,2025.25,87737.58,49,1,21,65.7,Free,UPI,0
CUST_02506,14,4080.47,48368.17,27,2,51,52.2,Free,UPI,0
CUST_02507,14,848.67,10287.89,9,2,4,11.7,Pro,Net Banking,0
CUST_02508,2,1770.41,3497.05,39,2,1,56.7,Free,Invoice,1
CUST_02509,55,3133.84,171798.48,1,3,4,10.1,Free,UPI,0
CUST_02510,37,1653.86,54504.44,7,3,31,53.6,Pro,UPI,0
CUST_02511,5,4702.9,18974.03,26,3,18,96.7,Basic,UPI,0
CUST_02512,38,1089.76,40855.07,7,2,3,34.2,Pro,UPI,0
CUST_02513,45,4088.27,148112.03,7,4,86,73.7,Basic,UPI,0
CUST_02514,41,2785.77,98916.33,8,3,45,75.8,Basic,UPI,0
CUST_02515,54,3876.49,171219.33,16,6,82,43.5,Free,UPI,1
CUST_02516,47,1898.22,80504.26,3,3,25,61.4,Basic,Card,0
CUST_02517,14,2815.2,31826.41,45,1,49,49.8,Free,UPI,0
CUST_02518,56,4355.76,206134.52,10,2,25,31.9,Basic,Card,0
CUST_02519,39,2600.95,90458.39,7,7,70,76.7,Basic,Card,0
CUST_02520,25,2118.74,43160.53,21,2,31,71.8,Free,Card,0
CUST_02521,20,2912.7,52200.52,37,1,43,90.6,Basic,UPI,0
CUST_02522,2,3728.13,6360.36,31,5,25,63.7,Pro,Card,1
CUST_02523,39,2496.04,83073.02,23,3,60,41.9,Enterprise,Card,0
CUST_02524,6,4724.95,27992.69,27,5,87,72.8,Basic,Card,1
CUST_02525,17,1827.26,29138.91,22,2,50,63.8,Free,Card,0
CUST_02526,59,2639.59,153539.32,39,0,58,63.6,Pro,Invoice,0
CUST_02527,25,3906.17,89367.11,27,0,86,85.7,Pro,Net Banking,0
CUST_02528,57,3601.04,201448.53,49,1,37,91.5,Enterprise,Net Banking,0
CUST_02529,28,4386.38,118825.27,4,2,25,22.1,Basic,UPI,0
CUST_02530,2,4985.64,9966.98,24,3,44,34.8,Basic,Invoice,1
CUST_02531,35,2420.86,76309.68,23,2,30,66.8,Enterprise,Net Banking,0
CUST_02532,37,1000.18,34757.59,48,2,69,57.9,Basic,Card,0
CUST_02533,5,636.87,2649.81,19,3,44,67.0,Free,UPI,1
CUST_02534,1,3770.95,3725.32,42,1,30,46.1,Basic,UPI,0
CUST_02535,40,4433.06,155999.29,3,7,60,44.2,Free,UPI,1
CUST_02536,12,1493.21,17619.76,27,2,47,16.2,Pro,Net Banking,1
CUST_02537,56,1213.02,55711.56,3,6,44,64.2,Basic,UPI,1
CUST_02538,36,779.92,25355.07,28,1,59,21.7,Free,Net Banking,1
CUST_02539,45,4202.16,151330.72,17,0,60,68.7,Pro,Card,0
CUST_02540,23,1901.22,38620.78,31,1,51,96.9,Basic,Invoice,0
CUST_02541,47,2307.64,88571.67,10,6,51,29.4,Free,Card,1
CUST_02542,31,2762.38,76200.01,49,2,75,18.5,Free,Invoice,1
CUST_02543,11,4277.54,42872.71,22,2,80,7.3,Pro,UPI,1
CUST_02544,10,3428.75,33274.45,30,1,61,41.0,Basic,UPI,0
CUST_02545,3,3267.79,8421.94,49,1,25,25.4,Pro,Card,1
CUST_02546,54,1290.52,63650.42,21,1,66,51.7,Free,UPI,0
CUST_02547,14,2809.35,31987.48,36,1,78,54.8,Free,Net Banking,0
CUST_02548,16,3719.21,58477.94,23,2,48,38.2,Pro,Card,0
CUST_02549,10,4879.67,43445.95,38,2,87,76.2,Basic,Card,0
CUST_02550,29,1406.33,34687.16,12,2,43,91.0,Basic,Card,0
CUST_02551,10,542.95,4846.62,25,0,35,25.1,Enterprise,UPI,1
CUST_02552,12,838.86,9022.45,20,1,52,84.4,Free,Card,0
CUST_02553,30,2191.34,62365.05,49,4,43,17.5,Pro,UPI,1
CUST_02554,41,4192.45,171016.35,49,5,21,26.7,Pro,Invoice,1
CUST_02555,1,532.14,445.52,42,2,1,58.3,Free,Net Banking,1
CUST_02556,5,2555.29,10360.41,7,4,6,34.1,Basic,Net Banking,0
CUST_02557,20,1981.54,36901.88,29,0,15,9.0,Enterprise,UPI,0
CUST_02558,8,736.17,5753.41,48,3,87,33.0,Basic,Card,0
CUST_02559,43,2526.06,99171.49,29,6,43,91.0,Basic,Card,0
CUST_02560,12,1646.37,16120.74,13,0,64,21.6,Basic,Card,1
CUST_02561,1,2083.48,1842.54,3,6,72,77.6,Pro,Card,1
CUST_02562,57,3675.27,195024.36,2,2,70,73.6,Enterprise,UPI,0
CUST_02563,54,2846.98,133076.14,16,3,68,15.1,Pro,Net Banking,1
CUST_02564,20,1060.91,20560.04,30,3,60,36.3,Pro,Net Banking,0
CUST_02565,28,4826.37,114183.63,38,0,29,23.0,Free,Invoice,1
CUST_02566,57,3361.6,167257.21,6,1,41,7.2,Pro,Card,1
CUST_02567,43,3946.41,166859.42,45,1,73,21.4,Free,UPI,1
CUST_02568,37,856.46,28986.26,7,1,24,24.1,Pro,Net Banking,0
CUST_02569,47,711.76,26803.89,5,2,81,20.8,Free,UPI,1
CUST_02570,37,587.52,18451.51,7,6,70,13.7,Basic,Card,1
CUST_02571,12,1349.57,15395.84,34,2,56,55.0,Pro,Net Banking,0
CUST_02572,37,2364.84,70910.1,32,3,31,35.7,Pro,UPI,0
CUST_02573,49,4711.22,230529.18,49,2,49,91.3,Pro,Invoice,0
CUST_02574,49,2556.77,122723.63,13,7,74,22.8,Free,Card,1
CUST_02575,56,1806.15,85443.29,30,3,9,62.3,Free,Net Banking,0
CUST_02576,44,3028.71,130478.17,25,1,21,90.6,Enterprise,Card,0
CUST_02577,56,1003.71,52829.38,21,2,40,9.5,Free,Card,1
CUST_02578,28,3242.78,80362.46,21,2,46,54.0,Pro,UPI,0
CUST_02579,47,3057.94,120615.87,28,2,13,47.8,Enterprise,UPI,0
CUST_02580,15,4063.97,51208.6,48,1,2,93.2,Pro,UPI,0
CUST_02581,6,4940.09,27234.17,20,1,87,68.1,Basic,Net Banking,0
CUST_02582,44,1628.93,63302.4,34,1,77,38.2,Basic,Net Banking,0
CUST_02583,59,2793.45,151470.44,5,1,52,72.6,Basic,Card,0
CUST_02584,20,4589.89,79501.59,18,2,15,60.4,Basic,UPI,0
CUST_02585,50,4033.35,170613.71,39,2,60,38.0,Free,UPI,0
CUST_02586,14,2693.33,36474.03,43,2,27,79.6,Pro,Card,0
CUST_02587,2,4754.17,9356.29,11,0,34,68.5,Free,Net Banking,1
CUST_02588,9,757.57,6416.21,17,2,1,5.5,Basic,Card,0
CUST_02589,37,4689.49,144416.4,48,5,60,87.2,Basic,Invoice,0
CUST_02590,20,727.28,11905.02,45,2,55,42.7,Basic,Card,0
CUST_02591,26,2962.87,69933.32,22,2,54,66.3,Free,UPI,0
CUST_02592,29,4506.98,118948.41,37,2,17,42.7,Pro,Net Banking,0
CUST_02593,1,1682.24,1560.86,20,2,70,88.7,Basic,Card,0
CUST_02594,55,2625.12,141672.29,48,2,48,66.8,Pro,UPI,0
CUST_02595,35,1959.48,63737.1,48,4,41,60.0,Free,Card,0
CUST_02596,6,4784.65,28226.45,48,4,6,98.1,Free,UPI,0
CUST_02597,37,4206.41,128173.36,46,3,3,31.7,Free,UPI,0
CUST_02598,53,3690.51,184222.97,6,2,42,11.2,Free,Card,1
CUST_02599,59,3144.32,182822.74,34,1,79,54.0,Free,UPI,0
CUST_02600,5,4192.66,18711.03,14,1,58,45.3,Pro,UPI,1
CUST_02601,33,2265.2,74266.02,48,2,48,48.2,Free,UPI,0
CUST_02602,49,2513.98,112160.29,23,3,59,63.9,Free,Invoice,0
CUST_02603,51,3785.01,190833.91,20,2,5,63.4,Free,UPI,0
CUST_02604,14,2109.9,28052.92,13,2,19,42.3,Pro,UPI,0
CUST_02605,12,787.55,8425.7,47,2,30,87.0,Basic,UPI,0
CUST_02606,42,834.51,28279.91,44,4,82,66.9,Basic,UPI,0
CUST_02607,20,1019.13,18985.95,41,4,21,89.5,Pro,Card,0
CUST_02608,53,4413.57,199031.5,32,4,84,91.7,Basic,Net Banking,0
CUST_02609,50,2625.02,112578.06,26,4,81,20.9,Free,Card,1
CUST_02610,24,3707.97,71545.14,14,1,31,69.7,Pro,Card,0
CUST_02611,59,2268.09,121978.56,36,1,46,35.2,Basic,UPI,0
CUST_02612,43,1664.2,61388.9,8,0,33,84.5,Basic,Card,0
CUST_02613,34,2062.36,69873.25,40,1,26,74.6,Pro,Card,0
CUST_02614,25,4073.82,96733.01,22,2,43,23.9,Free,Card,1
CUST_02615,50,3313.47,144384.03,22,4,29,94.2,Free,Invoice,0
CUST_02616,29,4719.38,117549.38,16,2,32,69.9,Enterprise,Card,0
CUST_02617,57,3558.67,191280.99,27,2,26,95.1,Basic,Card,0
CUST_02618,39,3065.82,101732.56,10,4,55,24.2,Basic,Net Banking,1
CUST_02619,31,3245.88,89513.7,25,1,22,87.6,Pro,Invoice,0
CUST_02620,56,4740.67,220897.76,31,1,42,68.5,Free,UPI,0
CUST_02621,47,4046.9,161829.94,21,3,82,57.5,Free,Invoice,0
CUST_02622,43,608.19,21436.33,27,1,53,82.9,Free,Net Banking,0
CUST_02623,50,2903.63,128547.99,17,2,67,65.1,Pro,UPI,0
CUST_02624,23,3597.52,81531.32,33,1,52,68.6,Basic,Card,0
CUST_02625,44,3869.14,139627.86,31,0,82,29.1,Pro,UPI,1
CUST_02626,38,1459.14,49207.62,42,4,39,82.6,Free,UPI,0
CUST_02627,20,4402.3,75690.02,26,1,59,66.8,Basic,Card,0
CUST_02628,23,4801.29,96360.13,21,2,85,85.2,Basic,Invoice,0
CUST_02629,45,1565.22,67215.83,36,0,8,38.4,Free,UPI,0
CUST_02630,52,4471.77,206257.93,1,1,9,36.5,Pro,Net Banking,0
CUST_02631,16,936.4,13934.81,4,1,9,7.3,Basic,Net Banking,0
CUST_02632,50,750.68,37325.29,4,0,29,78.0,Basic,Card,0
CUST_02633,42,1081.51,41939.09,26,0,9,36.4,Free,Invoice,0
CUST_02634,55,759.83,36252.46,4,4,57,36.1,Pro,Net Banking,0
CUST_02635,8,4302.56,30273.88,49,1,35,70.4,Free,UPI,0
CUST_02636,50,765.73,35957.98,9,0,81,29.0,Pro,Net Banking,1
CUST_02637,21,1722.49,33960.96,30,0,43,91.4,Pro,Card,0
CUST_02638,1,966.9,844.7,45,4,56,56.1,Free,UPI,1
CUST_02639,55,1829.4,95072.35,4,4,42,97.1,Free,Card,0
CUST_02640,8,907.52,6607.58,5,2,82,12.3,Pro,Net Banking,1
CUST_02641,29,3506.01,101276.14,45,2,22,37.0,Free,Net Banking,0
CUST_02642,32,1099.97,34552.02,23,1,3,41.2,Pro,Card,0
CUST_02643,38,4333.31,158864.71,16,1,11,74.4,Basic,Card,0
CUST_02644,5,4177.36,16852.87,22,1,48,25.2,Basic,Card,1
CUST_02645,47,561.48,23119.55,37,5,23,40.7,Free,UPI,0
CUST_02646,22,4530.77,91170.33,8,0,12,91.5,Free,Card,0
CUST_02647,47,630.25,26787.64,48,5,67,15.9,Free,Invoice,1
CUST_02648,34,1578.41,51128.25,33,1,71,75.8,Free,Invoice,0
CUST_02649,1,645.75,634.01,38,1,89,71.7,Free,UPI,1
CUST_02650,55,2011.3,105912.19,43,0,33,17.4,Basic,Card,1
CUST_02651,55,2812.4,130557.83,16,1,8,70.4,Basic,Net Banking,0
CUST_02652,26,4084.9,95281.04,5,2,9,59.1,Free,Net Banking,0
CUST_02653,43,2020.92,76360.58,16,2,64,32.3,Free,Card,0
CUST_02654,10,3674.71,35028.81,7,0,71,34.6,Basic,UPI,0
CUST_02655,30,1343.77,39467.52,1,3,73,84.1,Pro,Invoice,0
CUST_02656,50,3877.69,166229.89,9,3,53,26.9,Basic,UPI,1
CUST_02657,18,1561.98,25241.71,18,3,42,53.7,Enterprise,Invoice,0
CUST_02658,17,1145.95,18436.64,45,1,58,69.7,Free,Invoice,0
CUST_02659,26,1334.34,28100.87,47,1,88,17.3,Free,Card,1
CUST_02660,8,1319.28,10476.29,3,2,58,93.6,Free,Invoice,0
CUST_02661,47,2807.88,126690.59,24,0,66,29.8,Free,Card,1
CUST_02662,40,4301.59,156328.95,28,2,60,35.3,Enterprise,Card,0
CUST_02663,49,858.22,40191.11,10,2,37,68.3,Basic,Card,0
CUST_02664,12,3681.3,42729.8,9,1,7,12.4,Basic,UPI,0
CUST_02665,27,3444.56,83588.14,13,0,64,64.6,Free,Card,0
CUST_02666,8,4426.34,31445.23,48,3,4,92.0,Pro,Card,0
CUST_02667,25,1598.66,38669.22,35,2,89,28.7,Pro,Card,1
CUST_02668,46,2525.49,112912.09,23,1,42,39.4,Basic,UPI,0
CUST_02669,4,4666.22,15393.4,47,1,59,27.1,Pro,Net Banking,1
CUST_02670,33,3469.97,112398.43,17,1,25,82.8,Enterprise,UPI,0
CUST_02671,1,2249.46,1924.1,46,0,10,20.9,Free,Net Banking,1
CUST_02672,19,1091.36,19355.53,7,3,33,37.9,Free,Card,0
CUST_02673,31,1681.18,49086.63,16,3,1,62.1,Free,Card,0
CUST_02674,16,3115.47,42666.72,40,2,20,43.4,Basic,Card,0
CUST_02675,14,3731.76,44974.03,36,2,25,11.2,Free,Card,0
CUST_02676,53,1059.9,52875.01,20,1,75,95.0,Pro,UPI,0
CUST_02677,48,3198.19,128185.79,24,6,72,37.1,Basic,UPI,1
CUST_02678,5,2976.58,14461.46,47,1,86,47.3,Pro,Card,1
CUST_02679,41,2812.8,97400.91,5,3,4,20.9,Basic,Card,0
CUST_02680,26,3605.55,81579.52,45,1,8,87.2,Pro,Card,0
CUST_02681,28,4268.52,101988.97,6,2,49,32.7,Basic,Net Banking,0
CUST_02682,2,1953.45,3317.19,28,1,9,6.9,Enterprise,Card,1
CUST_02683,50,4500.55,224076.36,5,0,57,35.1,Pro,UPI,0
CUST_02684,6,1222.85,6241.41,49,2,9,98.5,Basic,Card,0
CUST_02685,9,1278.61,10537.02,39,1,77,19.0,Basic,Invoice,1
CUST_02686,33,1700.47,53257.9,38,2,35,8.0,Enterprise,UPI,1
CUST_02687,41,1037.89,34400.02,2,1,73,59.9,Basic,Card,0
CUST_02688,25,1536.44,37501.21,43,3,55,40.3,Pro,Net Banking,0
CUST_02689,48,978.85,39024.53,39,1,61,80.5,Basic,UPI,0
CUST_02690,13,4197.89,50076.51,21,2,36,74.5,Pro,Net Banking,0
CUST_02691,9,1125.36,9401.29,40,3,40,22.6,Enterprise,UPI,1
CUST_02692,53,3862.84,189562.68,37,6,47,58.6,Basic,UPI,0
CUST_02693,13,715.61,8806.98,18,4,21,8.1,Basic,Net Banking,0
CUST_02694,31,4768.34,145785.67,48,2,86,46.8,Basic,UPI,0
CUST_02695,41,3700.22,149490.67,46,2,79,72.8,Free,Net Banking,0
CUST_02696,11,530.58,5343.88,12,0,60,44.4,Pro,Card,0
CUST_02697,4,3937.35,13764.72,17,2,74,16.2,Free,Net Banking,1
CUST_02698,34,2813.37,82674.34,37,4,47,10.8,Basic,UPI,1
CUST_02699,38,4007.14,148820.46,46,1,63,86.1,Basic,UPI,0
CUST_02700,46,2851.24,127304.4,38,2,83,89.7,Free,Card,0
CUST_02701,4,3384.61,11631.75,15,1,36,37.6,Pro,Card,0
CUST_02702,38,4038.49,127446.1,7,3,40,20.6,Free,UPI,1
CUST_02703,19,2322.99,42911.06,14,4,4,98.0,Pro,UPI,0
CUST_02704,6,512.19,2832.42,1,1,76,56.9,Free,Card,0
CUST_02705,34,4324.76,126842.38,38,1,51,50.3,Free,Card,0
CUST_02706,18,2214.01,36748.88,3,2,16,75.5,Basic,UPI,0
CUST_02707,13,2732.19,28885.02,37,3,89,21.0,Free,Card,1
CUST_02708,41,534.95,18380.41,44,1,61,60.1,Basic,Invoice,0
CUST_02709,23,2714.41,56760.01,31,3,51,89.6,Free,Card,0
CUST_02710,19,4939.19,85195.3,43,5,19,7.2,Basic,Card,1
CUST_02711,45,1752.2,66969.11,13,4,15,68.9,Basic,Card,0
CUST_02712,11,2279.38,24983.36,48,1,6,57.4,Basic,Card,0
CUST_02713,1,3592.35,3170.2,18,2,65,95.3,Pro,Net Banking,1
CUST_02714,24,4166.57,94168.58,17,1,11,29.6,Pro,Card,0
CUST_02715,54,2378.26,109379.35,17,2,42,86.6,Basic,Card,0
CUST_02716,7,1893.51,11728.91,11,1,39,34.4,Free,Invoice,0
CUST_02717,25,4720.22,114022.17,20,1,0,45.8,Basic,Card,0
CUST_02718,21,3547.15,72234.55,10,5,57,25.3,Pro,Card,1
CUST_02719,15,1035.6,12847.42,29,1,2,87.0,Basic,Card,0
CUST_02720,1,810.18,705.61,48,3,7,23.6,Free,UPI,1
CUST_02721,12,2675.97,26994.01,34,3,89,86.6,Basic,Net Banking,0
CUST_02722,58,1490.41,84546.66,17,4,74,48.3,Enterprise,Invoice,0
CUST_02723,7,1642.93,10934.37,42,7,60,84.3,Basic,Net Banking,0
CUST_02724,15,4449.61,60914.86,13,2,84,30.1,Basic,Net Banking,0
CUST_02725,21,903.05,17636.89,44,4,4,17.6,Free,Invoice,1
CUST_02726,19,3719.14,69450.43,47,2,25,57.7,Basic,Net Banking,0
CUST_02727,29,1720.14,42932.97,39,2,84,53.4,Free,Card,0
CUST_02728,25,3921.48,78697.73,27,2,72,38.9,Free,UPI,0
CUST_02729,33,3750.85,99674.88,26,1,16,68.0,Pro,UPI,0
CUST_02730,49,533.26,21147.78,28,1,65,14.0,Free,Card,1
CUST_02731,32,2791.11,73747.48,13,6,50,64.1,Enterprise,Card,1
CUST_02732,49,1126.94,50480.79,12,2,46,25.1,Basic,Net Banking,1
CUST_02733,35,4398.02,153348.43,44,1,39,17.3,Basic,Card,1
CUST_02734,44,4422.14,172000.34,28,1,26,91.4,Basic,UPI,0
CUST_02735,38,2382.56,85329.87,2,6,39,48.7,Basic,Card,0
CUST_02736,26,2499.78,62292.82,37,4,0,77.5,Enterprise,UPI,0
CUST_02737,11,1864.77,19697.7,34,2,45,13.5,Free,Card,1
CUST_02738,35,3724.73,115850.55,23,1,10,10.5,Pro,UPI,0
CUST_02739,8,2113.98,15389.59,45,2,38,52.0,Basic,Net Banking,0
CUST_02740,46,1705.07,67903.62,29,0,17,35.0,Pro,Net Banking,0
CUST_02741,14,2445.04,32093.62,35,0,46,5.5,Free,UPI,1
CUST_02742,10,911.69,7991.63,11,5,73,22.4,Pro,UPI,1
CUST_02743,2,3859.71,6655.78,48,0,20,25.8,Free,Net Banking,1
CUST_02744,46,556.68,23698.53,33,0,27,32.4,Enterprise,Card,0
CUST_02745,9,3400.18,26569.89,11,4,0,88.4,Pro,Card,0
CUST_02746,3,1322.89,3498.78,9,1,13,45.0,Basic,Card,0
CUST_02747,21,1545.82,30585.08,14,2,19,69.5,Enterprise,Card,0
CUST_02748,26,3360.34,84806.04,9,3,72,6.7,Free,Invoice,1
CUST_02749,8,4968.25,35253.13,39,3,44,82.3,Enterprise,UPI,0
CUST_02750,48,3999.73,173640.76,48,2,60,27.8,Pro,UPI,1
CUST_02751,2,1516.28,2878.74,3,5,26,34.4,Free,UPI,1
CUST_02752,6,1292.11,6550.92,29,3,55,9.3,Basic,Net Banking,1
CUST_02753,28,4398.05,108737.53,19,0,51,43.9,Pro,Card,0
CUST_02754,53,2498.83,127443.94,36,5,67,86.0,Basic,UPI,1
CUST_02755,29,1116.74,31702.02,32,2,36,41.0,Basic,Card,0
CUST_02756,26,4379.95,105791.14,7,3,81,91.3,Free,Net Banking,0
CUST_02757,25,4172.42,91655.45,28,1,30,87.4,Free,Net Banking,0
CUST_02758,12,4927.58,54470.53,44,2,48,10.9,Enterprise,Invoice,1
CUST_02759,5,4593.85,19196.97,18,0,52,34.0,Free,UPI,1
CUST_02760,34,4333.06,118722.43,5,2,38,91.5,Enterprise,Card,0
CUST_02761,48,736.58,28812.29,23,1,9,7.8,Free,Net Banking,0
CUST_02762,37,969.87,29484.51,22,2,8,77.8,Basic,Net Banking,0
CUST_02763,15,3060.42,38796.88,26,3,12,91.1,Free,Card,0
CUST_02764,44,2891.66,113535.79,42,2,17,78.2,Enterprise,Card,0
CUST_02765,36,2560.83,78035.2,12,2,11,75.7,Free,Card,0
CUST_02766,15,2285.55,31437.96,40,1,71,85.1,Basic,UPI,0
CUST_02767,43,2440.45,104903.67,19,2,86,68.3,Pro,Net Banking,0
CUST_02768,48,3061.84,132218.02,47,2,4,45.2,Pro,Card,0
CUST_02769,23,509.34,11145.14,1,4,6,11.0,Pro,Net Banking,0
CUST_02770,6,1673.19,8618.4,3,1,14,79.9,Enterprise,Card,0
CUST_02771,46,2832.26,129316.73,27,3,66,91.0,Enterprise,Card,0
CUST_02772,50,3749.97,159340.18,18,1,17,53.6,Pro,Card,0
CUST_02773,44,1283.71,51926.52,30,2,37,55.6,Basic,UPI,0
CUST_02774,59,2960.97,174114.81,2,2,25,43.3,Basic,Invoice,0
CUST_02775,43,3715.07,153621.53,5,0,37,86.4,Free,UPI,0
CUST_02776,45,2500.82,112357.59,29,1,58,6.4,Pro,UPI,1
CUST_02777,21,621.87,11439.24,33,3,51,64.3,Free,Card,0
CUST_02778,23,2521.71,47299.98,42,3,32,91.2,Pro,Card,0
CUST_02779,43,1834.0,66930.03,20,2,20,14.8,Basic,Card,0
CUST_02780,55,4683.42,255404.45,30,1,16,96.1,Enterprise,Card,0
CUST_02781,16,1060.76,14835.63,42,1,61,96.9,Free,UPI,0
CUST_02782,47,3436.14,133229.02,5,0,58,93.3,Pro,UPI,0
CUST_02783,53,737.24,35893.94,21,1,1,48.9,Basic,Card,0
CUST_02784,15,2507.77,33858.08,15,2,63,41.4,Enterprise,Card,0
CUST_02785,25,2992.91,60793.02,20,0,24,72.1,Free,Card,0
CUST_02786,36,1840.8,59018.27,8,3,40,35.3,Free,Invoice,0
CUST_02787,11,2547.84,25968.38,49,2,18,11.5,Basic,UPI,0
CUST_02788,51,1235.99,53361.91,31,4,37,90.6,Basic,UPI,0
CUST_02789,15,1868.56,23120.29,12,1,24,65.3,Basic,UPI,0
CUST_02790,4,3294.98,12823.53,21,4,38,24.7,Enterprise,Card,1
CUST_02791,21,1858.1,36097.09,30,2,3,6.7,Free,Net Banking,1
CUST_02792,13,4548.84,49144.16,27,1,2,73.7,Basic,Invoice,0
CUST_02793,22,3327.83,67781.49,44,5,33,86.0,Free,UPI,1
CUST_02794,19,2473.92,44515.65,26,5,9,43.5,Free,Card,0
CUST_02795,34,674.41,21084.21,33,2,26,12.7,Enterprise,UPI,0
CUST_02796,14,2747.97,31671.01,26,2,89,66.6,Basic,UPI,0
CUST_02797,4,3941.49,13006.11,26,3,0,33.2,Pro,Net Banking,0
CUST_02798,48,1695.01,65822.99,36,3,43,18.7,Pro,Card,1
CUST_02799,53,4130.48,185377.77,40,2,83,53.5,Pro,Card,0
CUST_02800,52,1633.13,68951.32,1,3,51,50.8,Basic,UPI,0
CUST_02801,46,4206.86,185980.2,15,2,24,54.1,Pro,Invoice,0
CUST_02802,27,883.71,19161.65,1,0,73,83.3,Basic,Net Banking,0
CUST_02803,29,4397.83,116849.9,11,2,64,51.0,Basic,Net Banking,0
CUST_02804,47,2746.34,124168.72,2,4,79,90.6,Free,Card,0
CUST_02805,28,1834.42,50283.71,1,0,10,85.0,Basic,Net Banking,0
CUST_02806,35,1693.01,52256.76,31,4,67,66.9,Enterprise,Card,0
CUST_02807,8,2444.05,18070.03,44,0,76,10.4,Basic,UPI,1
CUST_02808,16,4995.72,79150.86,16,2,84,87.2,Pro,Card,0
CUST_02809,42,1491.47,58527.56,22,0,14,91.0,Free,Invoice,0
CUST_02810,36,964.47,34034.09,42,1,56,40.6,Enterprise,Card,0
CUST_02811,30,3132.66,88045.77,18,2,73,55.0,Free,Net Banking,0
CUST_02812,18,2698.44,39518.09,47,1,63,31.7,Enterprise,Card,0
CUST_02813,2,2858.88,4799.35,17,4,10,6.4,Pro,Net Banking,1
CUST_02814,49,3501.21,169516.05,30,2,19,50.5,Free,Card,0
CUST_02815,13,1702.15,21438.75,10,0,29,17.3,Basic,Invoice,0
CUST_02816,4,4597.99,16268.5,35,1,9,22.4,Pro,UPI,1
CUST_02817,26,2460.52,53240.37,21,4,53,50.7,Basic,Card,0
CUST_02818,25,1080.89,22467.22,16,6,57,87.4,Free,Card,1
CUST_02819,30,3840.34,113018.03,6,1,78,85.2,Pro,UPI,0
CUST_02820,11,3393.97,31107.97,3,3,28,96.7,Basic,Card,0
CUST_02821,7,1920.85,11795.54,41,2,0,50.9,Free,Card,0
CUST_02822,31,3296.83,100174.14,43,0,57,57.4,Free,UPI,0
CUST_02823,44,1489.38,52864.37,21,4,20,83.1,Basic,Net Banking,0
CUST_02824,10,2501.78,23170.19,13,3,14,71.5,Free,Card,0
CUST_02825,39,4547.36,154313.05,18,0,66,22.4,Pro,UPI,1
CUST_02826,13,1100.9,11757.87,24,0,32,42.8,Pro,UPI,0
CUST_02827,31,2240.13,63437.45,27,2,37,93.3,Basic,Invoice,0
CUST_02828,7,4195.14,26340.7,4,3,18,18.9,Basic,Net Banking,0
CUST_02829,56,4862.71,223252.16,22,2,3,24.9,Pro,UPI,0
CUST_02830,49,2542.67,106331.08,24,2,75,43.1,Enterprise,Net Banking,0
CUST_02831,42,2781.5,110756.53,40,1,88,94.3,Basic,UPI,0
CUST_02832,42,3074.77,122834.42,45,3,80,15.8,Enterprise,Card,1
CUST_02833,56,4695.57,241846.49,10,3,57,68.9,Basic,Card,0
CUST_02834,36,4361.93,129093.53,2,1,69,17.6,Basic,Net Banking,1
CUST_02835,20,1267.71,24609.25,40,1,11,54.8,Free,Invoice,0
CUST_02836,4,2465.41,8229.94,6,2,78,56.0,Basic,Invoice,1
CUST_02837,54,2588.0,131952.12,48,3,16,9.0,Basic,UPI,0
CUST_02838,7,4050.93,22926.72,18,2,0,95.6,Pro,UPI,0
CUST_02839,54,3213.02,150317.16,17,2,13,81.6,Enterprise,Card,0
CUST_02840,1,3443.99,3084.69,38,1,1,33.8,Enterprise,Card,0
CUST_02841,44,4991.9,176943.3,45,4,3,17.4,Free,UPI,0
CUST_02842,56,837.32,39120.76,23,1,65,37.8,Basic,Net Banking,0
CUST_02843,45,1503.54,58442.89,46,0,89,90.0,Free,Card,0
CUST_02844,42,2335.53,97749.08,30,3,45,17.6,Free,UPI,1
CUST_02845,47,2065.02,92775.3,21,0,49,38.2,Free,UPI,0
CUST_02846,59,597.41,34124.19,10,2,59,52.0,Basic,Invoice,0
CUST_02847,13,913.0,11079.75,43,3,51,8.1,Pro,Card,1
CUST_02848,55,3564.29,168292.73,13,3,47,30.5,Basic,UPI,0
CUST_02849,22,4456.96,92355.21,12,3,38,61.6,Pro,UPI,0
CUST_02850,54,2814.02,142041.61,9,1,69,35.8,Enterprise,Card,0
CUST_02851,21,2926.36,56659.58,4,2,59,87.7,Basic,Card,0
CUST_02852,22,1647.92,31166.48,39,2,29,94.0,Pro,Card,0
CUST_02853,28,3955.44,94432.18,24,0,85,46.9,Free,UPI,0
CUST_02854,9,3883.08,30308.75,34,0,26,55.5,Basic,UPI,0
CUST_02855,26,3147.65,70584.37,39,2,82,64.9,Basic,Net Banking,0
CUST_02856,9,1456.99,10694.45,41,2,73,68.1,Free,Net Banking,0
CUST_02857,15,936.58,13493.15,5,3,54,11.0,Basic,Card,1
CUST_02858,10,789.07,6895.3,15,3,69,10.1,Basic,Invoice,1
CUST_02859,24,3167.13,71551.35,4,1,25,87.2,Pro,Net Banking,0
CUST_02860,58,4212.66,209146.45,39,2,41,25.9,Pro,UPI,1
CUST_02861,57,4362.49,228869.25,8,1,66,60.5,Pro,Card,0
CUST_02862,42,2586.3,87652.96,49,1,66,64.3,Basic,Card,0
CUST_02863,8,4029.22,26470.61,45,0,51,20.6,Free,Net Banking,1
CUST_02864,24,4760.96,99740.89,24,3,5,77.4,Basic,UPI,0
CUST_02865,16,1738.27,23744.69,28,2,9,87.3,Free,Card,0
CUST_02866,49,2290.82,97734.06,43,2,37,32.1,Free,UPI,0
CUST_02867,26,4691.66,120292.28,27,0,76,88.4,Free,Card,0
CUST_02868,27,2022.04,44482.99,1,3,11,12.7,Basic,Net Banking,0
CUST_02869,37,4612.44,152322.18,34,2,45,81.0,Basic,Net Banking,0
CUST_02870,4,4914.7,16506.54,17,3,48,65.8,Free,Card,1
CUST_02871,50,3478.15,151502.6,37,2,71,60.4,Free,Card,0
CUST_02872,24,4176.01,93750.45,38,5,62,26.9,Pro,Card,1
CUST_02873,19,3872.96,73187.98,26,3,68,39.4,Pro,Card,0
CUST_02874,36,3647.9,123306.46,24,0,42,91.5,Basic,Card,0
CUST_02875,39,1881.19,71676.7,39,3,59,49.2,Free,Net Banking,0
CUST_02876,10,756.92,6278.29,21,2,28,61.5,Free,Card,0
CUST_02877,25,2043.73,42728.18,30,4,85,93.9,Free,UPI,0
CUST_02878,18,3501.21,61468.53,47,2,77,49.3,Pro,Card,0
CUST_02879,19,961.38,16832.4,48,4,73,41.9,Basic,Card,0
CUST_02880,36,553.63,19102.04,13,4,10,89.9,Pro,Card,0
CUST_02881,10,1128.62,9532.01,37,2,34,91.5,Basic,UPI,0
CUST_02882,33,3720.81,106789.95,3,2,22,38.7,Pro,Card,0
CUST_02883,55,4877.57,218960.85,32,3,71,61.2,Basic,Net Banking,0
CUST_02884,50,4923.79,241048.35,35,2,20,96.6,Free,Card,0
CUST_02885,5,2722.91,13495.71,19,2,36,10.3,Free,UPI,1
CUST_02886,47,4412.09,201456.74,14,3,27,8.8,Pro,Invoice,0
CUST_02887,49,3815.72,165924.17,48,3,57,54.1,Basic,UPI,0
CUST_02888,35,2754.68,83709.06,22,2,52,32.7,Free,UPI,0
CUST_02889,44,3077.42,120853.01,17,2,27,60.3,Pro,Card,0
CUST_02890,34,1117.52,35241.89,4,2,41,73.8,Free,Net Banking,0
CUST_02891,33,4719.48,138035.11,45,4,84,11.6,Basic,UPI,1
CUST_02892,55,2083.68,101345.66,40,4,72,88.8,Enterprise,Card,0
CUST_02893,21,2507.67,46668.65,19,3,60,31.3,Free,Card,0
CUST_02894,17,3522.47,56822.94,37,2,78,41.2,Free,UPI,0
CUST_02895,22,2002.56,42177.68,2,4,32,37.0,Basic,Card,0
CUST_02896,48,1644.17,76876.73,15,2,54,84.8,Basic,Net Banking,0
CUST_02897,37,3339.72,104860.88,2,2,36,21.2,Free,Card,1
CUST_02898,15,612.43,7638.54,11,6,46,7.7,Basic,UPI,1
CUST_02899,35,3743.26,113854.6,45,1,35,97.3,Free,Card,0
CUST_02900,28,2813.11,69637.16,23,0,27,98.2,Free,UPI,0
CUST_02901,7,3225.89,21234.79,10,1,9,29.5,Pro,Card,0
CUST_02902,32,3343.46,101810.88,3,1,22,5.9,Pro,UPI,0
CUST_02903,11,2871.73,31488.91,5,2,4,66.4,Pro,Invoice,0
CUST_02904,10,3121.4,27332.37,3,0,81,66.6,Free,Net Banking,0
CUST_02905,9,3577.05,28346.46,38,5,5,94.3,Pro,Card,0
CUST_02906,14,3889.03,49460.0,13,4,41,33.4,Basic,UPI,0
CUST_02907,13,3773.54,47293.29,42,3,46,23.0,Basic,UPI,1
CUST_02908,57,4413.27,234497.55,19,2,86,63.6,Basic,Invoice,0
CUST_02909,25,1352.5,30922.61,40,1,27,58.5,Pro,Net Banking,0
CUST_02910,2,2305.17,4285.88,35,2,12,73.2,Pro,Card,0
CUST_02911,35,4765.08,148914.24,24,3,24,89.1,Basic,Card,0
CUST_02912,7,2284.66,15221.95,24,4,6,58.2,Pro,Net Banking,0
CUST_02913,21,1061.92,18176.08,17,1,65,19.3,Pro,Card,1
CUST_02914,18,2864.5,46497.96,40,0,79,61.8,Free,Invoice,0
CUST_02915,3,992.71,2862.92,10,1,57,40.5,Basic,Invoice,1
CUST_02916,42,1412.84,51061.68,2,0,65,48.0,Free,Net Banking,0
CUST_02917,54,4992.43,261148.49,44,2,35,96.2,Basic,Card,0
CUST_02918,39,2936.13,109535.53,23,2,1,57.7,Pro,UPI,0
CUST_02919,41,1778.26,66794.09,6,0,37,19.2,Enterprise,UPI,1
CUST_02920,49,4976.49,207375.59,2,0,73,47.1,Free,Net Banking,0
CUST_02921,11,4849.52,51862.53,21,0,13,26.7,Free,Card,1
CUST_02922,39,2483.33,78060.39,35,0,26,17.9,Basic,Card,0
CUST_02923,24,1671.81,36853.49,49,2,14,72.7,Basic,Card,0
CUST_02924,46,4272.8,188001.47,29,3,84,64.7,Pro,Card,0
CUST_02925,19,3720.29,63410.6,7,2,11,52.3,Basic,Invoice,0
CUST_02926,4,3591.24,11787.47,29,2,42,45.2,Basic,Invoice,0
CUST_02927,26,4519.01,113593.02,37,3,56,35.6,Free,Net Banking,0
CUST_02928,38,3602.38,134401.45,23,2,85,13.4,Pro,Invoice,1
CUST_02929,42,1777.09,68119.06,33,3,47,33.4,Free,Card,0
CUST_02930,32,3622.38,110981.72,8,3,60,84.6,Free,UPI,0
CUST_02931,39,1876.16,67473.42,12,3,81,79.4,Basic,UPI,0
CUST_02932,45,3916.58,161204.66,46,2,43,97.4,Basic,UPI,0
CUST_02933,46,3288.87,124987.26,48,0,51,67.3,Pro,Card,0
CUST_02934,36,848.35,27100.46,10,4,61,57.6,Free,Net Banking,0
CUST_02935,40,2807.76,105095.44,15,1,1,33.1,Enterprise,UPI,0
CUST_02936,37,2044.85,67404.75,24,2,70,12.3,Free,Net Banking,1
CUST_02937,33,1978.57,60301.36,26,3,30,63.7,Basic,Net Banking,0
CUST_02938,36,3210.15,113134.1,47,5,81,51.4,Basic,Card,1
CUST_02939,3,1950.46,5109.68,42,1,72,77.1,Pro,Card,0
CUST_02940,9,3996.02,34730.51,39,2,71,44.1,Pro,Net Banking,0
CUST_02941,8,818.56,5276.82,3,2,32,98.6,Free,UPI,0
CUST_02942,33,3471.75,111191.72,2,3,4,42.8,Basic,Net Banking,0
CUST_02943,59,4141.38,200686.27,6,3,77,36.6,Basic,Card,0
CUST_02944,6,3527.74,18293.9,21,1,57,87.7,Pro,Net Banking,0
CUST_02945,41,2737.53,101316.66,9,4,76,42.6,Basic,Net Banking,0
CUST_02946,39,4776.38,173240.61,10,2,10,87.7,Basic,Card,0
CUST_02947,4,1849.72,7329.5,36,3,83,7.6,Pro,UPI,1
CUST_02948,13,586.26,6565.1,3,1,22,70.8,Basic,Card,0
CUST_02949,49,2443.95,97847.0,41,3,44,11.8,Enterprise,Card,1
CUST_02950,2,648.55,1156.71,24,1,26,19.1,Enterprise,UPI,1
CUST_02951,5,4792.72,20825.65,22,1,78,71.5,Pro,Card,0
CUST_02952,44,1444.63,58480.14,49,1,55,32.5,Pro,Net Banking,0
CUST_02953,27,4050.17,107665.77,14,4,58,25.0,Basic,Net Banking,1
CUST_02954,32,3985.57,118441.14,42,2,79,81.1,Basic,Net Banking,0
CUST_02955,21,1479.78,28452.71,45,0,39,94.9,Free,Card,0
CUST_02956,8,3295.52,22388.89,44,1,17,27.1,Pro,Card,0
CUST_02957,38,716.36,23218.81,27,4,50,35.1,Basic,Net Banking,0
CUST_02958,8,2676.09,18994.14,33,1,60,72.8,Basic,Net Banking,0
CUST_02959,50,565.91,27680.31,22,1,22,82.5,Pro,Card,0
CUST_02960,3,4645.15,12763.43,29,3,35,99.9,Pro,Card,1
CUST_02961,54,4892.39,237487.35,19,0,37,31.0,Basic,Card,0
CUST_02962,44,1500.27,59972.42,19,1,71,57.9,Free,Net Banking,0
CUST_02963,58,1436.48,80546.13,6,1,55,17.7,Free,Net Banking,1
CUST_02964,3,3891.74,10923.09,45,2,38,36.4,Basic,Card,1
CUST_02965,22,1640.21,35560.85,19,2,75,9.3,Basic,UPI,1
CUST_02966,6,4527.84,24894.47,13,1,81,25.0,Free,Card,1
CUST_02967,2,3082.68,5174.01,26,2,82,53.1,Basic,Net Banking,1
CUST_02968,23,2078.5,38423.44,22,1,68,20.6,Free,Net Banking,1
CUST_02969,44,4247.12,161350.65,21,2,27,89.5,Free,Net Banking,0
CUST_02970,2,2720.33,4420.79,36,2,89,72.5,Pro,UPI,0
CUST_02971,38,4602.35,154149.7,2,4,20,7.6,Basic,Card,0
CUST_02972,17,4676.06,66581.61,47,1,61,88.3,Basic,Net Banking,0
CUST_02973,35,1244.39,38370.01,44,4,22,97.8,Free,Net Banking,0
CUST_02974,34,510.46,15270.2,30,3,20,52.7,Pro,UPI,0
CUST_02975,23,4927.69,96931.79,27,3,74,34.9,Enterprise,Card,0
CUST_02976,30,4577.62,127793.04,7,1,15,30.0,Basic,Card,0
CUST_02977,52,749.5,34557.73,20,3,61,13.3,Enterprise,Card,1
CUST_02978,8,4248.65,33264.93,31,2,64,51.7,Basic,Card,0
CUST_02979,22,2560.12,45915.12,23,2,79,9.8,Free,Card,1
CUST_02980,44,1665.33,64637.27,13,1,4,52.9,Free,Card,0
CUST_02981,58,4454.36,246776.07,17,1,45,29.0,Free,Invoice,1
CUST_02982,36,1385.0,44819.51,4,0,63,50.3,Basic,UPI,0
CUST_02983,5,4762.85,23652.7,14,3,81,44.7,Basic,Card,1
CUST_02984,13,1425.3,15470.98,20,3,40,34.0,Basic,Card,0
CUST_02985,29,3261.57,81646.69,13,3,43,47.6,Basic,Invoice,0
CUST_02986,31,1503.89,38379.51,3,1,88,50.0,Basic,UPI,0
CUST_02987,47,2955.51,117981.77,26,1,14,84.2,Free,Invoice,0
CUST_02988,57,3577.89,190582.99,26,1,67,68.2,Free,Net Banking,0
CUST_02989,55,1356.03,66928.77,18,6,50,46.1,Pro,Card,0
CUST_02990,16,2843.99,37878.01,32,3,53,91.0,Pro,Net Banking,0
CUST_02991,42,2610.77,98132.16,14,1,67,76.8,Basic,UPI,0
CUST_02992,30,819.67,23839.62,47,4,88,12.2,Free,UPI,1
CUST_02993,57,4182.39,211687.55,3,1,76,19.6,Free,Net Banking,1
CUST_02994,55,2010.57,88757.34,1,1,41,12.8,Enterprise,Net Banking,1
CUST_02995,16,3085.62,40038.23,26,2,45,35.3,Free,Net Banking,0
CUST_02996,12,2816.53,30000.24,24,0,24,46.4,Free,Net Banking,0
CUST_02997,17,2809.67,43878.71,49,2,66,52.9,Basic,UPI,0
CUST_02998,16,982.5,15363.26,35,0,34,85.9,Free,UPI,0
CUST_02999,12,2405.67,28763.89,14,1,72,6.7,Enterprise,Net Banking,1
CUST_03000,8,2535.65,20205.59,3,3,77,45.7,Basic,UPI,0
CUST_03001,20,3801.39,69305.33,13,3,21,44.0,Enterprise,Card,0
CUST_03002,3,4280.08,10363.95,47,2,8,95.0,Pro,UPI,0
CUST_03003,16,2952.42,39807.9,14,1,23,27.9,Pro,Card,0
CUST_03004,30,890.52,23693.17,21,0,22,16.6,Pro,Card,0
CUST_03005,45,1565.82,68766.25,26,2,60,18.5,Basic,Card,1
CUST_03006,23,1242.2,22979.67,3,1,36,54.4,Free,Card,0
CUST_03007,28,1060.77,26786.88,40,2,44,42.1,Basic,Card,0
CUST_03008,51,2146.55,101886.74,4,4,14,76.6,Free,Card,0
CUST_03009,40,1532.27,52565.81,36,1,56,35.7,Basic,UPI,0
CUST_03010,54,1482.36,69091.8,43,4,13,17.2,Basic,Card,0
CUST_03011,5,746.12,3274.29,1,0,51,41.8,Free,Card,1
CUST_03012,20,579.52,9908.85,40,1,83,88.9,Free,Net Banking,0
CUST_03013,40,962.46,34164.93,47,0,35,43.5,Free,Net Banking,0
CUST_03014,56,1274.89,59372.44,33,1,26,84.2,Pro,Card,0
CUST_03015,44,2439.43,90146.99,7,1,16,40.3,Pro,Net Banking,0
CUST_03016,1,2797.34,2258.65,11,5,89,31.7,Pro,UPI,1
CUST_03017,57,1132.66,56960.32,27,1,40,78.6,Free,Card,0
CUST_03018,30,2411.53,68111.32,14,1,3,24.9,Free,Net Banking,0
CUST_03019,21,2037.87,38568.4,22,0,2,27.0,Free,Invoice,1
CUST_03020,20,1325.41,24019.92,16,3,18,9.7,Basic,UPI,0
CUST_03021,6,530.78,2834.33,46,2,40,22.8,Basic,Card,1
CUST_03022,22,2601.58,52482.52,12,2,39,41.0,Pro,Card,0
CUST_03023,18,3585.43,54594.75,49,2,57,43.0,Pro,Card,0
CUST_03024,8,1518.25,10220.9,46,3,38,45.0,Free,Card,0
CUST_03025,39,1093.13,42137.23,10,1,6,50.6,Enterprise,Card,0
CUST_03026,32,4491.69,127935.1,24,1,35,59.3,Pro,UPI,0
CUST_03027,33,1737.61,55359.14,46,1,82,23.0,Pro,UPI,1
CUST_03028,53,1506.26,78503.89,18,3,75,63.3,Free,UPI,0
CUST_03029,16,4356.94,64341.66,22,4,19,37.0,Enterprise,Card,0
CUST_03030,12,4176.98,43094.34,9,3,75,74.7,Basic,Card,0
CUST_03031,38,2517.56,89540.81,17,0,28,57.9,Free,UPI,0
CUST_03032,52,2701.57,124492.41,38,3,83,57.7,Pro,Invoice,0
CUST_03033,34,1479.87,50044.56,40,3,67,70.1,Free,UPI,0
CUST_03034,14,852.36,11482.66,13,0,65,36.6,Enterprise,UPI,0
CUST_03035,36,3080.44,106791.47,37,3,46,45.8,Pro,Card,0
CUST_03036,33,942.55,28545.45,6,4,22,60.4,Basic,Card,0
CUST_03037,23,2521.74,46497.64,21,1,5,45.0,Free,UPI,0
CUST_03038,50,4732.24,228653.35,36,3,17,47.2,Basic,UPI,0
CUST_03039,45,4787.75,173452.27,7,2,52,30.9,Free,Card,0
CUST_03040,2,1577.0,2600.38,36,1,21,32.3,Free,Card,1
CUST_03041,41,3308.51,131272.04,25,5,67,71.4,Basic,Card,1
CUST_03042,21,2633.34,46659.99,11,1,74,5.4,Free,Card,1
CUST_03043,2,4440.58,8598.96,44,0,34,14.1,Pro,Invoice,1
CUST_03044,27,1721.44,39380.17,14,2,74,95.1,Free,Card,0
CUST_03045,57,516.66,28099.11,45,1,8,22.8,Pro,Invoice,0
CUST_03046,9,1231.53,10068.89,29,4,30,44.7,Free,UPI,0
CUST_03047,1,2072.85,1936.45,10,1,42,85.7,Basic,UPI,0
CUST_03048,11,1920.75,20444.04,48,1,74,5.0,Pro,UPI,1
CUST_03049,3,4061.13,12144.47,5,2,16,92.9,Free,UPI,0
CUST_03050,52,3562.52,151375.73,8,1,50,10.1,Pro,UPI,1
CUST_03051,23,1848.0,39829.51,46,3,65,21.2,Pro,Card,1
CUST_03052,26,2559.85,66006.69,5,5,23,7.8,Basic,Card,1
CUST_03053,4,930.02,3254.17,24,1,14,54.4,Basic,UPI,0
CUST_03054,18,4541.66,70856.62,40,2,27,94.6,Pro,Card,0
CUST_03055,55,4709.41,242439.23,26,3,2,84.7,Basic,Card,0
CUST_03056,6,4909.12,25931.65,6,3,28,65.8,Basic,Invoice,0
CUST_03057,35,4408.49,130055.85,16,3,51,22.6,Pro,Net Banking,1
CUST_03058,22,1282.82,23489.02,36,2,53,87.6,Free,Net Banking,0
CUST_03059,43,707.88,25523.76,12,0,57,76.7,Free,UPI,0
CUST_03060,15,3108.19,43865.68,11,2,44,30.4,Basic,Card,0
CUST_03061,22,4606.72,99699.82,3,3,76,81.5,Free,Card,0
CUST_03062,37,1298.08,46165.57,44,2,49,88.3,Basic,Invoice,0
CUST_03063,52,531.69,24596.67,37,0,21,71.3,Basic,Net Banking,0
CUST_03064,42,4124.73,156905.76,6,3,51,14.5,Basic,Card,1
CUST_03065,12,845.58,9376.14,19,4,52,98.5,Free,Net Banking,0
CUST_03066,47,2361.68,101673.86,18,1,30,12.2,Enterprise,Net Banking,0
CUST_03067,49,3554.99,173096.14,16,4,70,67.2,Free,UPI,0
CUST_03068,42,1565.59,64264.69,23,0,47,15.5,Pro,Net Banking,1
CUST_03069,38,877.83,26976.51,43,3,89,91.0,Basic,Card,0
CUST_03070,18,3965.1,69027.46,37,3,30,38.2,Pro,UPI,0
CUST_03071,45,3335.79,123512.79,9,3,3,53.6,Free,UPI,0
CUST_03072,35,4948.21,162456.99,3,3,34,22.0,Basic,UPI,1
CUST_03073,30,2049.39,52697.81,8,2,66,56.9,Enterprise,Invoice,0
CUST_03074,24,777.93,17824.12,38,1,63,94.2,Pro,Net Banking,0
CUST_03075,42,3804.58,128108.93,4,3,82,90.7,Pro,Card,0
CUST_03076,30,2847.8,74879.0,12,1,8,11.1,Free,Card,1
CUST_03077,14,1459.42,16433.45,44,3,45,40.9,Pro,UPI,0
CUST_03078,6,4017.78,23882.63,31,3,82,30.4,Basic,Card,0
CUST_03079,3,1416.9,3413.62,25,3,55,50.7,Basic,Card,1
CUST_03080,16,1672.98,22245.49,16,2,55,84.2,Free,UPI,0
CUST_03081,7,916.38,5823.58,42,3,82,75.2,Basic,UPI,0
CUST_03082,52,2297.45,111012.72,14,1,25,37.7,Basic,Net Banking,0
CUST_03083,14,2385.18,31582.59,13,2,59,41.4,Basic,Card,0
CUST_03084,9,2815.53,21523.11,41,1,76,67.2,Pro,Card,0
CUST_03085,15,3690.34,47616.4,7,4,85,23.5,Basic,Card,1
CUST_03086,21,4577.45,81513.36,12,3,71,14.8,Enterprise,UPI,1
CUST_03087,35,1119.8,33267.59,37,4,87,28.0,Pro,Net Banking,1
CUST_03088,2,744.57,1424.15,4,4,89,16.8,Basic,Card,1
CUST_03089,27,583.39,15587.71,2,4,47,38.4,Free,Card,0
CUST_03090,2,1146.3,2107.27,35,4,57,94.1,Free,Card,1
CUST_03091,35,3460.77,100715.38,44,1,62,16.4,Free,Net Banking,1
CUST_03092,18,3773.65,55229.47,3,0,57,82.7,Pro,Card,0
CUST_03093,14,4039.28,47945.02,4,0,2,55.8,Free,Card,0
CUST_03094,20,1596.69,26682.57,38,4,6,65.1,Free,Card,0
CUST_03095,18,1876.53,30930.24,12,3,51,21.2,Free,Net Banking,1
CUST_03096,10,2674.11,25125.57,19,0,61,19.4,Free,Card,1
CUST_03097,25,784.32,15704.4,10,1,1,20.5,Free,Card,0
CUST_03098,2,3250.14,5771.76,1,2,32,68.4,Free,Card,1
CUST_03099,25,4926.81,113882.7,17,1,11,76.0,Enterprise,Card,0
CUST_03100,54,2123.63,96164.46,16,1,47,92.4,Free,UPI,0
CUST_03101,33,3887.81,125756.69,9,6,75,42.8,Free,Card,1
CUST_03102,36,2750.15,90075.36,9,1,52,48.9,Enterprise,UPI,0
CUST_03103,31,1075.15,28966.12,9,2,73,49.6,Basic,Invoice,0
CUST_03104,14,3120.07,35107.94,12,0,40,30.6,Free,Net Banking,0
CUST_03105,1,1849.43,1658.68,41,1,81,36.2,Free,Card,1
CUST_03106,46,654.81,26120.83,15,1,57,85.4,Free,Card,0
CUST_03107,16,3357.18,53387.72,2,2,67,37.7,Basic,Net Banking,0
CUST_03108,54,4365.2,206432.72,11,1,22,87.6,Free,UPI,0
CUST_03109,46,2051.46,92876.3,11,0,84,34.0,Basic,Invoice,0
CUST_03110,52,2256.33,109962.16,8,1,35,37.3,Pro,Invoice,0
CUST_03111,3,4509.6,11023.17,32,3,84,58.2,Free,UPI,1
CUST_03112,35,4161.24,143683.64,6,1,86,14.8,Basic,Card,1
CUST_03113,41,3717.29,127061.72,20,1,20,92.6,Enterprise,Card,0
CUST_03114,6,1619.59,8644.77,39,3,71,82.9,Pro,Net Banking,0
CUST_03115,25,4595.97,113129.89,35,3,54,68.7,Pro,UPI,0
CUST_03116,13,1194.87,15000.55,8,1,55,98.9,Basic,UPI,0
CUST_03117,53,3320.47,157949.34,49,0,12,6.5,Basic,UPI,0
CUST_03118,34,629.61,18011.29,43,4,21,44.1,Basic,UPI,0
CUST_03119,8,3396.74,24506.86,34,2,6,86.5,Pro,UPI,0
CUST_03120,21,1747.15,33370.68,19,1,23,46.1,Basic,Card,0
CUST_03121,34,2523.55,85748.13,7,3,60,5.5,Pro,UPI,1
CUST_03122,4,2053.69,7925.65,31,1,4,20.0,Enterprise,Card,1
CUST_03123,25,1277.41,31049.47,18,1,49,46.2,Basic,UPI,0
CUST_03124,15,3298.91,49346.95,40,4,61,68.5,Basic,Card,0
CUST_03125,4,4468.89,16171.37,14,4,54,20.5,Basic,UPI,1
CUST_03126,45,4815.88,198737.1,39,1,25,47.6,Free,Invoice,0
CUST_03127,12,1365.56,14598.75,36,2,9,6.2,Basic,UPI,0
CUST_03128,32,3728.18,98434.79,17,4,10,50.4,Basic,Card,0
CUST_03129,32,3489.53,101062.52,37,2,39,90.1,Free,Card,0
CUST_03130,28,2045.2,52484.94,44,2,10,61.7,Basic,Card,0
CUST_03131,13,585.95,6455.36,9,1,3,46.9,Pro,Invoice,0
CUST_03132,31,3604.06,106873.03,20,2,1,20.4,Enterprise,UPI,0
CUST_03133,14,4754.73,54910.24,45,1,76,24.2,Pro,UPI,1
CUST_03134,20,3344.54,60228.47,28,3,38,12.3,Free,Card,1
CUST_03135,18,2458.82,41273.18,20,4,80,75.5,Free,Net Banking,0
CUST_03136,29,2863.19,67338.23,41,3,22,12.3,Basic,Card,0
CUST_03137,6,1398.33,8061.18,36,1,44,41.5,Free,Card,0
CUST_03138,32,3877.45,106810.51,27,0,73,76.2,Pro,Card,0
CUST_03139,29,3858.89,105590.6,8,1,76,72.7,Free,Card,0
CUST_03140,43,1154.83,40800.84,32,4,41,59.9,Basic,Card,0
CUST_03141,2,4450.9,8225.79,1,1,41,59.3,Free,UPI,1
CUST_03142,23,1711.35,35875.33,17,2,28,13.6,Basic,Card,0
CUST_03143,19,4920.15,77590.81,9,0,15,21.6,Pro,Card,0
CUST_03144,31,2223.06,63742.73,20,5,66,55.8,Enterprise,Card,0
CUST_03145,51,1300.48,62229.93,45,2,59,38.1,Enterprise,UPI,0
CUST_03146,5,2082.74,9369.21,32,1,3,6.8,Basic,Card,1
CUST_03147,19,2480.81,43162.6,2,3,15,80.8,Pro,UPI,0
CUST_03148,34,811.88,26982.39,32,4,40,67.1,Basic,Card,0
CUST_03149,10,3101.98,29144.36,45,1,5,35.9,Pro,Net Banking,0
CUST_03150,25,3189.35,78234.03,9,1,41,14.3,Pro,Net Banking,1
CUST_03151,2,3825.19,6965.43,30,4,56,61.2,Free,Invoice,1
CUST_03152,11,631.26,5797.92,20,4,27,38.1,Enterprise,UPI,0
CUST_03153,50,2935.57,124652.84,38,1,22,29.3,Basic,UPI,0
CUST_03154,31,738.08,19111.66,1,2,75,73.5,Basic,UPI,0
CUST_03155,56,3655.15,177475.02,5,3,41,36.2,Basic,Net Banking,0
CUST_03156,15,750.78,10084.93,35,2,11,17.9,Pro,Net Banking,0
CUST_03157,9,4602.78,35260.41,36,3,88,50.8,Pro,UPI,0
CUST_03158,23,3659.37,75338.82,1,2,63,83.7,Pro,UPI,0
CUST_03159,19,2783.25,46158.98,14,8,57,85.7,Free,Card,1
CUST_03160,9,2486.77,20390.58,9,2,50,85.7,Free,UPI,0
CUST_03161,35,1088.03,33728.49,30,1,28,45.0,Pro,Net Banking,0
CUST_03162,21,1809.5,33698.66,24,1,18,80.1,Free,Net Banking,0
CUST_03163,9,4410.32,35649.14,4,0,85,85.8,Free,Net Banking,0
CUST_03164,28,4570.04,127650.82,14,0,87,48.7,Free,UPI,0
CUST_03165,46,503.36,21100.97,25,2,44,35.3,Free,Invoice,0
CUST_03166,51,3173.61,152898.33,4,1,53,71.7,Basic,Invoice,0
CUST_03167,7,3736.85,23106.6,25,3,79,90.9,Free,Invoice,0
CUST_03168,16,3284.36,45464.47,10,2,65,97.4,Pro,UPI,0
CUST_03169,16,867.56,13649.36,35,1,71,32.6,Pro,UPI,0
CUST_03170,33,1479.76,46315.86,7,1,12,95.8,Pro,UPI,0
CUST_03171,4,1626.53,5962.77,42,2,64,52.4,Basic,Card,0
CUST_03172,4,4242.76,14718.75,13,4,11,34.1,Basic,Card,0
CUST_03173,39,2584.4,85831.31,4,2,70,98.9,Basic,Card,0
CUST_03174,40,2690.73,91529.41,43,2,13,88.4,Free,Invoice,0
CUST_03175,17,4707.02,72077.11,36,1,41,70.8,Free,UPI,0
CUST_03176,37,3366.89,121456.08,14,1,75,90.0,Pro,Invoice,0
CUST_03177,39,4544.0,172999.95,18,1,47,69.7,Free,Card,0
CUST_03178,52,2554.29,126048.71,8,1,23,46.8,Free,Card,0
CUST_03179,29,1172.46,30890.16,32,2,64,95.1,Basic,Card,0
CUST_03180,52,4684.71,206328.97,27,2,16,96.5,Pro,Card,0
CUST_03181,36,2564.17,82688.68,42,4,37,34.8,Pro,Net Banking,0
CUST_03182,38,1317.34,47002.55,37,3,27,38.7,Pro,UPI,0
CUST_03183,39,1860.78,66692.46,23,4,32,41.4,Free,UPI,0
CUST_03184,50,728.61,32889.7,7,5,23,83.1,Enterprise,UPI,0
CUST_03185,37,2607.35,85439.64,12,3,69,80.2,Pro,Net Banking,0
CUST_03186,52,4339.08,214464.01,25,2,84,98.4,Free,Card,0
CUST_03187,35,4701.11,159347.16,3,1,3,49.2,Pro,Invoice,0
CUST_03188,7,4696.71,31055.0,26,3,32,75.0,Basic,UPI,0
CUST_03189,27,1063.54,28359.09,4,2,9,86.4,Free,Net Banking,0
CUST_03190,28,2219.24,59403.04,42,0,35,26.0,Free,UPI,1
CUST_03191,22,627.03,12278.92,36,4,76,64.0,Basic,Card,0
CUST_03192,14,4348.24,56209.31,15,3,72,57.0,Basic,UPI,0
CUST_03193,7,2114.4,13333.65,32,2,30,75.6,Enterprise,Card,0
CUST_03194,37,3340.03,112367.94,29,0,3,71.1,Free,Net Banking,0
CUST_03195,22,3717.04,80069.05,10,1,83,82.2,Basic,UPI,0
CUST_03196,5,2434.3,10469.58,21,6,7,34.6,Free,Card,1
CUST_03197,55,1878.99,82946.21,16,1,26,25.6,Basic,Card,0
CUST_03198,2,4829.96,9071.91,47,3,35,81.5,Enterprise,Invoice,0
CUST_03199,27,4840.2,109279.49,19,2,8,39.3,Basic,Net Banking,0
CUST_03200,21,1802.46,31448.92,29,4,42,32.3,Basic,Net Banking,0
CUST_03201,54,2658.31,143332.73,18,0,23,37.0,Pro,UPI,0
CUST_03202,38,4877.8,158174.82,44,2,36,11.3,Free,Net Banking,1
CUST_03203,15,521.91,6581.97,16,3,40,78.4,Enterprise,Card,0
CUST_03204,21,2357.05,41489.1,1,1,25,72.9,Basic,Card,0
CUST_03205,10,952.06,8401.65,48,0,3,57.5,Pro,UPI,0
CUST_03206,23,2791.21,56615.01,2,1,0,73.0,Pro,Invoice,0
CUST_03207,58,611.01,32833.84,15,4,19,40.4,Basic,UPI,0
CUST_03208,56,2331.04,107136.35,39,2,44,33.1,Basic,Card,0
CUST_03209,39,1493.15,53987.03,28,1,87,86.9,Pro,UPI,0
CUST_03210,5,2899.89,12915.05,1,1,68,45.1,Free,Net Banking,1
CUST_03211,1,4981.97,4192.48,5,2,51,23.6,Basic,UPI,1
CUST_03212,13,4102.41,50965.78,42,1,63,76.2,Enterprise,Net Banking,0
CUST_03213,21,4305.39,80902.86,22,3,20,36.9,Free,UPI,0
CUST_03214,26,3358.69,82384.36,36,4,79,25.1,Basic,Card,1
CUST_03215,50,687.02,33805.3,46,2,71,7.6,Free,Net Banking,1
CUST_03216,45,1430.59,56051.44,13,2,75,97.2,Basic,Card,0
CUST_03217,21,4662.79,95919.18,1,4,24,49.4,Pro,Net Banking,0
CUST_03218,53,2147.51,95614.92,16,1,66,20.4,Basic,UPI,1
CUST_03219,18,966.37,14688.5,41,1,25,77.0,Basic,Net Banking,0
CUST_03220,37,3660.82,126339.88,22,2,80,89.3,Enterprise,Invoice,0
CUST_03221,45,1847.56,68218.72,32,1,26,55.2,Pro,UPI,0
CUST_03222,32,1709.86,48749.12,16,1,51,7.7,Free,UPI,1
CUST_03223,36,4990.9,151421.87,15,3,62,39.7,Basic,Net Banking,0
CUST_03224,17,4361.63,67783.71,46,5,85,28.1,Pro,Card,1
CUST_03225,35,2335.72,78591.74,42,3,44,65.5,Free,Card,0
CUST_03226,49,4911.18,194560.13,12,1,57,54.3,Basic,UPI,0
CUST_03227,11,3425.51,33259.24,1,2,37,38.8,Free,Card,0
CUST_03228,21,3839.1,76278.41,17,6,34,66.6,Free,Card,1
CUST_03229,52,641.81,28983.78,41,1,45,60.5,Enterprise,Invoice,0
CUST_03230,55,1047.22,46558.11,28,2,70,91.1,Pro,UPI,0
CUST_03231,53,3348.88,162985.41,7,4,2,61.7,Free,Net Banking,0
CUST_03232,26,4545.61,97389.04,9,3,5,53.2,Pro,Net Banking,0
CUST_03233,4,3306.85,11560.54,22,2,12,83.2,Free,Card,1
CUST_03234,34,1103.11,37434.73,26,0,45,24.2,Basic,Invoice,1
CUST_03235,52,1020.92,46696.28,12,5,78,28.1,Pro,Net Banking,1
CUST_03236,48,4298.84,199859.2,7,0,89,79.4,Basic,Card,0
CUST_03237,18,1126.86,19714.76,46,1,32,47.0,Pro,Invoice,0
CUST_03238,40,2841.04,96886.99,47,2,78,43.9,Basic,UPI,0
CUST_03239,35,667.01,21456.73,15,2,61,89.3,Basic,Invoice,0
CUST_03240,41,863.01,35011.59,38,4,62,63.0,Enterprise,Net Banking,0
CUST_03241,29,3525.57,94191.7,21,3,55,81.3,Free,UPI,0
CUST_03242,52,3601.32,180274.32,14,2,38,81.9,Basic,UPI,0
CUST_03243,29,2036.61,52713.3,2,2,59,16.4,Pro,Card,1
CUST_03244,38,1470.24,52732.93,8,1,77,67.1,Pro,UPI,0
CUST_03245,42,4161.7,140597.03,45,1,82,95.5,Basic,Card,0
CUST_03246,21,1476.96,29697.81,6,1,23,50.6,Pro,Invoice,0
CUST_03247,42,2939.12,115341.46,37,6,49,74.6,Basic,Net Banking,0
CUST_03248,13,4856.94,55043.73,37,0,32,58.8,Basic,Net Banking,0
CUST_03249,49,1165.34,50443.45,33,3,75,24.5,Enterprise,UPI,1
CUST_03250,41,4733.94,167951.83,41,4,73,23.5,Pro,Card,1
CUST_03251,17,1323.02,20351.45,6,3,6,46.2,Basic,UPI,0
CUST_03252,56,3053.49,140512.96,26,3,45,50.9,Pro,Card,0
CUST_03253,9,2196.53,19155.6,39,0,61,52.8,Pro,Card,0
CUST_03254,41,4842.18,177805.04,41,0,0,95.7,Basic,UPI,0
CUST_03255,1,1730.94,1399.67,37,2,78,14.5,Pro,Net Banking,1
CUST_03256,2,2298.46,4185.92,14,2,64,41.2,Pro,Net Banking,1
CUST_03257,48,4922.87,233014.03,37,0,44,53.9,Basic,Card,0
CUST_03258,29,2914.12,69085.83,8,1,83,96.5,Basic,Net Banking,0
CUST_03259,33,2761.84,75158.15,39,0,54,52.9,Enterprise,Card,0
CUST_03260,10,1660.0,14565.45,13,6,65,78.7,Basic,Card,0
CUST_03261,50,3656.14,173141.05,13,2,66,76.2,Free,Invoice,0
CUST_03262,58,564.68,30161.6,40,5,79,58.8,Basic,Card,0
CUST_03263,40,722.81,25778.06,43,4,53,17.4,Free,Card,1
CUST_03264,21,3197.11,67041.9,28,1,62,25.8,Pro,UPI,1
CUST_03265,28,2037.54,47760.84,18,4,53,27.8,Free,Card,1
CUST_03266,11,4789.92,50810.82,19,4,51,8.7,Free,Card,1
CUST_03267,55,4564.36,207049.44,38,2,53,41.0,Enterprise,UPI,0
CUST_03268,34,3711.68,105490.87,32,1,66,63.0,Pro,Net Banking,0
CUST_03269,8,4181.66,28739.34,22,2,36,18.7,Basic,UPI,1
CUST_03270,59,3502.99,201430.79,2,2,11,21.6,Free,Card,1
CUST_03271,22,1065.12,20827.89,13,2,58,72.2,Pro,Net Banking,0
CUST_03272,8,3944.95,27745.85,23,4,19,21.1,Enterprise,Invoice,0
CUST_03273,49,1445.86,63631.02,25,0,86,17.9,Basic,Card,1
CUST_03274,15,1955.49,27167.07,28,1,85,97.9,Basic,UPI,0
CUST_03275,17,4186.55,62965.21,11,1,31,6.4,Free,UPI,1
CUST_03276,23,2914.37,66528.21,33,2,70,35.9,Basic,UPI,0
CUST_03277,24,4369.73,86737.57,24,3,85,8.3,Basic,Invoice,1
CUST_03278,45,1458.66,58756.28,2,0,43,84.6,Pro,Invoice,0
CUST_03279,19,3235.0,54278.92,30,1,65,60.4,Basic,UPI,0
CUST_03280,5,877.06,4115.79,17,1,77,9.6,Basic,Card,1
CUST_03281,32,3393.77,107798.81,40,0,54,63.5,Free,Card,0
CUST_03282,44,3931.4,148363.3,34,1,15,16.7,Free,UPI,0
CUST_03283,1,3132.19,3104.2,38,2,87,52.1,Free,UPI,1
CUST_03284,23,1698.04,37709.08,22,1,70,68.6,Basic,Invoice,0
CUST_03285,37,641.04,22819.44,5,2,67,19.1,Free,Card,1
CUST_03286,8,1037.52,6761.44,48,3,51,52.2,Enterprise,UPI,0
CUST_03287,13,3300.36,42394.83,40,3,36,48.5,Pro,Card,0
CUST_03288,8,4704.89,36426.6,16,2,45,92.0,Pro,Invoice,0
CUST_03289,57,1429.4,76336.03,13,2,40,99.6,Pro,Invoice,0
CUST_03290,23,3807.62,72299.67,26,0,4,67.2,Free,Net Banking,0
CUST_03291,43,4399.03,167217.34,31,1,65,86.2,Pro,Card,0
CUST_03292,1,2843.97,2753.09,39,1,4,66.5,Enterprise,Card,0
CUST_03293,45,3511.7,140249.51,48,2,62,88.2,Free,UPI,0
CUST_03294,51,4167.57,188590.22,23,6,2,46.2,Enterprise,Net Banking,0
CUST_03295,24,1673.04,34291.64,48,1,7,62.8,Basic,Card,0
CUST_03296,35,1836.03,52066.72,12,1,25,85.3,Free,Invoice,0
CUST_03297,24,502.82,10892.3,14,3,73,92.2,Basic,Net Banking,0
CUST_03298,17,4833.92,78469.97,18,4,52,7.3,Enterprise,Card,1
CUST_03299,5,4628.95,19191.96,27,1,75,14.9,Basic,Card,1
CUST_03300,20,3940.56,77136.9,28,2,83,93.5,Pro,UPI,0
CUST_03301,21,855.84,16374.1,18,2,28,59.0,Free,Card,0
CUST_03302,40,2513.76,96775.72,16,1,13,99.1,Free,Card,0
CUST_03303,58,958.51,51891.49,16,1,4,80.3,Pro,UPI,0
CUST_03304,31,571.64,14654.94,13,0,26,82.7,Basic,Invoice,0
CUST_03305,46,3272.82,147737.22,29,1,67,41.7,Free,Invoice,0
CUST_03306,36,4823.73,163865.38,9,2,28,29.5,Free,Card,0
CUST_03307,11,4562.91,40510.76,26,3,2,61.8,Free,Net Banking,0
CUST_03308,52,3635.4,173163.05,28,2,29,88.5,Basic,UPI,0
CUST_03309,15,934.88,12565.14,41,5,8,73.9,Pro,Card,0
CUST_03310,19,1733.74,32013.14,13,1,0,49.9,Basic,UPI,0
CUST_03311,7,1940.26,11198.98,36,1,22,76.6,Free,Invoice,0
CUST_03312,51,3934.18,184224.31,9,1,66,70.6,Free,Card,0
CUST_03313,28,4110.12,99208.3,47,3,31,91.7,Basic,Card,0
CUST_03314,51,2232.98,96699.9,14,2,87,30.0,Pro,UPI,0
CUST_03315,43,2380.48,82349.86,12,0,5,16.3,Basic,Card,0
CUST_03316,58,700.29,35192.27,32,2,76,49.7,Free,Net Banking,0
CUST_03317,5,1801.12,7917.9,38,2,48,39.3,Free,UPI,1
CUST_03318,5,2530.78,11256.37,3,1,14,97.6,Basic,Net Banking,0
CUST_03319,30,1026.42,29158.88,16,0,57,5.7,Pro,Card,1
CUST_03320,54,2539.7,120783.71,20,1,52,93.7,Free,Net Banking,0
CUST_03321,32,4339.29,116507.92,32,3,29,95.7,Basic,UPI,0
CUST_03322,8,3115.94,21926.98,23,1,75,9.8,Basic,Card,1
CUST_03323,10,855.18,6960.42,17,5,39,89.5,Pro,Invoice,1
CUST_03324,38,1362.52,51486.58,16,2,58,49.7,Pro,Net Banking,0
CUST_03325,47,2635.45,100733.74,38,3,62,77.8,Basic,Card,0
CUST_03326,32,2126.69,57191.16,8,2,47,12.5,Enterprise,Card,1
CUST_03327,48,2114.27,89875.72,19,0,67,95.7,Pro,Card,0
CUST_03328,28,2881.7,79612.94,30,1,6,62.7,Free,Invoice,0
CUST_03329,17,3129.78,44467.0,34,1,46,90.4,Pro,Net Banking,0
CUST_03330,31,4085.88,111457.2,14,3,42,68.9,Basic,Card,0
CUST_03331,8,2034.35,16240.03,22,4,15,56.0,Enterprise,UPI,0
CUST_03332,40,4124.6,151852.85,44,2,21,21.4,Basic,Card,0
CUST_03333,25,2023.75,46693.81,17,3,62,21.9,Basic,Net Banking,1
CUST_03334,9,749.45,6710.15,15,0,45,49.9,Enterprise,Card,0
CUST_03335,2,2993.84,5396.21,48,0,44,87.7,Free,Card,1
CUST_03336,15,3145.56,37770.88,32,1,40,15.9,Basic,UPI,1
CUST_03337,50,4705.43,189674.93,13,2,24,99.8,Pro,Net Banking,0
CUST_03338,3,3767.28,10581.68,21,2,49,88.2,Pro,UPI,1
CUST_03339,49,4629.98,191092.29,49,2,66,42.3,Pro,Invoice,0
CUST_03340,36,4587.56,147926.15,40,2,51,29.0,Basic,Invoice,1
CUST_03341,4,3220.58,11726.45,33,0,85,92.6,Basic,Net Banking,1
CUST_03342,14,2874.93,37571.25,27,2,30,16.7,Basic,Card,0
CUST_03343,41,3008.48,100744.14,35,1,36,38.0,Basic,UPI,0
CUST_03344,41,4902.49,191355.75,16,0,21,13.0,Free,Card,1
CUST_03345,25,3979.25,97892.89,28,1,26,95.6,Basic,Card,0
CUST_03346,58,978.2,48290.46,34,1,1,63.7,Free,Net Banking,0
CUST_03347,55,4002.93,192880.81,47,0,21,36.9,Free,Net Banking,0
CUST_03348,50,1267.42,60124.1,1,2,52,31.2,Free,UPI,0
CUST_03349,10,2513.08,21353.34,41,2,16,47.2,Pro,UPI,0
CUST_03350,21,1447.07,27606.37,48,2,55,13.7,Basic,Card,1
CUST_03351,36,3603.12,120890.5,31,2,83,89.5,Basic,UPI,0
CUST_03352,12,4447.89,52085.94,36,0,87,53.5,Basic,UPI,0
CUST_03353,27,1806.63,42392.53,44,3,30,73.9,Free,UPI,0
CUST_03354,40,869.05,31234.69,33,0,42,27.2,Basic,Net Banking,1
CUST_03355,2,1843.22,3085.25,33,2,71,52.9,Free,Invoice,1
CUST_03356,54,3525.63,164020.04,39,0,52,25.1,Pro,UPI,1
CUST_03357,13,1979.42,21074.56,18,4,4,82.5,Free,Card,0
CUST_03358,53,1751.5,77932.92,23,0,1,78.7,Basic,UPI,0
CUST_03359,32,1329.96,36993.84,23,5,58,19.1,Basic,UPI,1
CUST_03360,31,2738.82,75127.16,15,4,3,12.1,Basic,Net Banking,0
CUST_03361,16,1741.77,26234.55,26,0,33,83.3,Free,Card,0
CUST_03362,32,3789.55,108131.3,30,0,66,15.4,Pro,UPI,1
CUST_03363,32,844.8,21892.07,25,2,83,57.1,Basic,UPI,0
CUST_03364,34,3488.15,112803.52,45,3,72,55.8,Pro,UPI,0
CUST_03365,11,1569.02,15646.51,16,1,5,24.3,Free,UPI,1
CUST_03366,10,2701.76,26690.19,39,1,57,61.2,Pro,UPI,0
CUST_03367,15,1787.4,24855.08,48,2,46,52.8,Free,Net Banking,0
CUST_03368,17,3752.46,57845.55,45,4,4,53.4,Free,Card,0
CUST_03369,40,4753.88,163321.6,14,1,60,39.2,Free,Card,0
CUST_03370,18,4626.85,70565.28,17,1,55,84.7,Free,UPI,0
CUST_03371,55,3125.42,145426.95,12,0,34,13.0,Pro,Card,1
CUST_03372,9,2581.75,20480.56,29,1,12,46.7,Free,UPI,0
CUST_03373,25,4182.35,87230.68,32,0,25,29.7,Basic,Card,0
CUST_03374,40,3574.97,138543.24,24,1,85,85.6,Free,Card,0
CUST_03375,59,1326.04,75188.23,13,2,63,26.4,Basic,Card,1
CUST_03376,14,4194.14,55533.66,20,3,78,77.9,Pro,Invoice,0
CUST_03377,58,2429.98,114125.25,15,1,10,63.1,Basic,Net Banking,0
CUST_03378,25,1350.44,27494.32,4,4,61,88.1,Basic,Net Banking,0
CUST_03379,50,1768.09,81976.17,34,3,79,61.4,Free,UPI,0
CUST_03380,22,1703.87,35603.15,28,2,46,57.9,Free,UPI,0
CUST_03381,52,2836.43,118783.58,2,1,69,81.1,Basic,Card,0
CUST_03382,30,1554.67,40021.87,47,3,74,58.4,Pro,Card,0
CUST_03383,20,1056.05,17472.49,30,3,57,85.2,Free,Net Banking,0
CUST_03384,21,1056.61,18777.41,26,2,9,9.7,Basic,UPI,0
CUST_03385,44,3124.74,124245.03,47,1,15,52.0,Pro,Invoice,0
CUST_03386,32,3806.42,100105.67,26,2,11,82.2,Enterprise,UPI,0
CUST_03387,51,1946.9,83997.65,20,2,70,85.6,Enterprise,Card,0
CUST_03388,46,655.93,27547.2,42,4,87,84.2,Pro,Card,0
CUST_03389,49,1072.51,47382.92,28,1,49,62.4,Free,Invoice,0
CUST_03390,56,4616.13,251140.64,20,0,14,99.4,Pro,Card,0
CUST_03391,21,2720.95,47432.78,11,7,58,22.2,Pro,Card,1
CUST_03392,35,2541.08,77729.59,10,1,69,21.6,Basic,Card,1
CUST_03393,58,671.22,38341.81,23,2,61,8.1,Free,UPI,1
CUST_03394,32,3778.87,115985.27,37,1,82,99.0,Basic,Card,0
CUST_03395,30,2876.31,79340.55,41,7,71,38.1,Free,Card,1
CUST_03396,55,1409.36,73933.5,19,1,61,77.4,Basic,UPI,0
CUST_03397,39,995.33,34535.33,45,4,49,10.7,Pro,Card,1
CUST_03398,49,2225.25,107089.57,18,0,76,33.4,Pro,Card,0
CUST_03399,12,4267.23,47106.7,49,1,53,64.3,Pro,Card,0
CUST_03400,41,4393.83,169180.97,27,3,53,54.9,Basic,Card,0
CUST_03401,47,3212.81,140491.91,6,5,27,24.7,Basic,UPI,1
CUST_03402,18,3773.91,63484.53,10,3,50,48.9,Enterprise,Card,0
CUST_03403,21,1018.2,19847.23,2,1,73,15.3,Basic,UPI,1
CUST_03404,13,3146.57,33327.8,24,1,32,56.6,Pro,Card,0
CUST_03405,21,3501.35,67702.69,38,3,0,14.2,Pro,Net Banking,0
CUST_03406,8,1403.21,10739.38,28,1,84,65.4,Basic,UPI,0
CUST_03407,46,4460.7,164170.0,28,3,68,19.8,Enterprise,Net Banking,1
CUST_03408,40,1377.49,53905.88,45,2,0,57.0,Basic,UPI,0
CUST_03409,46,1910.65,87050.27,39,0,54,17.3,Basic,Card,1
CUST_03410,7,3292.51,19028.95,2,0,84,43.1,Basic,UPI,0
CUST_03411,23,3372.58,70356.2,46,2,88,38.4,Pro,Net Banking,0
CUST_03412,44,3647.23,131932.16,5,3,83,76.9,Pro,Net Banking,0
CUST_03413,32,1004.05,27522.27,11,1,44,65.9,Basic,Card,0
CUST_03414,11,4322.59,43949.0,10,2,72,94.0,Free,Card,0
CUST_03415,22,2897.81,54862.94,43,1,79,92.6,Basic,Net Banking,0
CUST_03416,22,2620.95,50344.31,2,1,39,73.9,Enterprise,UPI,0
CUST_03417,43,4914.94,200611.93,15,1,60,78.2,Free,UPI,0
CUST_03418,25,3831.7,87649.81,39,3,35,64.4,Basic,UPI,0
CUST_03419,22,1031.03,20496.25,41,1,23,70.7,Free,Card,0
CUST_03420,28,3904.43,94547.22,37,4,79,63.6,Enterprise,UPI,0
CUST_03421,29,928.62,25336.54,7,3,13,34.6,Basic,Net Banking,0
CUST_03422,13,623.62,7173.07,20,4,87,38.3,Basic,Net Banking,0
CUST_03423,18,2316.32,40849.99,34,2,74,59.6,Free,Card,0
CUST_03424,2,4971.1,9150.0,35,1,0,73.4,Pro,Net Banking,0
CUST_03425,29,1286.98,33876.16,34,1,46,43.6,Basic,Card,0
CUST_03426,21,3526.9,71148.74,22,2,75,18.6,Basic,Invoice,1
CUST_03427,15,1280.28,17227.86,31,2,20,48.6,Basic,UPI,0
CUST_03428,52,3761.54,167405.83,23,2,72,96.5,Basic,Net Banking,0
CUST_03429,27,2774.09,62243.71,19,4,38,25.3,Pro,UPI,1
CUST_03430,50,3559.87,162394.81,4,1,2,66.7,Free,Invoice,0
CUST_03431,31,1412.93,38762.48,24,2,15,98.3,Free,Invoice,0
CUST_03432,15,3855.33,50860.01,20,1,67,40.7,Pro,Card,0
CUST_03433,51,4980.29,220945.35,39,1,25,89.3,Pro,UPI,0
CUST_03434,23,3495.43,75114.75,28,3,53,87.1,Free,UPI,0
CUST_03435,24,2720.66,59014.33,39,1,12,37.2,Free,Card,0
CUST_03436,44,4654.28,185834.7,17,4,60,14.4,Pro,Invoice,1
CUST_03437,13,571.33,6399.54,19,2,19,22.0,Free,Card,1
CUST_03438,22,3784.66,76828.84,48,0,82,39.7,Enterprise,Card,0
CUST_03439,43,4499.36,170391.84,35,5,26,96.1,Basic,Card,0
CUST_03440,37,777.54,27442.61,32,3,1,31.1,Pro,UPI,0
CUST_03441,33,2525.29,75493.3,47,2,9,93.1,Pro,Net Banking,0
CUST_03442,56,1421.24,68279.02,46,0,59,22.2,Basic,UPI,1
CUST_03443,3,3049.33,7588.68,47,0,88,97.1,Basic,Card,1
CUST_03444,54,3422.94,173746.07,46,4,18,32.9,Basic,Card,0
CUST_03445,19,1861.8,30924.87,39,1,14,65.1,Pro,Invoice,0
CUST_03446,23,2569.92,48060.98,35,1,46,11.6,Basic,Card,1
CUST_03447,29,1757.03,50086.83,30,1,23,33.5,Free,Invoice,0
CUST_03448,30,2162.26,56910.41,17,4,15,25.0,Basic,Invoice,0
CUST_03449,39,1217.93,45085.77,42,1,80,5.3,Basic,UPI,1
CUST_03450,44,4485.02,175985.25,47,6,59,19.9,Free,Invoice,1
CUST_03451,47,545.05,25058.51,29,3,79,61.3,Basic,Card,0
CUST_03452,25,4470.84,90066.69,6,0,81,42.0,Free,Invoice,0
CUST_03453,37,3072.55,96845.58,17,1,48,73.6,Pro,Card,0
CUST_03454,47,1992.46,85138.4,17,3,3,68.8,Free,UPI,0
CUST_03455,8,3753.76,25965.38,14,2,65,80.9,Basic,UPI,0
CUST_03456,42,2784.88,110945.68,24,2,48,87.4,Pro,UPI,0
CUST_03457,58,2745.99,149342.45,37,2,30,82.9,Pro,Card,0
CUST_03458,16,995.64,12825.51,40,1,65,47.6,Basic,Net Banking,0
CUST_03459,8,2252.82,16582.6,39,1,53,34.3,Basic,Net Banking,0
CUST_03460,1,1584.79,1532.77,32,2,1,52.7,Basic,Invoice,0
CUST_03461,44,570.63,21671.09,36,1,60,55.8,Free,UPI,0
CUST_03462,5,2120.45,8777.3,37,2,14,34.8,Basic,UPI,0
CUST_03463,3,904.2,2570.62,48,2,59,56.3,Basic,Invoice,0
CUST_03464,1,1655.74,1622.77,14,2,42,15.0,Pro,Invoice,1
CUST_03465,4,916.32,3413.77,27,2,39,26.9,Basic,UPI,1
CUST_03466,40,954.24,36994.31,19,3,84,75.9,Free,Net Banking,0
CUST_03467,35,1395.55,48831.21,31,1,29,22.4,Free,UPI,1
CUST_03468,32,4999.32,143960.77,46,6,62,18.2,Pro,Card,1
CUST_03469,42,509.83,21135.73,9,2,23,32.3,Pro,Net Banking,0
CUST_03470,34,3374.03,99674.46,38,1,43,40.2,Pro,Net Banking,0
CUST_03471,43,1135.6,46346.76,17,0,13,36.2,Basic,Card,0
CUST_03472,25,4642.83,113783.37,19,2,27,40.6,Basic,Card,0
CUST_03473,10,921.35,8330.62,44,1,13,18.3,Free,UPI,1
CUST_03474,21,4797.78,93226.44,4,1,55,20.7,Free,Net Banking,1
CUST_03475,46,3249.17,148579.81,48,1,33,27.4,Free,Card,1
CUST_03476,39,505.71,16768.94,11,1,77,43.2,Enterprise,Net Banking,0
CUST_03477,27,4523.03,106391.98,22,2,88,36.9,Pro,UPI,0
CUST_03478,27,2847.7,73386.07,4,0,11,80.2,Basic,Card,0
CUST_03479,2,1682.01,2920.62,17,1,55,54.9,Free,Card,1
CUST_03480,41,3952.76,145881.98,8,3,60,59.7,Basic,Invoice,0
CUST_03481,48,4669.99,181589.73,46,1,60,58.3,Basic,Card,0
CUST_03482,13,2676.61,31772.05,34,2,39,42.9,Basic,Card,0
CUST_03483,9,1919.99,15990.09,11,1,19,98.1,Basic,Card,0
CUST_03484,52,4050.25,171969.92,31,0,41,8.5,Enterprise,Card,1
CUST_03485,36,3568.03,109025.07,11,3,6,25.5,Pro,Card,0
CUST_03486,22,4499.39,87765.2,38,1,78,32.0,Free,Card,0
CUST_03487,42,3616.31,145239.78,21,7,72,88.7,Basic,UPI,0
CUST_03488,26,1595.88,33374.03,46,3,67,92.3,Free,UPI,0
CUST_03489,58,4692.47,235766.84,30,0,30,85.4,Free,Card,0
CUST_03490,54,971.76,42031.38,10,3,86,44.6,Enterprise,Net Banking,0
CUST_03491,12,1705.74,18509.12,26,3,69,91.9,Pro,Card,0
CUST_03492,17,2840.88,43453.64,27,3,75,14.4,Free,Invoice,1
CUST_03493,14,3045.84,40555.48,8,0,46,67.0,Basic,Card,0
CUST_03494,14,568.9,6377.92,39,0,50,94.0,Basic,Net Banking,0
CUST_03495,57,4012.58,217679.8,8,1,57,76.7,Basic,Card,0
CUST_03496,34,2127.23,70752.4,8,2,21,31.4,Basic,UPI,0
CUST_03497,53,2328.88,106580.39,34,1,23,73.2,Free,Card,0
CUST_03498,57,4142.16,204639.56,16,7,33,33.0,Basic,Card,0
CUST_03499,20,2206.78,35317.92,41,1,62,15.6,Free,UPI,1
CUST_03500,11,712.51,6942.73,13,0,59,73.1,Basic,UPI,0
CUST_03501,16,1293.98,19101.27,23,2,18,22.0,Free,Net Banking,0
CUST_03502,51,4801.56,201912.74,12,3,23,15.6,Free,UPI,1
CUST_03503,31,816.82,23585.21,27,3,63,57.4,Free,Card,0
CUST_03504,55,2097.19,100713.71,22,2,19,64.0,Free,Invoice,0
CUST_03505,6,2764.31,15501.14,32,2,26,9.9,Free,UPI,1
CUST_03506,56,2719.76,129494.0,49,1,57,5.4,Pro,Card,1
CUST_03507,19,517.82,9395.15,27,1,43,88.8,Basic,Invoice,0
CUST_03508,37,2755.23,92745.21,2,2,64,15.9,Basic,Invoice,1
CUST_03509,58,2226.98,117105.88,45,1,45,60.5,Basic,Card,0
CUST_03510,4,4874.36,17501.52,33,1,53,95.6,Free,Card,1
CUST_03511,47,1216.22,55355.72,26,3,38,53.6,Basic,Card,0
CUST_03512,4,2093.69,7628.16,28,2,6,18.3,Pro,UPI,1
CUST_03513,20,2387.67,39727.0,19,2,53,42.4,Free,Net Banking,0
CUST_03514,10,2258.12,20891.25,43,1,42,64.3,Enterprise,Net Banking,0
CUST_03515,24,3496.24,75755.19,5,2,19,77.5,Pro,UPI,0
CUST_03516,54,1469.81,64590.03,33,3,83,62.7,Pro,Card,0
CUST_03517,35,1494.82,47935.24,20,1,24,8.3,Free,Card,0
CUST_03518,26,3781.45,80215.14,30,3,42,18.6,Basic,Invoice,1
CUST_03519,37,2751.31,96196.13,45,3,84,40.3,Basic,Invoice,0
CUST_03520,38,2368.2,83778.23,8,2,72,72.0,Free,Card,0
CUST_03521,21,1261.41,23804.92,38,3,26,60.5,Basic,Card,0
CUST_03522,54,1343.87,68922.89,17,6,24,9.2,Pro,Card,1
CUST_03523,40,547.48,18748.97,44,3,35,80.7,Enterprise,Card,0
CUST_03524,39,911.42,31609.98,1,1,65,62.5,Free,Card,0
CUST_03525,21,3005.77,50689.94,3,2,8,89.3,Free,Card,0
CUST_03526,10,4513.43,45028.63,46,2,82,44.7,Free,Card,0
CUST_03527,38,1792.24,55250.34,26,2,78,51.6,Free,Net Banking,0
CUST_03528,46,1974.86,74572.67,31,3,52,43.5,Basic,Invoice,0
CUST_03529,4,1020.23,3668.65,8,2,20,73.6,Pro,Invoice,0
CUST_03530,57,2248.84,112184.05,43,5,49,76.5,Pro,UPI,0
CUST_03531,45,667.5,27228.08,46,2,15,73.7,Enterprise,Net Banking,0
CUST_03532,20,4629.2,89528.94,8,0,65,32.7,Basic,UPI,0
CUST_03533,17,3529.0,49897.63,35,0,25,65.4,Basic,Card,0
CUST_03534,55,4958.37,253049.66,39,1,43,37.2,Pro,UPI,0
CUST_03535,7,4472.7,25160.05,28,3,28,84.2,Pro,Card,0
CUST_03536,4,2628.46,10072.35,4,1,45,10.2,Pro,Card,1
CUST_03537,29,2838.58,79283.39,16,1,70,8.6,Basic,UPI,1
CUST_03538,14,1357.59,16647.12,13,2,48,14.7,Enterprise,Card,1
CUST_03539,3,2579.18,6458.27,20,1,14,24.2,Basic,Net Banking,1
CUST_03540,24,4563.63,105388.33,5,2,16,8.6,Enterprise,Invoice,0
CUST_03541,37,728.84,26477.41,37,3,8,11.8,Pro,Card,0
CUST_03542,16,4386.01,57197.88,20,5,76,34.1,Free,Card,1
CUST_03543,58,2034.27,108072.14,24,3,31,14.5,Enterprise,Card,1
CUST_03544,55,4547.81,247035.66,36,1,65,81.2,Free,Invoice,0
CUST_03545,52,4733.96,228625.9,34,3,58,10.1,Enterprise,Card,1
CUST_03546,4,3518.89,13569.74,45,0,31,91.3,Basic,UPI,1
CUST_03547,56,3489.91,165331.02,48,5,83,87.7,Pro,Card,0
CUST_03548,24,2537.39,49964.28,34,3,42,24.8,Free,Card,1
CUST_03549,34,4259.93,126767.33,19,1,82,11.8,Free,Net Banking,1
CUST_03550,30,4827.26,127298.04,17,3,58,15.0,Enterprise,UPI,1
CUST_03551,18,3987.87,68712.33,5,0,29,58.1,Basic,Net Banking,0
CUST_03552,19,3298.72,55233.5,25,4,10,62.1,Pro,UPI,0
CUST_03553,31,3230.57,84857.17,18,2,79,35.0,Pro,UPI,0
CUST_03554,19,4322.61,80262.63,8,0,25,33.2,Basic,Net Banking,0
CUST_03555,49,2935.42,137583.17,27,0,1,55.5,Pro,Net Banking,0
CUST_03556,46,4117.37,176796.47,15,1,33,34.0,Free,Net Banking,0
CUST_03557,19,2789.98,44603.49,45,1,40,93.8,Basic,UPI,0
CUST_03558,22,781.0,14449.42,13,1,85,41.4,Basic,Net Banking,0
CUST_03559,24,2227.76,48027.18,16,0,30,25.9,Pro,Card,0
CUST_03560,45,2499.98,101944.9,22,2,62,18.9,Pro,Invoice,1
CUST_03561,12,1137.28,11616.89,20,3,54,65.0,Free,Card,0
CUST_03562,30,961.23,23781.04,13,2,60,36.0,Enterprise,Card,0
CUST_03563,58,2909.59,147263.55,20,1,84,22.9,Basic,UPI,1
CUST_03564,38,883.15,29727.74,2,3,35,31.2,Basic,Card,0
CUST_03565,53,1863.25,80039.52,35,1,39,34.2,Pro,UPI,0
CUST_03566,31,3850.69,108977.48,47,5,22,64.5,Basic,Card,0
CUST_03567,36,4839.94,139460.34,19,2,25,21.6,Pro,Invoice,0
CUST_03568,19,3730.42,58845.35,45,2,17,74.6,Basic,Net Banking,0
CUST_03569,48,4966.81,197732.74,37,4,78,34.0,Free,UPI,0
CUST_03570,45,3642.52,153670.6,6,1,33,51.4,Basic,UPI,0
CUST_03571,36,1822.08,58850.31,14,0,85,67.2,Free,Card,0
CUST_03572,30,3524.24,102260.12,4,3,27,56.6,Basic,Net Banking,0
CUST_03573,55,3659.71,171689.2,22,1,48,67.9,Free,Card,0
CUST_03574,49,2172.77,89656.37,39,1,63,35.6,Free,Card,0
CUST_03575,55,579.71,30627.15,36,4,70,96.5,Pro,Invoice,0
CUST_03576,33,3664.4,107483.25,34,2,62,48.6,Basic,UPI,0
CUST_03577,18,597.65,9196.18,27,1,61,35.6,Pro,Card,0
CUST_03578,52,3340.35,153488.75,7,3,41,33.2,Basic,Net Banking,0
CUST_03579,49,1236.27,53614.16,3,1,23,9.1,Basic,Net Banking,0
CUST_03580,59,3045.22,164292.27,47,3,34,70.1,Basic,UPI,0
CUST_03581,28,2767.61,62578.24,33,4,76,29.9,Pro,Card,1
CUST_03582,59,560.81,28111.05,2,4,54,96.1,Free,UPI,0
CUST_03583,47,2132.9,89557.92,42,1,48,25.0,Basic,Net Banking,1
CUST_03584,11,3204.91,32026.81,16,4,76,55.3,Free,Card,0
CUST_03585,57,4318.73,204750.19,25,0,58,74.9,Basic,Card,0
CUST_03586,54,4498.89,203759.78,15,0,82,87.7,Pro,UPI,0
CUST_03587,45,2677.32,113915.75,24,0,21,19.9,Pro,UPI,0
CUST_03588,33,3777.9,119323.75,15,1,84,98.6,Basic,Invoice,0
CUST_03589,17,1924.05,26658.64,31,4,60,91.1,Free,Net Banking,0
CUST_03590,6,2039.84,12214.76,14,1,79,96.5,Basic,Invoice,0
CUST_03591,4,1375.09,4876.76,14,2,29,86.0,Pro,UPI,0
CUST_03592,20,3028.77,55556.74,6,1,68,88.4,Free,Net Banking,0
CUST_03593,48,1915.54,84473.49,14,5,59,61.9,Pro,Card,0
CUST_03594,47,879.67,35936.81,17,1,5,85.3,Pro,Card,0
CUST_03595,27,3582.53,87921.98,18,1,84,55.7,Free,UPI,0
CUST_03596,15,3684.89,50668.0,20,2,10,56.1,Basic,Net Banking,0
CUST_03597,6,2119.97,12111.21,17,2,23,58.4,Free,UPI,0
CUST_03598,47,845.26,37040.01,16,2,78,99.7,Free,UPI,0
CUST_03599,14,2418.34,30110.02,40,2,50,14.9,Basic,Card,1
CUST_03600,11,2490.51,22964.81,39,1,18,81.5,Free,Card,0
CUST_03601,39,3509.02,110170.06,32,2,49,31.0,Pro,Net Banking,0
CUST_03602,9,1919.37,16071.53,44,4,80,39.3,Pro,Card,0
CUST_03603,26,3571.7,83163.7,9,4,2,12.7,Enterprise,UPI,0
CUST_03604,16,4421.7,70259.39,27,4,2,38.4,Basic,Net Banking,0
CUST_03605,5,1568.69,6428.99,46,4,30,99.1,Free,Card,0
CUST_03606,57,4905.14,227735.37,33,1,46,42.7,Basic,Card,0
CUST_03607,52,2238.66,97348.79,10,6,7,68.6,Pro,UPI,0
CUST_03608,10,1702.66,14904.52,17,4,16,16.5,Basic,Card,0
CUST_03609,50,2396.8,100070.59,49,2,44,92.6,Basic,UPI,0
CUST_03610,3,924.79,2476.87,49,1,59,83.6,Basic,UPI,1
CUST_03611,13,1065.68,12024.32,36,1,74,41.7,Free,Card,0
CUST_03612,43,2364.95,101682.54,17,2,20,38.1,Free,Net Banking,0
CUST_03613,49,3931.0,191336.28,18,4,69,46.1,Free,Invoice,0
CUST_03614,30,4551.41,119196.4,23,2,20,43.1,Basic,Invoice,0
CUST_03615,54,3491.68,180710.76,34,1,57,29.5,Free,UPI,1
CUST_03616,45,973.49,37162.81,8,4,54,99.1,Basic,Card,0
CUST_03617,6,3524.09,17159.84,13,1,27,82.0,Basic,UPI,0
CUST_03618,17,3359.43,46150.7,23,3,80,30.5,Basic,Card,0
CUST_03619,59,4125.94,196164.89,20,6,81,98.3,Free,UPI,1
CUST_03620,45,4213.62,179598.88,22,0,74,6.5,Pro,Card,1
CUST_03621,51,4406.91,195185.0,47,3,45,46.6,Basic,Card,0
CUST_03622,53,2363.59,120856.62,23,3,43,59.1,Pro,Net Banking,0
CUST_03623,19,3640.39,67422.09,41,2,88,8.6,Basic,Card,1
CUST_03624,42,1707.13,61740.48,35,0,24,20.3,Free,Net Banking,1
CUST_03625,35,4997.01,150030.25,3,4,70,29.5,Free,UPI,1
CUST_03626,46,1289.0,51086.86,34,6,48,73.4,Pro,Net Banking,1
CUST_03627,26,545.51,12695.29,33,3,45,94.3,Basic,UPI,0
CUST_03628,51,1169.64,47911.54,46,3,89,64.3,Free,Card,0
CUST_03629,5,3991.43,16009.0,17,1,62,58.5,Basic,UPI,1
CUST_03630,29,2510.53,68953.62,45,1,76,56.0,Free,Net Banking,0
CUST_03631,37,2513.75,89441.09,19,2,87,38.3,Basic,Card,0
CUST_03632,20,4797.6,80678.88,30,2,11,83.6,Basic,Card,0
CUST_03633,49,4638.36,208818.95,23,2,77,56.4,Pro,UPI,0
CUST_03634,21,1900.38,33650.47,15,2,56,26.9,Free,Card,1
CUST_03635,10,1440.76,13641.73,14,2,72,18.0,Pro,UPI,1
CUST_03636,5,4318.17,19088.54,2,4,63,98.6,Basic,Card,1
CUST_03637,36,4577.09,158934.12,39,2,30,6.7,Free,Invoice,0
CUST_03638,6,2937.19,17441.76,49,0,3,93.7,Enterprise,Card,0
CUST_03639,26,3332.41,78939.29,18,2,53,25.7,Pro,Invoice,1
CUST_03640,4,1656.11,6492.84,6,2,82,67.5,Free,Card,1
CUST_03641,39,4103.61,129114.23,32,3,64,33.6,Basic,UPI,0
CUST_03642,39,3344.55,116420.41,21,2,5,86.7,Pro,Card,0
CUST_03643,50,2765.81,124558.13,40,3,64,56.6,Enterprise,Net Banking,0
CUST_03644,35,770.49,23816.38,28,2,88,18.4,Pro,Card,1
CUST_03645,1,4621.71,3988.39,27,4,21,30.6,Pro,Net Banking,0
CUST_03646,24,3269.53,74120.96,2,1,16,35.4,Free,UPI,0
CUST_03647,57,1367.11,70953.8,33,1,58,89.2,Enterprise,Card,0
CUST_03648,36,3228.74,94903.64,16,1,28,77.8,Free,Card,0
CUST_03649,6,3548.59,21081.66,39,1,66,83.8,Free,Net Banking,0
CUST_03650,41,2865.97,114861.32,22,2,16,10.0,Enterprise,Card,0
CUST_03651,54,3731.46,175443.76,43,3,1,60.0,Free,UPI,0
CUST_03652,46,3116.54,121747.67,47,7,31,99.9,Basic,UPI,0
CUST_03653,44,4764.96,194079.46,13,3,21,79.6,Basic,Card,0
CUST_03654,57,741.64,34184.94,2,2,57,16.5,Pro,Net Banking,1
CUST_03655,31,978.11,27264.97,14,2,52,69.5,Basic,Card,0
CUST_03656,20,1281.52,23952.25,38,2,85,75.8,Basic,UPI,0
CUST_03657,24,3605.77,76269.57,41,1,46,53.9,Free,UPI,0
CUST_03658,25,3405.18,84657.74,28,1,3,12.5,Free,Card,1
CUST_03659,36,4514.26,153375.72,7,3,37,8.3,Pro,Card,1
CUST_03660,21,3797.95,78705.22,18,3,12,94.1,Basic,UPI,0
CUST_03661,30,2787.6,82087.42,41,3,60,29.5,Free,UPI,1
CUST_03662,24,4963.24,98431.7,36,2,86,41.0,Basic,Card,0
CUST_03663,44,1697.49,69739.57,41,4,63,80.6,Free,Card,0
CUST_03664,42,4249.36,164077.02,36,2,76,70.5,Basic,Card,0
CUST_03665,30,2420.56,58889.77,44,2,83,97.0,Free,UPI,0
CUST_03666,22,3419.31,64962.46,4,2,32,13.8,Free,Card,1
CUST_03667,28,3772.71,95802.84,30,1,37,72.2,Basic,Net Banking,0
CUST_03668,7,3351.89,21342.88,24,2,28,12.8,Enterprise,Card,0
CUST_03669,35,1132.28,38156.19,20,0,60,5.0,Basic,Net Banking,1
CUST_03670,55,2493.28,125820.91,46,3,31,16.4,Basic,Card,1
CUST_03671,28,3026.47,75699.39,31,3,10,63.6,Free,Card,0
CUST_03672,14,4320.7,57489.01,24,3,17,69.2,Basic,UPI,0
CUST_03673,56,2496.41,127801.13,7,3,44,46.6,Enterprise,Card,0
CUST_03674,10,4634.36,45266.17,26,1,20,9.4,Basic,Card,0
CUST_03675,16,2481.68,38956.15,13,1,11,65.2,Free,Invoice,0
CUST_03676,16,2969.51,43752.88,8,2,19,13.2,Enterprise,Card,0
CUST_03677,54,4083.29,201285.06,5,2,6,18.5,Basic,Card,0
CUST_03678,31,3123.8,91052.32,44,0,70,53.7,Basic,Card,0
CUST_03679,42,4820.98,191365.46,13,0,1,37.3,Basic,Invoice,0
CUST_03680,25,3471.51,82052.07,29,0,42,49.2,Free,Card,0
CUST_03681,13,2852.19,34265.75,20,2,20,65.3,Free,Card,0
CUST_03682,6,606.16,3464.43,14,1,28,20.2,Pro,Card,0
CUST_03683,44,2361.8,86130.64,32,3,31,89.8,Basic,Net Banking,0
CUST_03684,9,1846.62,16026.17,27,1,44,58.2,Pro,UPI,0
CUST_03685,45,3866.48,149995.81,25,2,75,7.1,Enterprise,UPI,1
CUST_03686,36,1437.25,50558.07,4,3,76,64.7,Basic,Net Banking,0
CUST_03687,56,1423.49,65874.07,21,1,58,49.0,Pro,UPI,0
CUST_03688,43,1352.84,46579.62,18,4,2,71.7,Enterprise,Invoice,0
CUST_03689,20,1065.27,17111.1,39,1,38,79.5,Basic,UPI,0
CUST_03690,18,1899.53,28790.37,15,2,50,94.2,Basic,Card,0
CUST_03691,58,4486.65,214101.98,38,1,7,99.8,Enterprise,Card,0
CUST_03692,43,3987.18,156152.52,48,4,45,57.2,Free,Net Banking,0
CUST_03693,57,3808.63,193142.94,24,4,65,58.3,Free,Card,0
CUST_03694,21,4088.02,79084.47,8,0,5,7.1,Basic,UPI,0
CUST_03695,4,1712.38,5743.54,28,3,57,87.2,Pro,Net Banking,0
CUST_03696,50,4493.49,213613.28,21,1,40,7.7,Enterprise,Card,1
CUST_03697,33,1117.87,34015.77,16,2,78,65.1,Basic,Net Banking,0
CUST_03698,27,2013.56,45897.99,16,0,53,14.4,Free,UPI,1
CUST_03699,7,3140.37,19339.95,35,2,75,32.2,Basic,Card,0
CUST_03700,6,963.07,5452.75,17,3,40,18.3,Pro,UPI,1
CUST_03701,15,3785.59,53153.89,9,0,47,18.1,Free,UPI,1
CUST_03702,18,2242.61,36833.56,35,4,69,12.1,Basic,Net Banking,1
CUST_03703,32,4029.83,128413.41,29,0,26,35.2,Basic,UPI,0
CUST_03704,56,2718.03,125780.68,39,6,46,45.2,Pro,Net Banking,0
CUST_03705,11,1313.94,12974.12,18,4,76,49.1,Basic,UPI,0
CUST_03706,20,3806.43,70404.26,12,7,22,46.8,Free,UPI,0
CUST_03707,24,1634.65,39184.73,19,0,73,54.8,Pro,Card,0
CUST_03708,15,2708.65,36912.86,48,2,13,86.7,Free,Card,0
CUST_03709,48,839.9,35819.01,22,0,60,65.0,Basic,UPI,0
CUST_03710,7,3280.4,22605.92,49,1,66,6.6,Basic,UPI,1
CUST_03711,21,3496.36,66174.94,15,2,75,21.4,Free,Invoice,1
CUST_03712,42,2204.03,91444.13,1,2,24,38.2,Free,UPI,0
CUST_03713,26,4794.9,118444.23,2,2,64,95.2,Free,UPI,0
CUST_03714,44,4433.76,162618.92,8,1,23,12.4,Basic,Card,0
CUST_03715,56,3685.73,172033.72,22,4,52,72.5,Free,UPI,0
CUST_03716,14,3711.43,44872.4,25,2,72,8.1,Free,Net Banking,1
CUST_03717,57,1635.81,75854.79,2,3,49,39.4,Free,Card,0
CUST_03718,37,3455.67,116161.66,9,2,0,78.2,Basic,Card,0
CUST_03719,58,1391.93,78467.29,9,3,38,37.7,Pro,UPI,0
CUST_03720,21,1148.01,21215.34,13,1,73,45.9,Basic,Card,0
CUST_03721,18,4997.61,83629.71,6,2,43,91.0,Basic,UPI,0
CUST_03722,5,3300.69,16442.33,30,5,4,11.3,Basic,UPI,1
CUST_03723,3,2439.45,6138.24,15,3,67,55.1,Pro,Card,0
CUST_03724,23,1796.74,36019.43,15,2,71,39.8,Free,Card,0
CUST_03725,26,3217.64,67345.03,7,0,79,96.6,Basic,Net Banking,0
CUST_03726,37,723.17,22646.8,11,1,64,80.4,Basic,Card,0
CUST_03727,24,926.06,21244.94,40,2,78,16.6,Basic,Card,1
CUST_03728,49,647.86,29564.82,38,4,87,93.1,Basic,Card,0
CUST_03729,19,2746.26,49922.81,40,1,14,25.1,Enterprise,Card,0
CUST_03730,51,3202.73,144565.46,2,5,49,13.1,Enterprise,UPI,1
CUST_03731,25,781.16,18496.44,48,3,5,56.5,Basic,Net Banking,0
CUST_03732,21,3745.51,72356.29,39,2,65,75.0,Basic,Card,0
CUST_03733,12,1536.78,15964.38,10,5,68,73.0,Pro,UPI,0
CUST_03734,57,3583.41,180250.55,44,3,38,55.7,Basic,Card,0
CUST_03735,41,4918.54,183161.07,17,1,28,51.8,Enterprise,UPI,0
CUST_03736,33,3609.98,118091.36,7,2,87,97.1,Pro,Net Banking,0
CUST_03737,50,4474.37,220647.39,40,3,45,83.0,Free,Card,0
CUST_03738,53,4766.89,251961.89,39,0,30,71.4,Basic,Card,0
CUST_03739,4,2690.38,8644.54,4,2,23,23.5,Pro,Net Banking,1
CUST_03740,42,3660.46,145043.2,35,3,14,82.9,Pro,Net Banking,0
CUST_03741,57,4333.86,241825.37,47,2,75,76.2,Pro,Net Banking,0
CUST_03742,7,2104.74,13964.95,36,0,19,99.2,Enterprise,UPI,0
CUST_03743,22,1676.29,32573.94,31,1,3,17.6,Basic,UPI,0
CUST_03744,55,4759.69,247373.98,25,1,57,73.0,Free,Card,0
CUST_03745,33,3768.37,110531.11,41,2,76,98.0,Pro,UPI,0
CUST_03746,17,1488.57,23859.19,13,2,60,48.9,Free,UPI,0
CUST_03747,24,2520.88,57843.32,18,3,9,74.7,Enterprise,Net Banking,0
CUST_03748,34,4084.03,134502.25,21,4,40,97.7,Pro,Card,0
CUST_03749,28,2961.78,78418.86,48,2,52,57.0,Enterprise,UPI,0
CUST_03750,58,3424.78,165266.93,1,0,86,71.4,Basic,UPI,0
CUST_03751,43,3891.96,165221.44,36,0,70,6.9,Free,UPI,1
CUST_03752,41,3299.04,113981.16,8,3,75,54.4,Basic,UPI,0
CUST_03753,39,2930.36,99600.11,48,2,47,29.3,Free,Net Banking,1
CUST_03754,22,3873.26,75482.39,21,1,14,17.5,Pro,Net Banking,0
CUST_03755,49,3774.03,174290.93,43,5,6,72.3,Basic,Card,0
CUST_03756,17,3334.43,53298.21,21,1,71,8.7,Pro,Net Banking,1
CUST_03757,34,2119.05,71496.17,27,3,70,91.0,Free,UPI,0
CUST_03758,6,2326.15,11691.73,19,4,42,54.2,Pro,UPI,0
CUST_03759,46,4866.97,199286.42,23,4,3,66.6,Pro,Card,0
CUST_03760,6,1005.74,5073.43,43,6,50,29.1,Enterprise,Card,1
CUST_03761,34,1708.27,54277.59,35,1,70,22.3,Free,Invoice,1
CUST_03762,1,2715.81,2288.36,40,4,58,28.2,Free,UPI,1
CUST_03763,10,4265.28,41525.85,42,4,40,27.1,Pro,UPI,1
CUST_03764,21,1236.54,25877.7,48,1,60,87.1,Basic,Net Banking,0
CUST_03765,5,1746.3,7538.5,5,1,29,79.8,Basic,Card,0
CUST_03766,2,796.09,1509.18,41,3,17,86.0,Enterprise,UPI,0
CUST_03767,22,3676.93,73333.88,8,7,29,74.8,Basic,UPI,0
CUST_03768,48,1571.94,65784.24,11,7,6,66.1,Free,UPI,0
CUST_03769,57,2249.04,107459.09,16,1,51,55.1,Free,Card,0
CUST_03770,2,2496.66,4712.9,39,2,47,30.2,Basic,Invoice,1
CUST_03771,10,4510.91,37519.43,47,3,22,72.0,Pro,Card,0
CUST_03772,34,2350.99,68433.4,24,2,36,18.0,Free,Card,1
CUST_03773,16,1153.51,18159.43,21,4,70,53.6,Pro,UPI,0
CUST_03774,48,2859.42,123756.56,23,3,52,23.6,Basic,UPI,1
CUST_03775,51,4833.31,239305.22,49,0,44,53.0,Pro,Net Banking,0
CUST_03776,39,3234.59,120284.19,38,1,48,32.9,Free,Net Banking,0
CUST_03777,22,4925.24,94837.72,47,1,48,10.1,Pro,UPI,1
CUST_03778,12,4284.98,43377.96,8,4,81,52.9,Enterprise,Card,0
CUST_03779,24,661.85,13024.92,7,5,46,22.3,Pro,Net Banking,1
CUST_03780,47,3462.8,161470.02,2,2,24,20.3,Basic,Card,0
CUST_03781,40,1790.45,61945.29,30,2,26,41.5,Free,Card,0
CUST_03782,38,3018.28,107196.24,13,6,11,39.4,Free,Card,0
CUST_03783,59,1757.05,98074.17,23,2,22,87.4,Basic,UPI,0
CUST_03784,10,2069.92,17377.74,29,3,16,58.6,Free,Card,0
CUST_03785,35,4654.26,152923.25,38,2,43,86.2,Pro,Card,0
CUST_03786,51,1429.89,58475.31,37,5,70,18.9,Enterprise,UPI,1
CUST_03787,49,4433.49,191962.97,20,0,23,38.9,Free,Card,0
CUST_03788,32,637.06,17737.41,33,0,70,57.8,Basic,Card,0
CUST_03789,7,908.94,6277.08,29,0,59,19.5,Enterprise,Card,1
CUST_03790,21,4346.04,91011.75,15,1,52,17.2,Basic,Net Banking,1
CUST_03791,20,3337.5,57243.97,23,3,86,67.8,Basic,Invoice,0
CUST_03792,26,3862.56,92593.36,42,1,73,67.1,Pro,Card,0
CUST_03793,4,1442.38,5475.53,3,3,15,27.2,Free,UPI,1
CUST_03794,46,2916.88,112469.45,37,1,24,26.6,Enterprise,Invoice,0
CUST_03795,52,3817.49,186067.32,29,3,65,75.8,Pro,Card,0
CUST_03796,22,3322.91,62251.0,45,1,49,16.1,Free,Net Banking,1
CUST_03797,15,2622.64,32800.25,8,4,68,92.7,Free,Invoice,0
CUST_03798,56,4819.03,261806.2,22,1,77,94.7,Enterprise,Card,0
CUST_03799,40,3542.71,127607.82,29,6,39,87.7,Pro,Card,0
CUST_03800,21,4584.88,82744.47,2,6,5,25.0,Free,Invoice,1
CUST_03801,15,3783.97,50001.72,41,3,63,6.6,Free,Card,1
CUST_03802,22,3809.59,73974.43,49,1,27,94.0,Free,Card,0
CUST_03803,52,860.08,42667.16,45,1,8,37.7,Enterprise,UPI,0
CUST_03804,28,2117.59,57949.64,1,2,5,34.5,Basic,Card,0
CUST_03805,14,4362.66,54672.23,44,2,16,29.9,Basic,Invoice,0
CUST_03806,27,1546.72,36105.99,20,0,39,28.2,Enterprise,Card,1
CUST_03807,41,1019.78,39530.31,21,2,75,74.8,Basic,Card,0
CUST_03808,40,1967.48,77208.81,37,1,44,91.2,Basic,Net Banking,0
CUST_03809,58,1491.97,71201.86,8,5,81,79.7,Enterprise,Net Banking,0
CUST_03810,28,4663.8,125279.68,27,1,42,69.0,Free,Invoice,0
CUST_03811,26,4405.85,104406.72,47,1,45,32.3,Enterprise,UPI,0
CUST_03812,49,2748.57,131113.74,35,2,62,57.0,Free,Invoice,0
CUST_03813,2,776.05,1401.27,6,0,0,27.5,Basic,UPI,1
CUST_03814,25,3715.53,90335.23,45,1,58,15.6,Basic,Net Banking,1
CUST_03815,56,3305.35,168606.63,44,3,62,16.4,Enterprise,Card,1
CUST_03816,3,4867.5,12105.13,19,0,78,62.4,Basic,Invoice,1
CUST_03817,8,3015.29,19321.72,18,4,17,8.7,Free,UPI,1
CUST_03818,44,2013.77,81872.08,1,1,85,97.5,Free,Card,0
CUST_03819,33,2835.6,85941.18,25,0,81,99.6,Basic,Card,0
CUST_03820,42,4906.68,173529.06,27,4,64,19.2,Pro,Net Banking,1
CUST_03821,52,3633.63,183304.17,7,3,19,45.6,Basic,Net Banking,0
CUST_03822,35,3523.89,120074.16,44,1,55,78.0,Pro,Card,0
CUST_03823,6,1583.07,9126.42,42,3,53,95.7,Pro,UPI,0
CUST_03824,39,3846.21,148099.76,29,2,47,89.7,Basic,Net Banking,0
CUST_03825,52,3876.22,181675.71,31,3,53,29.2,Basic,Card,1
CUST_03826,23,1927.8,41699.49,44,1,88,13.1,Free,Card,1
CUST_03827,25,2676.71,65639.18,43,1,15,32.4,Enterprise,Net Banking,0
CUST_03828,59,1825.71,96002.64,36,2,19,46.5,Free,Card,0
CUST_03829,50,1664.17,76858.49,19,1,46,39.2,Basic,Card,0
CUST_03830,43,616.53,23927.53,6,6,6,78.5,Pro,Card,0
CUST_03831,19,1783.45,33772.05,25,3,22,29.5,Enterprise,Net Banking,0
CUST_03832,5,2992.86,13281.2,31,5,74,86.6,Basic,Card,1
CUST_03833,51,507.21,22334.35,9,1,32,26.4,Pro,Card,1
CUST_03834,11,1774.49,18073.52,20,1,39,39.3,Free,Card,0
CUST_03835,56,4466.35,214133.76,10,3,4,47.5,Basic,Card,0
CUST_03836,12,3171.42,36972.92,37,0,44,32.7,Basic,Card,0
CUST_03837,10,3235.38,31656.49,27,1,40,77.8,Pro,Card,0
CUST_03838,8,2315.14,16095.11,13,0,7,43.9,Basic,Card,0
CUST_03839,24,3544.12,74143.61,41,2,80,89.3,Basic,Card,0
CUST_03840,28,1354.7,31002.45,2,2,81,96.5,Free,Card,0
CUST_03841,41,4184.36,146027.01,21,2,49,86.7,Basic,UPI,0
CUST_03842,36,1025.1,30024.03,33,1,30,54.6,Free,Invoice,0
CUST_03843,37,3452.01,121522.9,24,1,3,53.4,Free,UPI,0
CUST_03844,21,2035.17,35732.17,44,1,65,25.5,Free,Net Banking,1
CUST_03845,8,3863.81,25216.37,42,1,55,61.3,Basic,Invoice,0
CUST_03846,55,2973.94,136228.92,34,1,4,95.5,Free,Card,0
CUST_03847,9,2535.59,19978.42,9,0,80,12.7,Free,UPI,1
CUST_03848,47,1262.4,52479.78,2,2,53,76.5,Free,UPI,0
CUST_03849,15,3365.7,49461.44,30,3,79,87.6,Basic,Card,0
CUST_03850,48,4886.46,200756.61,22,2,0,98.7,Basic,UPI,0
CUST_03851,46,4215.22,182953.57,46,6,75,36.8,Pro,UPI,0
CUST_03852,40,770.04,30154.21,11,2,82,38.8,Basic,Net Banking,0
CUST_03853,18,2193.03,38343.2,43,7,72,26.8,Free,Net Banking,1
CUST_03854,42,4665.12,164545.04,17,0,60,80.0,Pro,Card,0
CUST_03855,20,2763.7,47311.45,36,2,6,18.3,Free,Card,0
CUST_03856,6,3479.5,16928.94,13,2,29,30.4,Pro,Card,0
CUST_03857,12,4606.7,49567.62,7,4,14,33.0,Basic,Card,0
CUST_03858,2,4432.08,7809.82,16,2,3,40.6,Basic,UPI,0
CUST_03859,7,2758.19,17551.54,33,1,62,45.1,Basic,Card,0
CUST_03860,16,2469.41,35226.65,45,1,69,58.1,Enterprise,Invoice,0
CUST_03861,3,2028.62,5764.28,1,6,37,95.1,Free,Card,1
CUST_03862,45,3735.59,157001.35,11,3,46,28.5,Enterprise,Card,1
CUST_03863,3,1791.44,4760.15,6,0,59,79.0,Basic,Net Banking,0
CUST_03864,27,1624.49,35420.95,20,2,1,69.3,Enterprise,UPI,0
CUST_03865,50,2103.12,91355.4,35,5,68,16.0,Basic,UPI,1
CUST_03866,43,1297.47,48250.27,44,1,7,82.0,Pro,UPI,0
CUST_03867,40,3628.04,118690.84,37,2,50,13.6,Pro,Card,1
CUST_03868,38,3273.08,107069.6,41,0,18,75.2,Pro,Net Banking,0
CUST_03869,33,2672.95,87984.46,26,3,30,73.0,Basic,UPI,0
CUST_03870,28,2256.47,60922.45,12,1,79,70.5,Pro,Card,0
CUST_03871,1,4590.78,4408.65,30,2,21,31.3,Basic,Card,0
CUST_03872,55,631.06,33620.57,28,2,32,59.5,Basic,Net Banking,0
CUST_03873,8,3960.98,30832.59,27,3,85,77.3,Pro,Card,0
CUST_03874,37,4558.59,145909.67,42,3,71,65.6,Free,Net Banking,0
CUST_03875,32,2508.6,69394.07,19,1,36,81.4,Free,UPI,0
CUST_03876,48,2978.11,123978.44,5,1,11,70.3,Pro,Card,0
CUST_03877,43,4750.09,196841.29,5,1,68,31.1,Basic,Card,0
CUST_03878,37,1455.25,51661.54,41,0,63,19.5,Basic,Net Banking,1
CUST_03879,4,2840.61,9128.36,27,5,24,65.0,Basic,UPI,1
CUST_03880,30,2636.25,78283.61,28,2,53,77.2,Pro,Card,0
CUST_03881,6,1662.77,8551.09,26,2,28,18.5,Free,UPI,1
CUST_03882,46,4183.67,178059.04,27,2,12,21.6,Basic,UPI,0
CUST_03883,54,4548.2,227915.22,49,2,25,6.1,Pro,Card,0
CUST_03884,19,4018.7,62815.74,42,1,21,55.5,Basic,UPI,0
CUST_03885,32,1379.12,41446.41,21,1,75,56.5,Basic,UPI,0
CUST_03886,9,890.37,7265.81,1,1,72,52.5,Free,Card,0
CUST_03887,12,3224.5,35682.87,28,0,9,35.0,Pro,Net Banking,0
CUST_03888,11,756.93,7405.22,48,4,47,45.6,Pro,Net Banking,0
CUST_03889,46,3527.72,155925.7,15,3,41,77.8,Basic,Card,0
CUST_03890,55,2886.91,147194.21,17,2,89,22.3,Free,Card,1
CUST_03891,16,3482.54,46726.53,26,5,58,24.1,Pro,UPI,1
CUST_03892,1,3155.77,2999.7,20,4,52,68.4,Basic,Card,1
CUST_03893,45,2402.16,97342.88,25,3,39,87.4,Enterprise,Net Banking,0
CUST_03894,55,1403.95,62349.45,13,3,74,37.3,Free,UPI,0
CUST_03895,53,1875.66,87378.27,33,2,61,93.6,Free,Invoice,0
CUST_03896,21,2860.25,52878.17,25,1,5,10.5,Free,UPI,0
CUST_03897,30,3433.41,98911.74,8,4,3,16.3,Basic,Card,0
CUST_03898,13,4007.67,44117.69,5,3,54,48.7,Free,UPI,0
CUST_03899,34,3952.27,119663.83,6,2,87,73.7,Enterprise,UPI,0
CUST_03900,4,4877.1,15819.0,23,5,68,40.2,Free,Net Banking,1
CUST_03901,28,1786.29,48830.14,30,3,2,57.7,Pro,Net Banking,0
CUST_03902,38,820.0,27693.92,14,1,6,7.7,Basic,UPI,0
CUST_03903,58,2055.46,115797.39,23,1,87,48.9,Basic,Card,0
CUST_03904,31,3844.83,111495.72,11,3,85,28.0,Enterprise,UPI,1
CUST_03905,59,2471.5,125982.9,31,0,11,54.1,Basic,Card,0
CUST_03906,55,4180.05,216692.85,6,4,16,55.0,Basic,Card,0
CUST_03907,27,2971.97,71718.95,11,1,66,76.6,Free,Card,0
CUST_03908,5,4684.06,20334.6,13,1,74,56.3,Pro,Card,1
CUST_03909,25,4765.39,111222.49,12,2,69,63.4,Enterprise,Net Banking,0
CUST_03910,3,811.87,2325.68,2,3,35,55.3,Free,Card,1
CUST_03911,33,2553.86,79028.79,35,2,16,99.1,Pro,UPI,0
CUST_03912,4,3243.6,11580.59,36,2,85,80.2,Basic,UPI,1
CUST_03913,25,1651.43,35169.75,17,2,0,76.8,Pro,Net Banking,0
CUST_03914,20,2331.85,44868.49,28,1,66,64.6,Enterprise,Net Banking,0
CUST_03915,34,3549.57,104915.36,28,1,79,55.2,Free,Net Banking,0
CUST_03916,26,1520.3,36468.0,22,3,77,37.8,Pro,UPI,0
CUST_03917,5,3208.92,13205.82,38,0,48,79.5,Basic,Net Banking,1
CUST_03918,35,3638.52,120733.18,7,2,50,23.0,Pro,Card,1
CUST_03919,28,907.23,25163.21,15,3,70,8.5,Basic,UPI,1
CUST_03920,29,2738.88,70679.19,32,4,89,71.3,Pro,Invoice,0
CUST_03921,9,1683.86,13785.84,11,5,42,18.8,Basic,Invoice,1
CUST_03922,52,3759.74,191576.41,24,0,30,90.9,Basic,Card,0
CUST_03923,38,1353.0,49309.09,3,2,23,78.2,Pro,UPI,0
CUST_03924,50,4515.07,224050.42,30,2,82,62.2,Free,Card,0
CUST_03925,6,2439.24,12487.15,6,1,36,34.8,Basic,Net Banking,0
CUST_03926,19,1391.01,23627.66,2,0,64,65.6,Basic,Net Banking,0
CUST_03927,44,2471.1,96890.99,14,1,88,50.3,Free,Card,0
CUST_03928,57,2339.35,119291.32,41,3,62,32.7,Pro,Net Banking,0
CUST_03929,11,2430.14,26267.08,18,1,55,94.8,Pro,Card,0
CUST_03930,2,3135.03,5273.77,44,2,73,20.4,Free,Invoice,1
CUST_03931,47,2845.28,130917.12,31,0,17,76.6,Pro,Invoice,0
CUST_03932,44,1174.0,47225.23,13,2,64,81.0,Basic,Card,0
CUST_03933,44,795.11,31744.14,26,4,28,95.4,Basic,UPI,0
CUST_03934,9,3782.37,30068.71,44,1,76,57.2,Free,Card,0
CUST_03935,21,3018.73,57556.63,12,2,3,55.8,Enterprise,Card,0
CUST_03936,24,2115.5,48774.53,18,2,11,92.4,Basic,Net Banking,0
CUST_03937,34,4137.61,126392.37,9,1,55,81.1,Free,Card,0
CUST_03938,22,2246.26,47204.03,49,4,47,77.5,Pro,UPI,0
CUST_03939,3,4081.84,10816.8,21,1,18,80.0,Basic,Invoice,0
CUST_03940,12,1875.9,18832.07,48,1,25,51.9,Pro,Card,0
CUST_03941,28,827.8,20464.96,49,1,37,8.9,Enterprise,UPI,1
CUST_03942,30,4696.88,133109.88,40,3,79,23.8,Free,UPI,1
CUST_03943,26,2275.48,57408.33,43,3,24,66.1,Pro,Net Banking,0
CUST_03944,48,4067.12,186305.01,24,3,55,42.6,Enterprise,Net Banking,0
CUST_03945,21,1756.15,32265.23,34,4,73,62.6,Basic,UPI,0
CUST_03946,28,3408.64,87408.55,8,2,27,57.4,Pro,Net Banking,0
CUST_03947,56,4429.9,216343.34,44,3,60,46.7,Basic,Invoice,0
CUST_03948,26,687.4,16816.13,33,0,88,27.3,Basic,Net Banking,1
CUST_03949,33,4237.86,124087.02,23,2,88,73.3,Pro,UPI,0
CUST_03950,21,3071.0,61457.82,13,1,50,91.4,Enterprise,UPI,0
CUST_03951,35,3233.62,90831.01,49,1,11,78.1,Free,UPI,0
CUST_03952,52,2854.21,128832.18,14,0,7,16.4,Basic,Net Banking,0
CUST_03953,34,4435.14,147122.08,14,1,57,56.1,Enterprise,UPI,0
CUST_03954,41,695.45,24655.84,16,2,87,84.4,Free,Card,0
CUST_03955,51,1674.63,75067.96,49,4,22,61.1,Pro,Card,0
CUST_03956,47,4440.93,199987.85,38,5,36,46.8,Basic,Net Banking,1
CUST_03957,18,3885.56,57275.55,39,1,10,32.0,Basic,UPI,0
CUST_03958,58,579.4,28980.4,26,2,16,36.4,Free,Net Banking,0
CUST_03959,11,2826.53,29689.39,26,2,55,28.0,Free,UPI,1
CUST_03960,57,2883.08,162922.85,1,2,52,23.6,Basic,Card,1
CUST_03961,23,2303.97,50689.75,32,0,66,60.9,Basic,Card,0
CUST_03962,48,1838.27,73632.2,15,3,1,53.4,Basic,UPI,0
CUST_03963,22,3567.76,75900.83,21,2,28,74.8,Free,Card,0
CUST_03964,17,1435.06,21838.22,18,1,56,34.3,Basic,Invoice,0
CUST_03965,5,4095.27,19587.7,30,4,33,48.8,Enterprise,Card,1
CUST_03966,44,4113.67,153465.89,13,0,77,69.6,Basic,UPI,0
CUST_03967,11,2368.68,22622.06,24,4,81,96.5,Basic,Card,0
CUST_03968,30,1775.97,52230.96,30,4,1,38.1,Free,Card,0
CUST_03969,15,1777.45,26186.1,2,1,74,33.3,Basic,Card,0
CUST_03970,27,2670.31,61790.83,19,1,30,47.7,Pro,Net Banking,0
CUST_03971,35,3738.11,106853.37,47,1,76,73.8,Basic,UPI,0
CUST_03972,33,2114.91,68801.19,44,4,43,96.3,Pro,Card,0
CUST_03973,20,3245.2,55822.68,47,0,89,56.0,Basic,Card,0
CUST_03974,16,2221.18,29284.89,25,2,55,82.2,Free,UPI,0
CUST_03975,34,1870.35,55300.97,14,2,53,49.1,Basic,UPI,0
CUST_03976,2,611.87,1048.01,6,2,52,8.8,Pro,Card,1
CUST_03977,35,517.61,14784.96,12,4,73,90.0,Basic,Invoice,0
CUST_03978,40,1522.43,60699.15,20,4,75,32.5,Pro,Card,0
CUST_03979,56,2328.83,111993.98,23,4,85,18.2,Basic,Net Banking,1
CUST_03980,28,4330.68,103612.93,30,2,45,99.6,Free,Card,0
CUST_03981,47,4093.18,170060.77,30,4,53,38.0,Pro,UPI,0
CUST_03982,39,1702.24,58617.67,38,3,30,18.0,Basic,UPI,0
CUST_03983,6,1600.43,8515.24,30,2,82,34.6,Pro,UPI,0
CUST_03984,9,1522.95,13450.59,41,4,23,53.8,Basic,UPI,0
CUST_03985,20,2026.57,32913.41,30,2,24,13.4,Enterprise,Card,0
CUST_03986,1,2741.89,2709.89,36,2,34,38.5,Enterprise,Card,1
CUST_03987,8,2474.0,18469.58,49,1,56,68.5,Basic,Card,0
CUST_03988,55,1482.23,76590.71,34,2,71,92.0,Basic,UPI,0
CUST_03989,23,1087.03,20790.67,16,0,68,42.8,Pro,Net Banking,0
CUST_03990,3,556.6,1445.75,24,2,85,58.6,Basic,Card,1
CUST_03991,4,1192.83,3866.89,14,1,27,65.4,Pro,UPI,0
CUST_03992,58,3674.1,198312.18,26,1,75,11.7,Basic,Card,1
CUST_03993,25,1596.37,34640.02,8,3,32,37.5,Free,Card,0
CUST_03994,47,2608.71,111605.26,14,3,52,70.0,Enterprise,Card,0
CUST_03995,38,3160.86,114172.59,31,2,15,74.9,Pro,Card,0
CUST_03996,15,4490.78,61346.76,2,3,25,38.8,Basic,Card,0
CUST_03997,21,4499.85,76948.69,48,2,11,5.6,Enterprise,Net Banking,0
CUST_03998,35,3855.8,109626.1,4,2,86,5.7,Pro,Invoice,1
CUST_03999,57,658.21,36521.18,1,1,89,56.1,Free,Net Banking,0
CUST_04000,53,3087.82,139503.95,20,2,76,57.4,Basic,Invoice,0
CUST_04001,53,4039.63,186790.2,14,0,86,57.8,Basic,Net Banking,0
CUST_04002,46,577.8,22423.98,40,1,30,73.6,Pro,Card,0
CUST_04003,52,2973.58,145313.98,25,2,26,92.5,Basic,UPI,0
CUST_04004,14,4359.94,53544.76,25,1,35,99.1,Free,Net Banking,0
CUST_04005,36,2633.46,84495.99,3,1,58,71.6,Free,UPI,0
CUST_04006,12,518.48,5816.68,5,3,86,53.8,Free,UPI,0
CUST_04007,17,549.56,8638.21,38,3,2,18.4,Free,UPI,1
CUST_04008,39,2374.86,88439.51,26,3,31,41.5,Basic,UPI,0
CUST_04009,9,1197.54,10236.42,40,2,14,59.4,Pro,Card,0
CUST_04010,35,3490.03,108467.56,38,4,74,100.0,Free,UPI,0
CUST_04011,13,3689.6,40212.29,38,2,65,17.1,Basic,Card,1
CUST_04012,15,1300.46,16476.38,4,2,89,80.3,Basic,Card,0
CUST_04013,18,4498.4,76222.05,7,1,62,99.9,Basic,Invoice,0
CUST_04014,51,2488.59,108166.95,30,1,0,81.5,Basic,UPI,0
CUST_04015,33,1142.81,33492.33,30,1,74,77.9,Free,Net Banking,0
CUST_04016,6,3939.13,19417.89,19,1,4,29.6,Basic,Net Banking,0
CUST_04017,59,4054.89,197240.62,39,1,89,5.3,Pro,Card,1
CUST_04018,27,3376.83,77497.29,35,3,5,26.5,Free,Net Banking,0
CUST_04019,23,4340.59,81560.7,40,2,4,80.0,Free,Card,0
CUST_04020,59,3818.18,192588.28,33,0,72,15.2,Pro,Net Banking,1
CUST_04021,27,4469.93,110265.31,33,2,27,33.1,Basic,UPI,0
CUST_04022,34,2452.5,79128.51,14,1,82,58.4,Enterprise,Invoice,0
CUST_04023,56,3864.19,174531.05,38,2,68,60.1,Pro,Net Banking,0
CUST_04024,46,4998.88,211580.97,10,2,86,56.6,Basic,Card,0
CUST_04025,38,3762.19,124755.04,28,4,43,98.2,Pro,Net Banking,0
CUST_04026,14,1013.83,11998.27,14,5,15,6.2,Free,UPI,1
CUST_04027,36,2832.43,82223.68,36,1,70,51.3,Free,Card,0
CUST_04028,53,3143.07,144125.27,38,0,77,52.9,Pro,Net Banking,0
CUST_04029,8,1283.95,9839.53,16,1,21,32.9,Basic,Invoice,0
CUST_04030,35,4833.01,153255.52,21,4,72,54.9,Free,Card,0
CUST_04031,19,1290.11,23412.21,28,2,22,69.0,Enterprise,Invoice,0
CUST_04032,30,1299.01,34390.17,33,1,42,68.9,Free,UPI,0
CUST_04033,14,4618.25,62628.61,6,1,67,13.3,Basic,Card,1
CUST_04034,59,2593.42,127010.62,41,4,42,81.2,Free,UPI,0
CUST_04035,20,784.35,15122.37,15,2,25,93.4,Basic,Net Banking,0
CUST_04036,49,3191.84,140009.43,44,1,40,16.7,Basic,UPI,1
CUST_04037,25,3208.22,76131.12,3,2,69,44.6,Pro,Net Banking,0
CUST_04038,40,790.25,26807.95,43,2,30,53.6,Enterprise,Net Banking,0
CUST_04039,24,4876.35,105005.14,47,5,16,17.8,Basic,Net Banking,1
CUST_04040,14,2948.13,39068.08,35,3,8,52.8,Free,Card,0
CUST_04041,26,3019.08,70391.44,14,4,54,24.7,Pro,UPI,1
CUST_04042,38,2840.52,96241.29,2,1,5,93.9,Basic,Card,0
CUST_04043,23,3248.29,71881.54,29,2,69,47.6,Basic,UPI,0
CUST_04044,22,1689.35,30939.32,4,2,63,99.5,Free,Invoice,0
CUST_04045,48,1792.59,77011.42,26,0,3,9.4,Free,Card,0
CUST_04046,57,2801.03,153986.82,12,1,66,17.1,Basic,UPI,1
CUST_04047,19,4130.09,76043.07,2,0,87,47.1,Basic,Invoice,0
CUST_04048,46,724.39,27445.77,17,3,55,88.1,Free,Net Banking,0
CUST_04049,51,3215.32,159066.9,35,3,17,57.7,Free,Card,0
CUST_04050,3,4130.5,9943.32,10,1,31,74.6,Free,UPI,1
CUST_04051,42,1206.13,49194.05,48,0,84,45.2,Free,Invoice,0
CUST_04052,19,567.6,9198.59,22,1,47,8.8,Free,UPI,1
CUST_04053,9,1907.21,15716.75,41,2,28,66.5,Basic,UPI,0
CUST_04054,28,3146.65,70654.64,43,1,31,65.2,Pro,Net Banking,0
CUST_04055,20,1122.27,21240.05,21,0,24,11.8,Pro,UPI,0
CUST_04056,45,2417.55,96421.69,15,2,75,21.2,Pro,UPI,1
CUST_04057,7,2985.45,20253.65,35,5,62,50.2,Free,Card,1
CUST_04058,14,3194.97,40753.3,48,0,8,47.4,Free,Net Banking,0
CUST_04059,9,1734.85,15097.33,21,2,70,76.5,Basic,Invoice,0
CUST_04060,59,2300.13,125167.65,21,3,13,41.8,Basic,Invoice,0
CUST_04061,55,4002.53,208950.34,21,2,19,68.0,Enterprise,UPI,0
CUST_04062,57,4735.47,256316.46,44,2,83,71.9,Free,UPI,0
CUST_04063,19,4378.46,70656.54,32,2,9,66.3,Pro,Card,0
CUST_04064,47,3039.28,130768.54,5,2,10,61.6,Basic,Card,0
CUST_04065,52,2346.32,118930.69,39,3,38,81.5,Pro,Net Banking,0
CUST_04066,14,1998.3,27298.48,9,1,18,67.4,Basic,Card,0
CUST_04067,56,1062.3,52168.2,18,6,18,84.2,Pro,Card,0
CUST_04068,38,979.48,32194.72,21,2,42,65.5,Basic,Net Banking,0
CUST_04069,53,3597.61,177477.5,8,4,60,20.1,Basic,Net Banking,1
CUST_04070,36,1669.07,57424.62,44,1,69,34.4,Enterprise,UPI,0
CUST_04071,40,1645.98,53138.41,34,2,71,36.4,Basic,Net Banking,0
CUST_04072,17,4991.88,69475.33,10,1,64,13.9,Pro,UPI,1
CUST_04073,30,1345.67,38583.58,41,2,22,70.8,Free,Card,0
CUST_04074,9,1166.27,9314.11,24,1,59,61.5,Free,Invoice,0
CUST_04075,33,944.08,29083.78,40,7,9,61.0,Basic,Net Banking,0
CUST_04076,56,3109.12,167855.39,24,2,62,50.5,Basic,UPI,0
CUST_04077,52,3325.39,164509.53,32,0,1,56.6,Basic,UPI,0
CUST_04078,25,2143.53,51548.87,33,1,35,5.8,Free,Card,1
CUST_04079,14,2909.36,36771.01,38,4,56,14.1,Pro,UPI,1
CUST_04080,11,4047.8,37025.63,44,3,65,69.9,Free,Net Banking,0
CUST_04081,53,4181.47,198281.91,49,0,78,29.8,Enterprise,Card,1
CUST_04082,35,4810.6,167134.77,34,1,19,15.3,Basic,UPI,0
CUST_04083,41,4209.21,148604.98,11,0,41,36.2,Free,UPI,0
CUST_04084,59,3041.79,158621.43,31,3,20,29.2,Free,Invoice,0
CUST_04085,14,1308.46,17459.07,18,3,87,7.8,Enterprise,Card,1
CUST_04086,30,948.94,23207.13,23,2,65,44.0,Basic,Net Banking,0
CUST_04087,41,745.3,29072.5,22,0,37,7.6,Basic,Card,1
CUST_04088,4,3499.37,11965.64,43,2,85,5.0,Basic,Card,1
CUST_04089,59,4133.91,208160.82,18,3,77,80.3,Enterprise,Net Banking,0
CUST_04090,4,2789.08,10224.6,40,1,68,34.9,Basic,UPI,1
CUST_04091,28,746.21,17781.89,47,3,23,58.9,Free,UPI,0
CUST_04092,8,2909.62,21606.4,41,4,25,33.3,Basic,UPI,0
CUST_04093,2,4710.87,9249.98,47,4,1,93.4,Basic,Net Banking,0
CUST_04094,41,3189.26,115189.7,39,3,45,74.3,Free,Net Banking,0
CUST_04095,46,4142.42,188400.13,20,3,33,40.1,Basic,Net Banking,0
CUST_04096,22,4100.69,89173.42,13,1,61,25.0,Basic,Card,1
CUST_04097,41,4694.58,161972.71,45,2,86,18.1,Pro,Net Banking,1
CUST_04098,56,3966.03,196857.9,1,1,40,77.4,Enterprise,Card,0
CUST_04099,55,3864.65,212135.48,4,2,14,48.0,Basic,Card,0
CUST_04100,16,1553.46,20523.03,24,4,54,27.0,Basic,Card,1
CUST_04101,29,769.66,19978.1,36,0,2,92.4,Free,Net Banking,0
CUST_04102,49,2829.2,122878.97,36,2,75,42.1,Pro,Card,0
CUST_04103,48,1059.95,48944.19,45,2,37,56.6,Free,Card,0
CUST_04104,30,4829.88,120614.25,2,3,50,86.5,Enterprise,UPI,0
CUST_04105,12,1804.66,18284.14,28,1,16,84.2,Basic,Net Banking,0
CUST_04106,35,4338.25,126802.16,26,1,82,65.6,Basic,UPI,0
CUST_04107,11,2244.31,20572.66,23,4,48,89.4,Basic,Net Banking,0
CUST_04108,46,1954.37,76555.88,15,5,20,95.4,Enterprise,Invoice,0
CUST_04109,50,4708.21,213198.15,36,2,87,93.8,Enterprise,Net Banking,0
CUST_04110,21,2134.95,42205.72,27,1,23,38.2,Enterprise,Card,0
CUST_04111,21,2256.3,41509.82,6,2,82,42.7,Pro,Invoice,0
CUST_04112,5,977.41,4345.79,35,3,39,27.8,Free,Card,1
CUST_04113,48,3517.01,161807.0,39,2,19,84.5,Basic,UPI,0
CUST_04114,20,1799.78,32577.59,38,4,78,16.6,Free,Net Banking,1
CUST_04115,37,3135.22,106485.73,35,3,34,38.7,Pro,UPI,0
CUST_04116,3,3161.08,8569.01,36,3,47,5.9,Basic,Net Banking,1
CUST_04117,44,3736.4,157487.64,10,2,32,61.5,Basic,Invoice,0
CUST_04118,33,3853.59,106401.4,30,4,55,67.5,Free,Invoice,0
CUST_04119,53,2815.04,148637.69,41,4,40,28.7,Pro,UPI,1
CUST_04120,9,1989.46,17473.37,38,2,53,75.0,Enterprise,Invoice,0
CUST_04121,9,4268.53,33808.76,29,2,43,41.2,Pro,Card,0
CUST_04122,4,1894.4,6691.16,43,0,81,34.6,Pro,UPI,1
CUST_04123,35,2783.79,94490.06,39,1,80,95.8,Basic,Net Banking,0
CUST_04124,17,2305.64,34849.56,4,2,71,60.9,Free,Invoice,0
CUST_04125,34,4347.85,133285.56,5,1,83,29.0,Enterprise,Card,1
CUST_04126,24,2443.63,55667.56,4,4,10,98.4,Free,Invoice,0
CUST_04127,32,2237.45,62834.61,36,0,13,41.8,Free,Invoice,0
CUST_04128,1,3604.21,3210.64,45,2,41,66.5,Free,Invoice,1
CUST_04129,8,3210.98,20740.97,16,2,78,73.8,Basic,Card,0
CUST_04130,45,982.61,36551.74,25,4,11,45.1,Basic,Net Banking,0
CUST_04131,23,2786.76,57155.98,14,1,83,55.9,Free,UPI,0
CUST_04132,47,3809.65,144878.12,11,4,16,27.8,Enterprise,Card,0
CUST_04133,40,4964.34,171051.82,29,2,89,49.3,Enterprise,Invoice,0
CUST_04134,12,3331.16,35474.81,34,3,77,34.5,Free,Card,0
CUST_04135,54,2166.32,95962.49,22,2,24,57.0,Pro,Card,0
CUST_04136,12,1517.68,14807.67,14,1,25,68.6,Pro,Card,0
CUST_04137,46,4427.74,163604.02,24,1,46,63.3,Basic,Card,0
CUST_04138,47,4165.54,175627.63,39,4,24,78.8,Free,UPI,0
CUST_04139,15,1552.65,19315.75,26,2,88,8.9,Free,Invoice,1
CUST_04140,41,1402.84,53934.28,43,1,59,12.5,Pro,Invoice,1
CUST_04141,19,3718.12,63480.11,36,3,59,24.5,Basic,UPI,1
CUST_04142,26,1917.28,40068.22,39,3,26,98.7,Pro,UPI,0
CUST_04143,52,1878.79,79311.17,16,0,42,81.0,Pro,Card,0
CUST_04144,29,1185.31,33808.77,38,5,75,92.8,Basic,UPI,0
CUST_04145,22,1687.89,30630.26,32,0,19,30.8,Free,Invoice,0
CUST_04146,40,2423.78,92245.65,6,5,62,59.5,Free,Card,1
CUST_04147,21,3797.77,67730.72,34,1,79,57.7,Free,Card,0
CUST_04148,51,2013.39,88750.18,8,2,24,59.1,Free,Net Banking,0
CUST_04149,38,1978.72,60525.9,30,4,26,73.2,Free,UPI,0
CUST_04150,20,1782.11,32478.23,27,1,51,42.4,Pro,Card,0
CUST_04151,57,2652.28,135065.52,7,1,81,69.3,Free,Net Banking,0
CUST_04152,29,1312.87,36131.15,27,2,9,79.9,Basic,Card,0
CUST_04153,51,2685.34,134369.13,25,5,49,32.5,Free,Net Banking,1
CUST_04154,4,3668.79,13347.67,46,3,29,94.8,Basic,UPI,0
CUST_04155,55,634.06,34540.38,41,4,0,54.2,Pro,Net Banking,0
CUST_04156,7,544.01,3159.29,15,1,53,74.6,Free,UPI,0
CUST_04157,28,838.05,20389.77,25,1,3,74.2,Basic,Card,0
CUST_04158,28,2910.47,78719.81,22,6,86,58.7,Pro,UPI,0
CUST_04159,4,4345.05,15827.5,18,1,6,35.7,Basic,Card,0
CUST_04160,22,521.98,10443.08,12,1,29,68.4,Free,Card,0
CUST_04161,12,4714.98,50473.51,23,2,89,13.3,Pro,UPI,1
CUST_04162,45,978.25,35381.34,45,2,64,98.2,Free,Card,0
CUST_04163,3,4288.93,10500.18,39,2,28,22.5,Basic,Net Banking,1
CUST_04164,22,2672.85,48094.9,25,1,24,31.2,Free,UPI,0
CUST_04165,44,3467.11,127822.75,10,6,39,95.7,Basic,Card,0
CUST_04166,2,2798.07,4582.43,30,2,25,22.7,Pro,Card,1
CUST_04167,24,2646.72,52171.35,10,1,16,21.2,Pro,Invoice,0
CUST_04168,34,4257.05,134228.43,34,1,30,81.4,Enterprise,Card,0
CUST_04169,27,3901.49,86765.53,46,4,60,28.9,Basic,UPI,1
CUST_04170,55,2675.31,131398.82,13,2,7,14.0,Enterprise,Card,0
CUST_04171,41,1002.36,33396.29,29,1,68,26.5,Basic,Card,1
CUST_04172,1,1019.31,870.37,38,0,0,89.4,Basic,UPI,0
CUST_04173,8,4106.93,32358.33,41,1,78,31.6,Pro,Net Banking,0
CUST_04174,23,2882.26,53444.68,45,1,70,71.0,Basic,Net Banking,0
CUST_04175,38,2667.15,98857.67,9,2,45,42.5,Basic,UPI,0
CUST_04176,6,3562.55,20347.62,13,4,19,29.9,Free,UPI,0
CUST_04177,22,4364.79,94506.57,37,1,81,18.7,Pro,UPI,1
CUST_04178,25,3329.93,79699.74,14,3,39,97.4,Free,UPI,0
CUST_04179,18,3932.82,68329.78,37,2,1,54.5,Free,Card,0
CUST_04180,17,3943.72,55079.02,9,2,60,15.9,Enterprise,UPI,1
CUST_04181,12,2103.18,24408.06,8,4,70,23.9,Free,Card,1
CUST_04182,6,1733.37,9312.61,39,1,76,43.7,Basic,UPI,0
CUST_04183,26,4105.24,92894.24,40,1,29,56.7,Enterprise,UPI,0
CUST_04184,27,2197.3,49287.27,3,2,29,22.3,Basic,Invoice,0
CUST_04185,8,4565.01,29220.96,47,2,86,31.4,Basic,UPI,0
CUST_04186,19,813.61,14353.7,40,3,44,79.5,Basic,UPI,0
CUST_04187,42,761.98,30249.53,33,1,23,44.7,Free,UPI,0
CUST_04188,1,4671.52,4099.81,32,3,83,5.1,Enterprise,UPI,1
CUST_04189,57,3418.05,162262.99,7,1,55,10.1,Free,Card,1
CUST_04190,29,2208.2,53081.78,19,1,82,46.7,Pro,Card,0
CUST_04191,45,3897.77,146221.49,34,3,60,10.7,Free,UPI,1
CUST_04192,49,3525.47,140140.4,14,2,12,21.5,Free,Net Banking,1
CUST_04193,35,2890.4,88207.88,47,5,79,74.1,Free,Net Banking,1
CUST_04194,40,944.93,34895.6,46,0,55,50.6,Free,UPI,0
CUST_04195,14,4154.81,51735.28,19,6,14,50.8,Basic,Card,0
CUST_04196,35,4397.1,126981.07,26,1,10,61.8,Basic,Net Banking,0
CUST_04197,48,1274.76,58938.57,17,2,11,79.9,Pro,Invoice,0
CUST_04198,45,4327.3,166962.41,28,4,85,20.1,Free,Card,1
CUST_04199,20,4450.31,81933.41,19,3,88,21.4,Basic,Net Banking,1
CUST_04200,56,2972.43,141343.98,27,3,2,16.5,Free,Card,1
CUST_04201,49,3452.81,155483.16,48,1,23,94.0,Basic,Invoice,0
CUST_04202,13,2220.07,23837.13,19,2,88,59.8,Basic,UPI,0
CUST_04203,38,1768.06,62557.14,33,4,8,13.8,Basic,Card,0
CUST_04204,49,3748.92,168015.38,7,0,45,26.0,Basic,Card,1
CUST_04205,46,4378.44,182044.57,29,2,70,73.9,Pro,UPI,0
CUST_04206,49,3443.35,142304.93,43,2,59,7.8,Pro,UPI,1
CUST_04207,8,2802.16,20306.28,5,1,10,73.9,Basic,UPI,0
CUST_04208,43,1215.16,51176.58,30,1,9,91.6,Free,UPI,0
CUST_04209,20,740.56,12220.03,49,4,2,10.4,Basic,UPI,0
CUST_04210,33,2505.61,77785.64,43,3,18,22.7,Enterprise,Net Banking,0
CUST_04211,26,722.07,15446.02,8,4,1,5.2,Free,Invoice,1
CUST_04212,39,3062.01,103611.08,42,2,16,15.4,Pro,Card,0
CUST_04213,21,2222.28,43716.89,12,3,1,63.6,Basic,UPI,0
CUST_04214,53,3907.35,188875.24,42,2,52,9.3,Basic,Card,1
CUST_04215,49,1875.42,85982.35,13,3,15,45.5,Enterprise,UPI,0
CUST_04216,42,3168.42,132098.42,26,3,9,52.8,Enterprise,Net Banking,0
CUST_04217,43,2919.58,124778.9,18,0,67,91.1,Free,UPI,0
CUST_04218,54,521.21,27666.13,42,1,42,50.1,Pro,Card,0
CUST_04219,41,825.75,30435.17,49,3,89,18.5,Basic,Net Banking,1
CUST_04220,9,1806.66,14117.02,20,2,57,32.5,Basic,Card,0
CUST_04221,24,4470.06,91824.17,16,1,59,68.9,Pro,Net Banking,0
CUST_04222,37,1161.57,39330.88,37,1,23,15.7,Enterprise,Card,0
CUST_04223,49,3699.02,161444.0,3,1,75,27.0,Basic,Card,1
CUST_04224,41,4880.15,199867.04,27,2,84,99.6,Enterprise,Card,0
CUST_04225,17,4057.55,62571.3,15,3,15,5.5,Basic,Net Banking,0
CUST_04226,24,1593.25,33106.34,34,1,8,19.5,Basic,Invoice,0
CUST_04227,21,4587.64,89326.05,45,0,5,85.2,Basic,UPI,0
CUST_04228,51,918.98,37904.17,22,1,64,14.6,Basic,UPI,1
CUST_04229,59,2606.64,126441.02,40,1,77,8.2,Basic,UPI,1
CUST_04230,39,4493.94,163474.13,23,1,23,16.5,Basic,UPI,0
CUST_04231,55,3385.7,153564.34,49,2,9,70.9,Pro,Invoice,0
CUST_04232,41,2361.4,92081.31,4,1,81,99.3,Pro,Invoice,0
CUST_04233,39,1817.66,57588.71,41,3,72,61.1,Basic,Net Banking,0
CUST_04234,13,2187.95,26133.12,23,0,26,16.8,Free,UPI,1
CUST_04235,11,2790.24,28718.99,47,7,82,22.5,Basic,Card,1
CUST_04236,46,1935.7,85117.12,9,2,2,56.1,Basic,Card,0
CUST_04237,19,4860.36,90235.77,24,1,37,73.0,Free,UPI,0
CUST_04238,11,4698.85,44577.61,21,3,72,68.0,Basic,Card,0
CUST_04239,13,4418.02,54208.34,41,1,73,59.6,Enterprise,Card,0
CUST_04240,46,2398.23,90036.06,46,2,72,98.7,Basic,UPI,0
CUST_04241,45,3610.86,156957.41,16,0,16,23.8,Pro,UPI,0
CUST_04242,1,4562.73,4462.56,25,3,47,21.4,Pro,UPI,1
CUST_04243,40,4326.93,164376.88,26,2,48,86.6,Free,Card,0
CUST_04244,44,2364.47,89083.06,49,4,42,32.6,Pro,UPI,0
CUST_04245,19,1005.74,15525.51,45,0,83,36.6,Basic,UPI,0
CUST_04246,12,840.34,8917.57,9,3,6,57.1,Enterprise,Invoice,0
CUST_04247,8,3096.79,21160.42,15,1,67,41.2,Free,Card,0
CUST_04248,8,3391.83,24585.02,39,2,73,32.3,Free,UPI,0
CUST_04249,53,4324.29,201403.5,33,1,20,92.1,Free,Card,0
CUST_04250,45,1816.32,67610.52,1,2,77,17.3,Free,Card,1
CUST_04251,12,1253.62,14552.07,5,3,24,43.4,Basic,Card,0
CUST_04252,48,2205.53,103000.02,9,3,80,5.3,Free,Card,1
CUST_04253,33,2091.09,66427.15,44,4,60,81.7,Basic,Net Banking,0
CUST_04254,45,1096.11,41535.13,6,1,27,21.0,Basic,Net Banking,0
CUST_04255,26,3525.27,81180.48,28,2,77,78.4,Free,Card,0
CUST_04256,39,2789.11,90750.48,45,2,51,19.1,Basic,UPI,1
CUST_04257,28,3745.05,97839.97,26,2,12,44.6,Free,Card,0
CUST_04258,58,2087.11,116330.85,28,1,33,74.2,Free,UPI,0
CUST_04259,5,1965.66,9005.74,40,3,66,30.7,Pro,Card,0
CUST_04260,8,2626.59,19105.23,15,2,3,34.8,Free,Card,0
CUST_04261,25,4448.33,104868.91,6,3,43,68.4,Basic,Card,0
CUST_04262,27,681.27,15133.19,27,1,14,22.8,Free,Net Banking,0
CUST_04263,46,4121.75,161071.58,38,0,83,95.4,Pro,Card,0
CUST_04264,23,2160.44,42869.44,4,1,7,22.9,Pro,UPI,0
CUST_04265,30,4345.79,118183.91,11,0,4,76.2,Free,Card,0
CUST_04266,45,4109.91,184059.21,21,3,65,81.2,Basic,Net Banking,0
CUST_04267,47,2069.43,94598.44,30,3,85,40.6,Free,Card,0
CUST_04268,23,3622.44,70769.46,18,1,72,19.8,Free,Card,1
CUST_04269,49,1218.35,50541.12,35,1,45,20.8,Basic,UPI,1
CUST_04270,47,4533.27,189015.11,3,1,64,98.6,Pro,Invoice,0
CUST_04271,20,2320.21,46168.91,12,1,65,73.9,Free,Net Banking,0
CUST_04272,18,2550.32,38124.31,27,2,25,47.8,Basic,UPI,0
CUST_04273,18,3675.92,65596.77,30,0,30,29.4,Enterprise,Card,0
CUST_04274,2,4193.78,7029.48,21,1,50,6.8,Basic,Card,1
CUST_04275,4,1563.54,6112.11,38,4,40,68.7,Enterprise,Net Banking,1
CUST_04276,30,3476.08,100742.78,21,1,50,95.9,Enterprise,Net Banking,0
CUST_04277,33,2263.99,72953.27,38,4,18,15.2,Basic,UPI,0
CUST_04278,36,2159.16,76047.12,40,1,72,76.7,Basic,UPI,0
CUST_04279,18,3605.12,54744.79,15,1,2,19.6,Pro,Net Banking,0
CUST_04280,37,2242.32,79293.8,18,1,37,80.2,Enterprise,UPI,0
CUST_04281,19,2057.49,36606.6,29,1,69,40.2,Pro,UPI,0
CUST_04282,47,4261.5,195440.32,48,1,44,72.6,Free,Card,0
CUST_04283,28,955.74,24032.8,38,0,70,93.0,Pro,Card,0
CUST_04284,40,3541.52,125042.67,21,2,40,63.9,Enterprise,UPI,0
CUST_04285,20,1619.26,30611.93,17,0,24,92.5,Basic,Net Banking,0
CUST_04286,49,569.74,23840.47,41,3,88,27.3,Pro,Net Banking,1
CUST_04287,33,1250.44,39779.45,18,1,49,97.9,Basic,UPI,0
CUST_04288,12,3229.98,33224.71,37,4,0,87.9,Free,Invoice,0
CUST_04289,58,3691.07,173115.89,38,1,53,15.2,Basic,Card,1
CUST_04290,51,594.76,27611.78,12,2,85,44.3,Free,Card,0
CUST_04291,15,663.91,9631.95,11,4,83,93.1,Pro,Card,0
CUST_04292,41,4561.44,175441.41,48,0,12,12.4,Basic,Invoice,0
CUST_04293,39,829.88,32296.01,49,2,39,48.1,Free,UPI,0
CUST_04294,2,4523.82,7492.76,20,2,20,73.7,Free,Net Banking,0
CUST_04295,29,1526.75,38471.79,9,1,86,8.2,Free,UPI,1
CUST_04296,41,3830.08,137559.36,1,3,40,76.5,Pro,Card,0
CUST_04297,10,1893.8,15370.65,3,3,60,39.3,Free,Card,0
CUST_04298,2,4364.38,7058.08,21,2,32,28.7,Free,Net Banking,1
CUST_04299,51,3652.05,150100.5,23,4,72,59.7,Enterprise,Card,0
CUST_04300,11,2308.16,22388.08,9,1,28,56.7,Basic,Invoice,0
CUST_04301,13,843.36,10623.28,19,2,54,88.0,Basic,Card,0
CUST_04302,10,3797.15,35766.45,45,4,31,69.2,Basic,Card,0
CUST_04303,14,3275.98,40789.02,46,1,10,45.1,Free,Card,0
CUST_04304,18,513.1,7876.32,19,2,51,66.8,Free,Net Banking,0
CUST_04305,51,542.39,22215.65,23,0,35,76.3,Basic,Card,0
CUST_04306,54,4139.57,186670.19,27,0,30,94.0,Basic,Card,0
CUST_04307,9,1667.3,13166.57,27,2,13,71.9,Basic,Card,0
CUST_04308,57,3362.6,167535.54,39,3,62,56.7,Pro,Card,0
CUST_04309,39,2543.96,84518.03,36,0,51,40.4,Basic,UPI,0
CUST_04310,28,4385.44,122721.82,12,5,53,89.7,Free,Invoice,1
CUST_04311,3,4626.33,12345.03,27,1,49,80.3,Pro,Net Banking,0
CUST_04312,20,4985.63,85111.33,46,5,88,12.3,Basic,Card,1
CUST_04313,6,1191.58,6301.64,34,2,53,71.5,Enterprise,Net Banking,0
CUST_04314,27,4383.34,101293.87,33,5,89,56.2,Pro,UPI,0
CUST_04315,53,1697.1,78290.93,28,2,85,14.8,Free,Card,1
CUST_04316,2,3158.67,5212.91,31,2,72,58.7,Enterprise,UPI,1
CUST_04317,29,2775.98,64416.37,32,5,86,23.3,Pro,Card,1
CUST_04318,38,580.95,19831.51,20,0,83,72.3,Enterprise,Net Banking,0
CUST_04319,3,4697.47,12652.57,40,4,34,31.5,Pro,UPI,1
CUST_04320,16,852.47,11339.79,35,2,29,19.3,Enterprise,Card,0
CUST_04321,30,3596.99,104298.6,31,4,54,12.8,Pro,UPI,1
CUST_04322,40,4032.53,135228.65,31,1,85,51.6,Pro,UPI,0
CUST_04323,2,4078.8,7782.66,38,4,0,24.0,Basic,UPI,1
CUST_04324,17,1109.73,15810.23,22,3,14,86.2,Enterprise,Card,0
CUST_04325,41,2514.06,88259.49,45,6,24,5.3,Basic,UPI,1
CUST_04326,12,4232.43,43372.79,41,1,19,85.1,Pro,UPI,0
CUST_04327,35,1862.06,55130.23,9,2,70,54.5,Enterprise,Net Banking,0
CUST_04328,43,2604.87,110946.98,9,1,15,92.6,Basic,Invoice,0
CUST_04329,1,1727.57,1473.09,15,1,51,24.4,Free,Card,1
CUST_04330,55,2585.98,127578.32,13,3,86,14.7,Free,UPI,1
CUST_04331,45,4495.27,191572.97,22,3,84,64.4,Enterprise,Net Banking,0
CUST_04332,15,2548.06,33016.23,16,1,64,72.1,Pro,Card,0
CUST_04333,26,3001.6,62615.91,32,2,83,40.4,Basic,Invoice,0
CUST_04334,37,2317.89,81674.35,2,3,82,6.3,Enterprise,Card,1
CUST_04335,21,2570.53,46251.38,26,5,69,43.7,Free,Net Banking,1
CUST_04336,49,568.28,27139.45,14,0,0,27.2,Free,UPI,1
CUST_04337,31,1776.85,49476.66,38,1,15,38.0,Basic,UPI,0
CUST_04338,25,2464.62,56987.05,34,2,26,53.1,Basic,Net Banking,0
CUST_04339,23,3352.09,76341.89,8,5,17,71.7,Basic,Invoice,0
CUST_04340,24,2525.23,59029.3,36,2,76,96.5,Pro,Invoice,0
CUST_04341,57,2020.18,110374.72,21,1,43,18.7,Free,UPI,1
CUST_04342,38,2246.44,77352.91,46,3,49,69.6,Pro,Card,0
CUST_04343,28,1590.32,37130.83,43,1,73,27.2,Basic,Net Banking,1
CUST_04344,21,4660.22,94753.43,28,0,13,26.0,Enterprise,UPI,0
CUST_04345,54,2847.84,125916.19,46,2,51,65.2,Pro,Card,0
CUST_04346,43,560.34,23552.29,44,2,74,78.7,Basic,Invoice,0
CUST_04347,18,587.51,10080.8,48,2,49,97.9,Free,Net Banking,0
CUST_04348,36,4878.33,168716.44,6,1,16,78.0,Enterprise,UPI,0
CUST_04349,35,1496.53,45854.25,20,2,2,19.9,Free,UPI,0
CUST_04350,45,4125.24,151663.03,31,3,61,26.4,Free,Invoice,1
CUST_04351,55,762.24,39633.81,33,4,20,77.3,Free,Card,0
CUST_04352,9,4645.23,41623.68,44,1,32,55.1,Enterprise,Card,0
CUST_04353,53,4434.88,228392.42,7,0,0,33.1,Pro,UPI,0
CUST_04354,38,3069.92,112956.33,8,3,69,49.8,Enterprise,Net Banking,0
CUST_04355,58,540.49,29043.1,9,2,55,91.9,Pro,UPI,0
CUST_04356,30,1660.15,41001.73,2,1,3,76.8,Free,Net Banking,0
CUST_04357,44,2330.7,99746.58,17,1,21,47.8,Enterprise,Card,0
CUST_04358,34,2570.29,73792.67,45,0,76,98.2,Basic,UPI,0
CUST_04359,32,1839.55,50206.42,37,3,57,80.5,Basic,Card,0
CUST_04360,3,648.27,1849.85,42,4,43,5.6,Free,UPI,1
CUST_04361,3,3155.57,8930.72,44,2,56,15.7,Free,UPI,1
CUST_04362,28,2858.7,65196.52,17,2,39,57.6,Pro,Invoice,0
CUST_04363,44,1773.5,66359.47,38,2,89,38.2,Free,Card,0
CUST_04364,15,670.89,9696.41,35,4,55,82.2,Free,Card,0
CUST_04365,41,4975.67,201945.43,47,3,62,90.1,Pro,Card,0
CUST_04366,23,2668.94,52378.03,39,2,38,27.9,Free,Card,1
CUST_04367,40,3902.02,148609.22,30,1,6,77.5,Free,Card,0
CUST_04368,11,2535.41,25131.99,6,0,13,55.9,Enterprise,Net Banking,0
CUST_04369,48,694.27,29193.07,4,1,89,42.2,Basic,Card,0
CUST_04370,32,1893.2,59347.94,37,2,17,79.7,Pro,Net Banking,0
CUST_04371,58,1940.5,102379.15,35,2,54,58.7,Basic,Card,0
CUST_04372,59,4272.59,236542.44,9,3,55,65.4,Free,Net Banking,0
CUST_04373,57,3444.03,180308.32,6,1,87,10.9,Pro,Card,1
CUST_04374,54,1739.43,87233.58,13,0,56,60.7,Free,Invoice,0
CUST_04375,36,4854.83,157900.6,22,1,57,33.6,Free,Net Banking,0
CUST_04376,33,1946.94,58253.84,28,3,24,51.9,Free,UPI,0
CUST_04377,24,4992.05,116266.91,30,4,69,26.1,Free,UPI,1
CUST_04378,39,4982.74,167224.42,36,0,79,63.4,Basic,Invoice,0
CUST_04379,34,1360.45,43816.52,2,3,2,19.0,Free,UPI,0
CUST_04380,56,1907.34,91186.19,36,8,20,16.7,Free,Card,1
CUST_04381,28,2687.2,61257.64,8,1,31,22.9,Enterprise,UPI,1
CUST_04382,37,3488.45,126574.75,45,1,1,82.7,Free,Net Banking,0
CUST_04383,7,2876.21,17760.38,42,1,19,8.2,Free,Invoice,1
CUST_04384,4,4862.49,18217.55,9,1,74,74.3,Pro,UPI,1
CUST_04385,37,3757.95,132311.27,1,1,17,10.4,Pro,Card,0
CUST_04386,56,1454.2,78129.1,13,6,53,61.2,Free,Net Banking,1
CUST_04387,1,972.94,822.39,15,2,74,78.5,Free,Invoice,1
CUST_04388,1,3597.81,3350.05,32,3,35,27.0,Basic,UPI,1
CUST_04389,47,1213.04,54279.04,34,3,75,23.6,Basic,Card,1
CUST_04390,20,4044.55,66650.73,43,5,60,32.5,Free,UPI,1
CUST_04391,19,1899.67,29895.03,31,2,59,71.5,Free,Card,0
CUST_04392,29,1971.02,49887.75,14,1,35,29.2,Free,Invoice,1
CUST_04393,10,548.59,4719.71,47,1,43,52.7,Free,Net Banking,0
CUST_04394,18,3654.55,63114.24,14,2,67,17.8,Free,Card,1
CUST_04395,28,1009.71,26251.56,48,2,65,48.8,Basic,Invoice,0
CUST_04396,35,3977.96,125249.31,29,1,43,64.3,Free,Invoice,0
CUST_04397,43,2713.41,95824.31,47,0,76,11.8,Basic,Card,1
CUST_04398,47,4029.26,155763.66,19,0,89,82.5,Basic,UPI,0
CUST_04399,31,3127.67,87591.95,27,1,28,94.1,Free,Card,0
CUST_04400,27,870.95,22964.8,9,2,47,23.4,Pro,Card,1
CUST_04401,11,3945.44,41447.48,37,0,35,77.1,Enterprise,UPI,0
CUST_04402,49,814.1,38946.03,37,2,7,34.8,Free,Card,0
CUST_04403,49,2654.16,118742.98,43,1,4,69.3,Free,Net Banking,0
CUST_04404,38,1275.57,40923.43,28,1,77,34.1,Pro,Invoice,0
CUST_04405,5,3885.51,15665.63,24,2,46,86.9,Free,Card,1
CUST_04406,8,4602.16,36377.49,28,3,42,38.0,Enterprise,Card,0
CUST_04407,34,2993.57,91098.97,36,3,9,85.6,Free,Card,0
CUST_04408,48,2872.16,133976.4,18,0,9,77.8,Pro,Invoice,0
CUST_04409,52,3937.83,193831.82,25,4,5,23.7,Free,Net Banking,0
CUST_04410,56,522.85,28296.78,35,2,15,19.9,Basic,UPI,0
CUST_04411,12,4629.91,46787.87,4,3,59,79.1,Free,Net Banking,0
CUST_04412,38,1388.52,49381.0,14,2,25,42.1,Basic,Card,0
CUST_04413,1,4928.53,4655.19,39,3,20,95.2,Pro,Card,0
CUST_04414,31,3813.14,107630.56,26,3,57,94.6,Enterprise,Card,0
CUST_04415,4,3984.13,15411.35,8,0,40,70.9,Basic,UPI,0
CUST_04416,49,3452.91,168793.53,24,0,29,52.6,Basic,UPI,0
CUST_04417,45,2622.48,94658.0,16,1,4,23.5,Basic,Card,0
CUST_04418,50,3072.32,136871.71,20,3,9,88.8,Basic,UPI,0
CUST_04419,5,708.81,3369.61,15,2,10,12.8,Free,UPI,1
CUST_04420,30,3307.82,93789.71,7,3,62,40.2,Basic,Card,0
CUST_04421,56,3317.44,166004.31,17,0,6,35.3,Pro,Card,0
CUST_04422,24,4510.4,104832.27,22,4,58,96.1,Pro,Card,0
CUST_04423,59,2775.45,153109.18,22,1,11,16.2,Basic,Card,0
CUST_04424,3,847.15,2311.89,12,1,63,89.6,Free,UPI,1
CUST_04425,11,1877.88,17652.73,18,5,40,48.4,Pro,Card,0
CUST_04426,45,3450.33,135618.99,46,4,59,9.5,Enterprise,Net Banking,1
CUST_04427,4,1576.66,6292.83,47,0,71,74.2,Basic,Card,0
CUST_04428,26,1762.38,44961.54,15,2,27,14.6,Enterprise,UPI,0
CUST_04429,27,4192.11,106297.22,37,3,79,27.5,Enterprise,Invoice,1
CUST_04430,46,3129.44,139892.05,16,1,62,81.0,Basic,Card,0
CUST_04431,54,2788.37,124552.51,5,1,2,19.7,Pro,Card,0
CUST_04432,43,1933.03,70944.44,2,3,31,35.9,Basic,Card,0
CUST_04433,27,3789.18,99957.97,28,3,20,39.3,Pro,Card,0
CUST_04434,42,1794.73,67401.52,41,2,54,60.9,Free,UPI,0
CUST_04435,51,3816.79,178731.12,27,0,17,80.0,Basic,Card,0
CUST_04436,50,815.46,39824.34,31,3,52,26.9,Free,Card,1
CUST_04437,6,4390.44,23202.64,41,0,74,24.5,Basic,Invoice,1
CUST_04438,59,2748.05,145331.61,36,1,60,26.1,Enterprise,Net Banking,1
CUST_04439,15,2473.29,30511.81,47,4,49,41.3,Basic,Card,0
CUST_04440,53,3249.61,171933.55,43,2,7,55.8,Free,UPI,0
CUST_04441,30,3308.86,98737.21,1,3,11,6.3,Enterprise,Card,0
CUST_04442,42,1094.16,39489.24,29,0,50,79.1,Free,Card,0
CUST_04443,37,3903.05,140152.0,1,1,65,93.0,Pro,Card,0
CUST_04444,58,1741.68,95705.29,8,3,40,85.1,Pro,Net Banking,0
CUST_04445,37,4572.33,140300.8,16,1,21,8.5,Basic,UPI,0
CUST_04446,42,4180.33,141298.08,28,0,8,54.8,Basic,Net Banking,0
CUST_04447,37,2058.2,61137.08,22,1,77,82.3,Free,Card,0
CUST_04448,35,4134.83,117677.49,18,2,78,37.7,Basic,Net Banking,0
CUST_04449,23,2103.76,44780.64,22,2,10,90.2,Free,Card,0
CUST_04450,6,954.26,5144.04,41,3,12,89.3,Basic,UPI,0
CUST_04451,4,4828.5,19301.47,12,3,55,18.5,Basic,Card,1
CUST_04452,18,3436.71,53033.71,19,3,27,51.9,Pro,Card,0
CUST_04453,9,2552.45,21711.8,25,3,88,7.4,Enterprise,Net Banking,1
CUST_04454,49,2289.98,98454.48,5,3,63,31.8,Basic,Card,0
CUST_04455,29,1961.17,46617.51,34,3,63,82.1,Basic,Invoice,0
CUST_04456,13,4916.51,62344.19,39,3,69,97.6,Pro,Net Banking,0
CUST_04457,59,1106.36,57442.24,10,1,54,91.8,Free,Card,0
CUST_04458,47,1916.62,88584.35,47,2,36,9.0,Pro,Invoice,1
CUST_04459,52,2684.74,137845.41,7,3,32,93.0,Free,Card,0
CUST_04460,17,2651.0,43445.89,37,0,24,83.2,Basic,UPI,0
CUST_04461,45,2621.15,95014.35,47,1,22,87.4,Enterprise,Net Banking,0
CUST_04462,32,1291.03,41032.25,15,1,59,91.9,Enterprise,Invoice,0
CUST_04463,48,1152.2,45617.88,42,3,55,51.4,Basic,Card,0
CUST_04464,22,1646.45,35724.28,24,2,62,25.1,Free,Net Banking,1
CUST_04465,4,4615.37,17008.72,26,3,7,7.0,Enterprise,Card,1
CUST_04466,5,1008.74,4415.72,26,1,16,7.2,Pro,Net Banking,1
CUST_04467,37,3908.41,136550.97,46,3,89,66.0,Basic,Card,0
CUST_04468,41,3908.97,144460.91,26,0,56,37.0,Free,Card,0
CUST_04469,49,4143.97,194708.21,10,1,74,52.1,Pro,Card,0
CUST_04470,13,4489.77,52691.1,17,1,61,17.5,Free,UPI,1
CUST_04471,34,1683.66,50019.15,14,1,10,97.7,Enterprise,Net Banking,0
CUST_04472,45,1510.52,59284.25,2,1,66,17.3,Basic,Card,1
CUST_04473,22,2594.78,49711.0,48,2,39,47.3,Basic,UPI,0
CUST_04474,53,1692.9,80264.99,13,0,39,47.1,Free,UPI,0
CUST_04475,59,3804.39,184510.88,27,5,55,5.8,Basic,Card,1
CUST_04476,23,3361.73,72088.43,9,2,52,68.4,Pro,UPI,0
CUST_04477,51,4437.44,196498.76,7,1,84,56.1,Basic,Card,0
CUST_04478,3,872.32,2387.47,48,3,27,52.3,Pro,UPI,0
CUST_04479,42,4617.88,175584.49,10,3,85,82.7,Pro,UPI,0
CUST_04480,34,1820.07,60114.13,9,4,41,27.9,Free,Card,1
CUST_04481,32,2708.12,84262.67,22,1,45,86.8,Basic,UPI,0
CUST_04482,45,2473.75,111077.89,23,4,17,87.2,Basic,Net Banking,0
CUST_04483,51,3921.4,169655.75,7,2,22,83.6,Basic,UPI,0
CUST_04484,58,2391.5,111921.5,48,1,25,37.4,Basic,UPI,0
CUST_04485,49,4745.99,205805.47,9,3,28,20.4,Free,UPI,1
CUST_04486,21,4561.4,93809.17,27,6,51,50.1,Basic,Net Banking,0
CUST_04487,46,4424.73,187264.81,24,4,74,29.7,Basic,UPI,1
CUST_04488,44,820.66,31584.76,29,2,45,10.0,Enterprise,Card,1
CUST_04489,21,4344.16,87069.64,17,0,0,31.5,Pro,Net Banking,0
CUST_04490,44,4017.36,166594.45,20,3,62,49.6,Basic,Card,0
CUST_04491,11,965.81,10015.3,7,2,15,15.7,Pro,Card,0
CUST_04492,39,983.36,34627.79,43,2,24,94.7,Pro,UPI,0
CUST_04493,4,955.24,3462.16,40,3,61,67.3,Basic,Net Banking,1
CUST_04494,51,551.0,25604.64,7,1,81,18.0,Free,Card,1
CUST_04495,1,2968.85,2703.21,28,1,79,82.1,Pro,Card,0
CUST_04496,28,4880.27,114956.56,19,1,82,93.2,Free,Card,0
CUST_04497,24,2474.08,50421.19,20,4,15,30.0,Pro,Card,0
CUST_04498,35,2933.41,89815.66,44,1,68,18.6,Basic,Net Banking,1
CUST_04499,13,4855.86,61301.43,39,3,69,35.6,Basic,Invoice,0
CUST_04500,47,1648.32,69141.24,40,4,33,84.1,Pro,Card,0
CUST_04501,34,4363.12,146160.03,7,1,79,21.6,Free,Card,1
CUST_04502,11,2958.76,31201.44,6,2,52,79.0,Basic,Net Banking,0
CUST_04503,36,3062.64,107201.05,25,1,22,73.0,Basic,Card,0
CUST_04504,51,2044.28,86203.83,41,2,42,66.9,Pro,Card,0
CUST_04505,17,3027.13,42700.32,13,1,43,46.2,Pro,Card,0
CUST_04506,35,829.14,24589.29,39,2,31,39.8,Pro,Card,0
CUST_04507,18,3940.9,66149.72,40,3,22,13.1,Free,Card,1
CUST_04508,40,1781.09,63781.36,22,0,19,38.9,Free,Card,0
CUST_04509,22,4494.24,82456.63,49,1,18,62.2,Pro,UPI,0
CUST_04510,57,2155.33,116607.49,17,0,71,90.3,Basic,UPI,0
CUST_04511,24,1142.71,24778.39,48,4,28,84.1,Basic,UPI,0
CUST_04512,58,3631.47,199293.48,22,3,17,8.1,Basic,Net Banking,0
CUST_04513,19,1240.6,23144.63,34,1,68,18.2,Enterprise,Net Banking,1
CUST_04514,37,3891.56,141532.67,8,2,11,85.6,Free,Card,0
CUST_04515,39,4856.51,162929.68,49,1,9,94.2,Free,UPI,0
CUST_04516,21,4007.99,70002.94,45,2,36,10.3,Pro,Net Banking,1
CUST_04517,8,601.02,4263.71,18,6,80,71.6,Free,Net Banking,1
CUST_04518,28,3199.49,73171.48,24,6,54,39.7,Basic,Card,0
CUST_04519,5,3629.35,14676.98,42,2,3,39.6,Pro,UPI,0
CUST_04520,17,4214.56,71333.92,2,2,62,66.1,Free,UPI,0
CUST_04521,37,752.01,27667.58,2,3,89,82.0,Free,UPI,0
CUST_04522,36,2660.49,83360.65,27,2,11,31.1,Basic,Card,0
CUST_04523,54,2909.17,151456.23,14,0,17,72.0,Free,Card,0
CUST_04524,19,1261.06,20238.77,48,2,7,65.4,Pro,Net Banking,0
CUST_04525,27,1951.02,46538.42,39,2,31,54.1,Free,Card,0
CUST_04526,53,2481.0,124299.02,12,2,83,62.2,Free,Card,0
CUST_04527,34,4249.44,131493.36,32,4,48,6.7,Basic,Invoice,1
CUST_04528,11,4682.33,49662.95,28,4,62,5.4,Enterprise,Card,1
CUST_04529,54,3327.9,178989.18,28,2,76,57.3,Enterprise,Card,0
CUST_04530,45,2277.25,82165.82,46,0,58,54.8,Pro,Net Banking,0
CUST_04531,47,1643.14,76061.76,25,2,86,11.8,Basic,Card,1
CUST_04532,12,4919.61,52109.85,4,0,66,51.7,Free,Card,0
CUST_04533,54,4923.59,234391.69,26,3,38,77.0,Pro,UPI,0
CUST_04534,21,4662.4,78341.23,36,2,49,56.4,Basic,Card,0
CUST_04535,54,4035.51,210697.94,3,1,84,54.2,Pro,Card,0
CUST_04536,11,1966.01,20583.68,1,2,70,73.2,Free,Card,0
CUST_04537,39,4176.5,159430.71,17,3,25,21.3,Basic,Card,0
CUST_04538,28,2339.57,54599.06,7,3,22,48.5,Basic,Net Banking,0
CUST_04539,5,1970.48,8305.8,48,3,62,19.1,Free,Invoice,1
CUST_04540,17,3851.89,56360.87,5,1,65,54.8,Pro,Card,0
CUST_04541,56,858.44,43555.8,19,2,38,61.2,Pro,Card,0
CUST_04542,20,718.53,12488.39,39,1,65,16.6,Free,Card,1
CUST_04543,41,2515.79,88701.11,46,2,45,12.2,Enterprise,Card,1
CUST_04544,46,2505.37,96408.6,34,2,14,20.8,Basic,Net Banking,0
CUST_04545,58,4530.4,218576.99,35,1,15,60.7,Enterprise,Net Banking,0
CUST_04546,12,1067.69,11461.71,49,4,89,23.0,Basic,Card,1
CUST_04547,6,1054.78,5627.34,16,1,71,31.1,Pro,Card,0
CUST_04548,17,1163.54,18930.15,40,2,15,71.7,Enterprise,Card,0
CUST_04549,51,633.81,31185.38,47,0,84,28.6,Pro,Net Banking,1
CUST_04550,19,822.79,14696.95,39,0,38,42.8,Free,UPI,0
CUST_04551,26,3469.41,87159.41,27,2,10,93.2,Free,Card,0
CUST_04552,48,2442.13,96329.77,41,0,87,83.4,Basic,Invoice,0
CUST_04553,44,3936.21,154410.77,38,4,35,29.3,Basic,Invoice,1
CUST_04554,44,4966.69,187347.46,25,2,17,61.8,Pro,UPI,0
CUST_04555,52,3465.66,153246.95,26,0,22,68.3,Pro,Card,0
CUST_04556,32,727.05,21928.74,14,0,76,90.5,Basic,Card,0
CUST_04557,6,970.53,5626.62,14,5,48,57.0,Basic,Card,0
CUST_04558,55,4464.52,202073.6,14,2,41,58.3,Pro,UPI,0
CUST_04559,58,2873.73,137477.96,25,1,43,89.4,Basic,UPI,0
CUST_04560,36,4211.77,140688.72,36,2,0,10.2,Pro,UPI,0
CUST_04561,38,4354.76,137160.45,4,1,6,64.7,Basic,Card,0
CUST_04562,11,4674.54,49038.01,47,2,47,44.6,Basic,Net Banking,0
CUST_04563,33,4774.23,152151.79,15,1,84,91.4,Enterprise,UPI,0
CUST_04564,24,2996.72,65057.75,32,3,15,96.3,Basic,Card,0
CUST_04565,23,2034.59,45938.3,18,0,47,21.2,Pro,Net Banking,1
CUST_04566,15,4828.39,58235.47,14,0,77,31.7,Basic,Invoice,0
CUST_04567,27,2963.33,67630.94,1,1,42,31.0,Basic,UPI,0
CUST_04568,11,789.14,8286.34,42,3,50,14.6,Enterprise,Card,1
CUST_04569,57,3392.49,191720.55,20,3,65,50.9,Pro,Card,0
CUST_04570,51,3144.58,159109.18,10,2,30,53.7,Enterprise,Card,0
CUST_04571,50,4531.07,181260.84,10,2,38,59.4,Enterprise,Net Banking,0
CUST_04572,17,3439.34,54163.88,24,3,8,68.0,Free,UPI,0
CUST_04573,51,2070.74,85063.42,34,3,40,11.0,Enterprise,UPI,1
CUST_04574,53,4848.02,241545.1,28,2,62,64.1,Free,Net Banking,0
CUST_04575,14,4107.29,54834.44,27,1,13,91.8,Free,Invoice,0
CUST_04576,27,3336.88,87530.97,40,1,57,48.2,Pro,UPI,0
CUST_04577,18,1818.16,29646.91,1,1,73,15.1,Basic,Net Banking,1
CUST_04578,28,2180.93,59235.43,33,1,87,13.2,Enterprise,Card,1
CUST_04579,51,3514.86,176527.53,4,0,83,31.8,Basic,Card,0
CUST_04580,47,823.91,35108.74,7,3,63,76.5,Basic,Net Banking,0
CUST_04581,47,1655.06,70384.21,9,2,27,29.8,Free,UPI,1
CUST_04582,4,3712.55,13382.58,16,3,3,82.4,Basic,Card,0
CUST_04583,7,2660.08,16775.77,5,3,33,82.9,Free,UPI,0
CUST_04584,45,2310.77,99295.65,34,2,3,48.4,Free,Net Banking,0
CUST_04585,35,1181.56,33640.56,23,4,69,33.6,Pro,Invoice,0
CUST_04586,48,2488.32,106360.53,43,0,57,61.8,Enterprise,UPI,0
CUST_04587,9,3968.11,32313.02,25,0,85,82.0,Basic,Card,0
CUST_04588,8,1688.06,11382.81,13,3,3,11.1,Free,Card,0
CUST_04589,52,524.29,24761.83,24,1,49,95.6,Free,UPI,0
CUST_04590,45,3508.27,140684.92,11,1,4,66.4,Free,UPI,0
CUST_04591,17,4876.82,78554.75,17,3,74,42.8,Free,Card,0
CUST_04592,17,3230.72,47818.54,37,0,44,53.1,Basic,Card,0
CUST_04593,49,1039.65,50431.11,13,5,34,41.6,Basic,UPI,1
CUST_04594,33,1943.3,56609.53,27,1,82,44.2,Free,UPI,0
CUST_04595,32,4404.39,130536.04,20,1,74,61.6,Free,UPI,0
CUST_04596,8,1546.56,10446.53,33,3,74,10.7,Enterprise,Invoice,1
CUST_04597,19,3234.63,57631.07,42,2,26,21.7,Pro,UPI,0
CUST_04598,38,2312.02,79314.5,32,4,1,26.6,Free,Card,1
CUST_04599,3,1435.3,3739.45,8,5,53,43.7,Basic,Net Banking,1
CUST_04600,59,4160.33,213447.16,29,0,71,40.3,Basic,Card,0
CUST_04601,5,3842.74,16813.73,40,0,83,73.6,Pro,Card,1
CUST_04602,13,3477.16,40117.31,19,1,86,29.6,Pro,UPI,1
CUST_04603,47,1563.51,62427.67,6,1,78,10.4,Basic,Card,1
CUST_04604,46,940.36,37005.13,44,3,47,10.3,Pro,Card,1
CUST_04605,31,3092.72,95075.93,39,2,76,6.1,Pro,UPI,1
CUST_04606,55,2991.55,141541.83,48,3,48,8.6,Pro,Invoice,1
CUST_04607,16,1347.73,19954.63,41,0,77,86.6,Enterprise,UPI,0
CUST_04608,50,753.11,32725.19,21,2,0,71.2,Basic,Card,0
CUST_04609,32,863.19,26577.08,22,2,32,99.6,Pro,Card,0
CUST_04610,22,4967.47,102638.67,42,3,34,6.9,Enterprise,Card,1
CUST_04611,29,4026.13,101070.83,10,2,53,85.7,Basic,Card,0
CUST_04612,22,4648.94,96480.13,10,3,55,71.1,Free,UPI,0
CUST_04613,43,1377.75,56361.0,29,5,14,65.8,Pro,UPI,0
CUST_04614,3,4822.56,11974.3,16,4,68,38.9,Pro,UPI,1
CUST_04615,54,1141.94,56462.06,1,3,3,40.8,Basic,Net Banking,0
CUST_04616,10,2790.87,26835.66,17,1,83,85.3,Free,UPI,0
CUST_04617,42,4233.63,144040.5,30,1,63,72.8,Enterprise,UPI,0
CUST_04618,21,2074.12,39269.39,26,3,21,68.7,Basic,Card,0
CUST_04619,16,2411.73,37351.6,46,2,23,7.9,Basic,Net Banking,0
CUST_04620,12,1076.83,12799.88,19,2,46,22.5,Enterprise,Invoice,1
CUST_04621,2,1053.15,1961.38,21,2,74,96.4,Basic,Invoice,0
CUST_04622,41,3288.06,116686.69,17,2,5,48.2,Pro,Invoice,0
CUST_04623,24,3539.9,78243.3,46,1,26,79.2,Pro,Invoice,0
CUST_04624,35,3998.0,112709.79,40,1,9,42.0,Enterprise,Net Banking,0
CUST_04625,56,3005.07,149969.97,21,2,38,77.6,Basic,UPI,0
CUST_04626,30,3405.92,96605.39,41,4,73,16.3,Enterprise,Card,1
CUST_04627,57,560.83,25805.34,40,3,89,9.0,Basic,Net Banking,1
CUST_04628,30,1229.77,33965.51,45,0,36,49.3,Basic,Net Banking,0
CUST_04629,47,4932.12,212723.46,49,4,53,61.2,Basic,Net Banking,0
CUST_04630,35,841.97,24693.05,19,1,50,35.8,Basic,UPI,0
CUST_04631,19,3554.55,61717.82,7,3,59,73.0,Basic,Net Banking,0
CUST_04632,50,1292.37,56986.41,17,3,71,52.1,Pro,Net Banking,0
CUST_04633,8,3725.23,26695.47,1,1,50,93.2,Pro,Card,0
CUST_04634,26,3676.96,82702.6,37,2,61,13.1,Pro,Card,1
CUST_04635,49,1553.9,73252.99,6,4,48,11.3,Pro,Net Banking,1
CUST_04636,40,1713.35,59839.13,26,4,50,91.0,Free,UPI,0
CUST_04637,7,3446.47,23115.94,2,2,27,68.6,Free,Card,0
CUST_04638,30,2255.39,55165.57,32,0,35,68.8,Free,UPI,0
CUST_04639,7,1375.47,8239.08,48,3,24,7.6,Free,Card,1
CUST_04640,3,3792.56,10018.43,5,1,35,94.1,Basic,Net Banking,1
CUST_04641,1,1193.66,1051.51,37,1,76,78.3,Pro,Card,0
CUST_04642,36,4350.4,139114.14,31,0,59,77.6,Basic,Card,0
CUST_04643,25,2816.01,65505.88,12,5,6,91.6,Pro,UPI,0
CUST_04644,37,975.65,33023.81,35,4,64,59.9,Basic,Net Banking,0
CUST_04645,1,3623.33,3276.25,30,3,72,42.5,Free,Net Banking,1
CUST_04646,15,2836.23,41162.25,48,4,35,50.7,Free,Card,0
CUST_04647,37,1841.26,57174.13,6,1,72,78.8,Basic,Net Banking,0
CUST_04648,13,2401.43,30345.96,15,1,29,78.0,Free,UPI,0
CUST_04649,40,1842.52,70921.25,15,3,46,62.9,Basic,Card,0
CUST_04650,8,1683.62,11302.33,16,2,28,25.7,Free,UPI,1
CUST_04651,5,1236.24,5716.45,20,1,4,82.8,Pro,Net Banking,0
CUST_04652,9,2132.45,16210.67,13,2,64,66.5,Basic,UPI,0
CUST_04653,1,1629.44,1610.81,44,2,68,26.0,Basic,Invoice,1
CUST_04654,36,3575.46,115663.4,42,2,62,50.7,Free,UPI,0
CUST_04655,35,3577.45,105270.25,46,0,55,99.7,Free,UPI,0
CUST_04656,2,2758.28,5115.08,31,3,16,36.2,Basic,Card,0
CUST_04657,40,4000.75,150658.93,34,4,50,16.1,Enterprise,Net Banking,1
CUST_04658,23,4286.03,90790.38,29,5,36,7.1,Free,UPI,1
CUST_04659,9,3108.95,23736.95,3,1,87,22.5,Free,UPI,1
CUST_04660,34,3285.21,105781.98,9,3,8,22.8,Free,Net Banking,1
CUST_04661,46,1772.99,80408.6,11,1,37,86.5,Pro,UPI,0
CUST_04662,14,4526.91,62770.03,11,3,52,19.8,Enterprise,Net Banking,1
CUST_04663,4,608.93,2279.58,25,1,12,87.0,Free,UPI,0
CUST_04664,30,2068.71,60078.38,22,1,89,13.2,Pro,UPI,1
CUST_04665,31,3748.1,115694.54,42,1,52,91.1,Basic,Card,0
CUST_04666,38,860.4,26439.83,46,3,74,29.4,Pro,UPI,1
CUST_04667,11,1324.26,13043.14,9,3,87,63.1,Basic,UPI,0
CUST_04668,35,3151.79,94679.32,20,1,48,20.2,Free,UPI,1
CUST_04669,8,3019.97,21621.96,21,2,69,42.1,Pro,UPI,0
CUST_04670,3,3825.18,11284.86,10,2,34,13.1,Pro,Card,1
CUST_04671,14,4156.76,58001.27,22,0,15,60.1,Enterprise,Card,0
CUST_04672,13,1078.61,13755.3,29,1,12,37.9,Basic,Net Banking,0
CUST_04673,45,582.71,22011.32,9,1,10,86.0,Free,UPI,0
CUST_04674,32,3603.37,110761.58,5,2,86,22.3,Basic,Card,1
CUST_04675,34,1856.26,60811.2,40,3,1,31.6,Pro,UPI,0
CUST_04676,45,3316.93,136705.32,11,2,18,21.8,Basic,Card,0
CUST_04677,19,1177.45,21095.89,1,2,44,58.6,Pro,Card,0
CUST_04678,59,2610.68,151114.56,42,1,45,15.6,Free,Card,1
CUST_04679,38,2769.91,105133.73,1,2,46,23.0,Free,Card,1
CUST_04680,16,3132.85,40502.18,39,1,48,69.5,Pro,Card,0
CUST_04681,2,2809.27,4783.81,46,0,78,12.1,Free,UPI,1
CUST_04682,40,2730.61,107795.22,5,2,41,75.6,Basic,UPI,0
CUST_04683,17,1997.3,29398.47,49,1,32,14.9,Basic,Net Banking,1
CUST_04684,55,820.31,37054.54,22,2,40,60.6,Free,UPI,0
CUST_04685,34,902.84,26480.49,26,4,68,99.8,Pro,Card,0
CUST_04686,42,2452.0,93066.55,6,1,85,21.5,Free,UPI,1
CUST_04687,16,2101.07,29489.55,32,5,18,29.8,Pro,UPI,1
CUST_04688,38,2822.61,102717.89,48,3,38,90.4,Free,Invoice,0
CUST_04689,2,1871.77,3452.32,11,0,6,64.5,Free,Invoice,0
CUST_04690,2,3595.6,6378.46,10,1,38,51.8,Pro,Net Banking,0
CUST_04691,26,4387.8,114020.31,47,1,33,58.5,Basic,UPI,0
CUST_04692,13,1844.88,23436.32,39,1,43,33.1,Free,Invoice,0
CUST_04693,56,1368.43,74520.97,34,3,68,86.3,Free,Card,0
CUST_04694,47,1022.81,43911.46,31,0,67,75.8,Enterprise,UPI,0
CUST_04695,31,3273.14,97001.26,12,0,62,66.0,Basic,UPI,0
CUST_04696,34,2497.35,73631.92,44,1,70,93.5,Basic,Card,0
CUST_04697,39,1346.07,45460.6,16,3,47,59.9,Free,Card,0
CUST_04698,3,3439.12,10094.61,38,5,2,53.6,Pro,UPI,1
CUST_04699,8,1168.17,8591.81,3,3,84,97.7,Free,Card,0
CUST_04700,23,2994.35,59828.61,2,2,33,24.6,Basic,Card,1
CUST_04701,14,2872.17,38966.46,5,1,8,18.5,Basic,Card,0
CUST_04702,56,3804.03,189275.62,11,5,60,20.4,Pro,Net Banking,1
CUST_04703,55,747.99,36202.52,25,0,19,99.0,Basic,Card,0
CUST_04704,27,4495.43,97736.6,35,2,39,67.0,Basic,Net Banking,0
CUST_04705,54,3663.46,185126.46,35,2,11,34.1,Basic,Net Banking,0
CUST_04706,29,1472.57,38712.87,22,4,27,28.7,Basic,UPI,0
CUST_04707,39,1325.32,44573.52,37,4,47,10.4,Enterprise,Card,1
CUST_04708,53,2442.47,107167.27,22,1,73,17.5,Pro,Card,1
CUST_04709,39,4179.04,136332.16,11,4,74,91.3,Free,UPI,0
CUST_04710,1,4293.27,3627.69,32,0,6,76.0,Basic,Net Banking,0
CUST_04711,17,2842.05,47012.32,35,2,81,94.4,Pro,Card,0
CUST_04712,41,4373.65,160693.22,31,3,82,45.3,Basic,Net Banking,0
CUST_04713,30,524.5,14776.73,45,2,13,62.1,Basic,UPI,0
CUST_04714,53,658.29,31130.52,8,3,80,50.9,Free,Net Banking,0
CUST_04715,13,4603.2,53543.04,20,2,86,88.7,Free,Card,0
CUST_04716,21,3988.99,80789.1,42,4,18,99.2,Free,Net Banking,0
CUST_04717,19,2528.18,45836.9,34,3,53,93.6,Basic,Net Banking,0
CUST_04718,53,3891.25,174564.06,4,3,59,61.8,Enterprise,Card,0
CUST_04719,19,4800.38,84379.81,18,2,66,10.9,Pro,Card,1
CUST_04720,57,3974.4,212050.72,4,1,33,63.7,Free,Card,0
CUST_04721,25,4290.67,94497.79,20,7,88,14.2,Pro,Net Banking,1
CUST_04722,22,3922.73,70219.45,9,1,40,18.2,Pro,UPI,1
CUST_04723,31,1256.95,34066.75,16,0,30,23.2,Basic,Card,0
CUST_04724,17,4251.08,62993.51,26,0,38,39.5,Basic,Card,0
CUST_04725,55,1377.99,71100.05,38,2,77,61.2,Basic,Card,0
CUST_04726,23,4516.75,99927.59,25,0,51,36.7,Basic,Card,0
CUST_04727,32,2563.92,72134.61,4,3,46,48.0,Free,Card,0
CUST_04728,10,3546.4,32951.14,41,1,19,9.5,Basic,Card,0
CUST_04729,10,2737.58,25420.26,45,2,51,63.9,Basic,Card,0
CUST_04730,36,922.96,30888.44,41,1,70,67.4,Basic,UPI,0
CUST_04731,8,1808.25,13176.53,38,2,61,14.4,Basic,UPI,1
CUST_04732,54,4926.79,246317.5,19,2,4,79.6,Pro,Card,0
CUST_04733,52,4823.22,244170.45,14,4,56,66.5,Free,Card,0
CUST_04734,20,1942.19,38236.51,21,1,3,51.5,Basic,Net Banking,0
CUST_04735,32,4983.34,130501.3,15,2,10,57.5,Pro,Card,0
CUST_04736,50,4304.98,172705.15,3,2,18,52.8,Pro,Card,0
CUST_04737,14,3249.32,41113.53,37,3,83,10.1,Enterprise,Card,1
CUST_04738,50,680.56,30031.84,46,0,26,74.8,Basic,UPI,0
CUST_04739,28,4556.51,113578.07,16,3,28,53.6,Basic,Card,0
CUST_04740,46,3008.43,123400.53,14,3,17,21.4,Pro,Invoice,0
CUST_04741,52,4408.14,224418.24,9,1,36,69.7,Free,Card,0
CUST_04742,53,4254.93,209122.35,47,2,60,71.0,Pro,Card,0
CUST_04743,24,4248.53,90592.39,7,1,46,25.3,Free,Net Banking,1
CUST_04744,15,3641.78,48670.02,14,0,88,80.7,Basic,Card,0
CUST_04745,22,1811.37,38610.82,6,3,19,48.4,Free,Card,0
CUST_04746,30,2012.72,50926.52,21,3,69,22.2,Pro,UPI,1
CUST_04747,4,1888.11,6064.23,15,0,48,67.5,Enterprise,Card,1
CUST_04748,13,590.21,6871.95,8,2,14,61.7,Free,Net Banking,0
CUST_04749,59,3121.56,182716.01,34,2,17,21.2,Basic,UPI,0
CUST_04750,23,3644.75,80717.04,40,5,37,87.9,Enterprise,Card,0
CUST_04751,8,4342.4,30628.82,1,2,88,86.2,Basic,Card,0
CUST_04752,18,1130.74,16995.43,32,0,83,84.4,Pro,Card,0
CUST_04753,12,2948.82,32343.61,49,0,21,42.9,Free,Net Banking,0
CUST_04754,55,536.04,28772.89,5,2,75,83.3,Free,UPI,0
CUST_04755,31,927.92,27138.97,30,2,59,85.3,Basic,Invoice,0
CUST_04756,14,743.95,9457.51,22,2,65,99.7,Enterprise,UPI,0
CUST_04757,34,3764.65,121211.04,20,3,25,96.0,Pro,Net Banking,0
CUST_04758,18,864.77,15455.82,16,1,63,41.4,Pro,Card,0
CUST_04759,56,3724.04,189889.42,7,1,57,23.8,Basic,Card,1
CUST_04760,34,1623.31,50284.24,7,2,2,32.8,Pro,Invoice,0
CUST_04761,11,4449.71,43842.67,2,1,29,52.0,Pro,Card,0
CUST_04762,41,4159.17,155745.22,47,2,18,81.5,Basic,Net Banking,0
CUST_04763,12,4810.24,53510.98,14,4,9,73.7,Pro,Card,0
CUST_04764,49,4476.93,184458.18,31,4,88,79.8,Free,Card,0
CUST_04765,15,4699.98,64408.94,41,1,45,41.1,Free,Net Banking,0
CUST_04766,57,4364.34,199683.45,14,3,18,28.5,Basic,Net Banking,0
CUST_04767,31,3620.22,110833.62,5,1,57,7.3,Free,Net Banking,1
CUST_04768,49,1266.17,50103.39,11,2,84,64.5,Free,Net Banking,0
CUST_04769,58,1722.68,99079.21,40,2,5,80.5,Basic,UPI,0
CUST_04770,29,1457.27,41998.75,5,3,50,89.5,Free,UPI,0
CUST_04771,26,3216.14,75705.71,29,1,13,50.2,Pro,Net Banking,0
CUST_04772,18,2766.29,43145.01,11,2,57,93.1,Basic,UPI,0
CUST_04773,32,4401.86,117898.03,5,2,7,24.2,Basic,Invoice,0
CUST_04774,22,4787.03,87667.6,49,2,1,53.9,Free,Card,0
CUST_04775,38,2321.87,74783.48,32,1,17,25.3,Basic,Card,0
CUST_04776,17,2778.58,42287.49,36,0,85,22.9,Basic,UPI,1
CUST_04777,23,4871.82,106290.11,15,1,56,95.6,Free,Card,0
CUST_04778,24,1743.08,36803.22,19,2,34,82.7,Pro,Card,0
CUST_04779,50,4065.76,194384.48,22,1,65,6.1,Basic,UPI,1
CUST_04780,8,1513.58,11054.19,34,3,55,30.5,Free,Invoice,0
CUST_04781,41,3566.57,117547.27,17,1,81,24.5,Free,Card,1
CUST_04782,6,1641.27,8137.66,12,4,42,19.0,Basic,Card,1
CUST_04783,5,4476.8,20469.05,25,2,72,71.3,Pro,Net Banking,1
CUST_04784,44,3026.65,110830.65,17,2,71,58.8,Basic,Net Banking,0
CUST_04785,57,1336.7,70223.2,10,0,7,48.1,Pro,Card,0
CUST_04786,29,1509.66,38923.0,28,2,4,23.0,Basic,Net Banking,0
CUST_04787,28,2722.32,71500.27,18,6,12,31.4,Pro,UPI,0
CUST_04788,11,4827.21,45574.47,18,2,6,38.8,Enterprise,Invoice,0
CUST_04789,57,3963.39,217853.78,45,2,20,79.6,Free,Net Banking,0
CUST_04790,1,2697.39,2367.71,32,0,36,99.0,Free,UPI,1
CUST_04791,43,2019.74,83316.64,14,4,44,22.5,Free,Net Banking,1
CUST_04792,19,2971.71,45388.74,16,1,51,37.4,Free,Invoice,0
CUST_04793,9,3867.62,30583.4,18,1,47,31.6,Basic,UPI,0
CUST_04794,27,4027.68,91786.87,16,3,61,9.2,Pro,Card,1
CUST_04795,34,1960.74,59247.73,17,2,77,25.8,Enterprise,UPI,1
CUST_04796,44,3745.22,163036.65,7,4,50,90.7,Basic,UPI,0
CUST_04797,4,3460.05,11512.16,12,1,3,85.1,Pro,Net Banking,0
CUST_04798,36,4816.01,141752.38,34,1,85,20.9,Basic,UPI,1
CUST_04799,18,4689.91,68522.33,10,4,55,39.8,Basic,Card,0
CUST_04800,15,4052.21,50126.16,5,4,74,34.5,Pro,Net Banking,0
CUST_04801,51,3755.28,155588.64,21,5,33,19.0,Basic,Invoice,1
CUST_04802,13,1733.19,21110.81,3,1,44,64.1,Pro,Net Banking,0
CUST_04803,19,4306.84,67385.36,19,0,15,57.9,Free,UPI,0
CUST_04804,49,2423.78,99701.97,45,4,8,45.6,Basic,Card,0
CUST_04805,6,1725.08,9616.7,44,2,79,86.3,Pro,UPI,0
CUST_04806,48,2228.72,95128.71,35,1,15,63.9,Free,Card,0
CUST_04807,56,4261.71,193533.82,6,4,30,29.6,Pro,UPI,0
CUST_04808,12,1168.85,13943.93,14,0,12,40.5,Free,Net Banking,0
CUST_04809,51,2552.71,119771.36,4,3,4,19.3,Basic,Card,0
CUST_04810,37,2715.61,92716.51,45,1,46,61.2,Free,UPI,0
CUST_04811,17,664.83,10968.89,18,2,38,60.7,Free,Card,0
CUST_04812,58,1380.86,78633.74,29,1,17,87.7,Free,Net Banking,0
CUST_04813,23,4220.34,78762.58,35,4,19,86.3,Enterprise,Card,0
CUST_04814,26,4238.45,89666.11,38,1,1,84.5,Free,UPI,0
CUST_04815,29,1815.87,50306.85,16,4,39,57.2,Free,Card,0
CUST_04816,33,4437.04,137515.0,20,0,29,66.9,Pro,UPI,0
CUST_04817,27,3973.02,90468.79,24,3,9,78.7,Basic,Net Banking,0
CUST_04818,25,2380.58,51435.13,35,1,63,13.7,Free,Card,1
CUST_04819,56,3867.83,199748.89,44,2,41,33.6,Basic,UPI,0
CUST_04820,55,4826.01,254228.88,19,0,74,21.1,Free,Net Banking,1
CUST_04821,10,2565.36,23617.51,4,1,52,53.6,Basic,UPI,0
CUST_04822,47,1572.92,70851.4,33,2,52,84.6,Pro,Card,0
CUST_04823,23,4738.17,92165.19,2,1,39,26.9,Free,UPI,1
CUST_04824,21,3216.85,58516.69,13,1,15,74.4,Enterprise,Card,0
CUST_04825,21,973.69,16773.58,45,1,47,43.6,Free,Net Banking,0
CUST_04826,43,3077.07,131912.16,30,2,60,90.8,Pro,Card,0
CUST_04827,13,2752.61,34416.91,34,1,80,64.5,Pro,Card,0
CUST_04828,37,4350.15,151806.45,30,0,37,97.8,Free,Card,0
CUST_04829,33,2888.13,79960.08,24,3,43,28.3,Free,Invoice,1
CUST_04830,24,1648.55,37180.87,48,2,14,92.8,Pro,Net Banking,0
CUST_04831,44,3540.4,151491.0,44,1,60,38.9,Pro,Invoice,0
CUST_04832,11,2941.59,31130.16,33,2,6,64.1,Free,UPI,0
CUST_04833,17,1548.7,25036.18,41,1,29,21.6,Free,Net Banking,0
CUST_04834,4,3081.33,10814.62,49,2,35,77.2,Enterprise,UPI,1
CUST_04835,47,4196.91,188061.29,10,0,89,97.9,Basic,UPI,0
CUST_04836,25,628.57,14094.34,18,3,10,79.8,Free,Net Banking,0
CUST_04837,30,3338.83,88235.77,19,2,69,63.5,Enterprise,Net Banking,0
CUST_04838,9,2073.13,18526.75,7,1,28,47.6,Basic,Net Banking,0
CUST_04839,21,1817.02,31645.24,19,3,78,37.8,Basic,Net Banking,0
CUST_04840,20,2266.64,44106.27,24,3,5,44.8,Pro,Invoice,0
CUST_04841,19,2039.1,33490.14,15,2,75,36.2,Pro,UPI,0
CUST_04842,19,4245.08,72855.63,41,2,50,84.1,Free,Card,0
CUST_04843,12,1736.59,18183.91,42,2,79,89.8,Pro,UPI,0
CUST_04844,37,3799.19,126602.92,23,2,37,95.2,Enterprise,Card,0
CUST_04845,42,923.27,37368.97,4,3,72,44.7,Free,Invoice,0
CUST_04846,17,4781.28,68000.54,38,2,21,56.9,Basic,Invoice,0
CUST_04847,37,3300.42,116126.82,4,1,89,59.8,Pro,UPI,0
CUST_04848,54,3680.23,176708.45,5,2,53,66.9,Basic,Net Banking,0
CUST_04849,48,1841.18,87226.86,41,3,39,5.2,Basic,Card,1
CUST_04850,39,2354.43,83503.39,44,2,6,85.1,Basic,Net Banking,0
CUST_04851,28,1507.0,34105.98,23,2,39,30.5,Pro,Invoice,0
CUST_04852,41,4696.41,189094.8,40,2,23,49.9,Pro,Card,0
CUST_04853,35,2696.47,92951.23,37,3,40,84.9,Basic,Card,0
CUST_04854,47,3337.02,131115.72,11,2,50,99.7,Basic,Card,0
CUST_04855,48,3804.22,181604.18,11,4,38,80.5,Basic,Net Banking,0
CUST_04856,18,2169.98,34730.27,13,2,82,7.4,Free,Card,1
CUST_04857,14,3740.46,51470.13,14,1,42,40.0,Basic,Card,0
CUST_04858,35,3541.97,108202.03,8,2,68,28.5,Free,Card,1
CUST_04859,44,3675.47,130110.23,25,2,58,96.6,Basic,UPI,0
CUST_04860,41,2701.53,106221.91,18,2,24,30.1,Free,Invoice,0
CUST_04861,7,2223.22,15207.13,44,2,24,94.6,Basic,Net Banking,0
CUST_04862,41,1499.37,51181.04,44,3,72,94.1,Pro,UPI,0
CUST_04863,13,4210.82,49857.58,18,1,23,84.7,Basic,Card,0
CUST_04864,18,3237.58,56313.2,10,3,61,14.3,Free,UPI,1
CUST_04865,37,2499.58,82524.73,7,3,42,5.2,Free,Card,1
CUST_04866,13,4747.98,59111.17,44,3,58,80.4,Enterprise,Card,0
CUST_04867,36,715.27,23885.92,14,2,53,85.1,Pro,Card,0
CUST_04868,31,4325.77,126608.92,15,3,78,96.4,Free,Card,0
CUST_04869,2,4989.12,9816.23,16,2,25,25.7,Enterprise,Card,1
CUST_04870,16,4491.24,63478.44,2,3,53,74.6,Free,UPI,0
CUST_04871,9,4146.96,35613.08,30,1,60,54.3,Pro,Card,0
CUST_04872,9,2184.38,18529.73,30,1,74,36.2,Basic,UPI,0
CUST_04873,38,1540.91,51984.63,18,2,78,62.6,Free,Net Banking,0
CUST_04874,11,3806.83,36692.45,31,2,43,57.1,Free,UPI,0
CUST_04875,54,1870.59,98614.94,44,3,8,32.8,Pro,Net Banking,0
CUST_04876,56,1292.18,60852.74,48,3,41,30.5,Basic,Invoice,0
CUST_04877,22,4039.37,76753.81,13,3,28,51.2,Basic,Card,0
CUST_04878,33,1906.45,62591.77,20,2,78,50.0,Pro,UPI,0
CUST_04879,36,4614.99,142128.0,49,1,80,33.7,Free,Card,0
CUST_04880,45,4282.85,187812.77,35,2,79,30.1,Pro,UPI,0
CUST_04881,23,4314.38,86756.0,23,2,57,95.7,Free,Card,0
CUST_04882,45,3972.06,162698.89,42,3,85,86.9,Free,Card,0
CUST_04883,45,4463.97,176706.61,33,1,62,82.6,Pro,Net Banking,0
CUST_04884,34,4125.86,118432.2,38,2,48,25.4,Enterprise,Card,1
CUST_04885,9,3211.3,27116.19,35,1,10,23.0,Pro,UPI,0
CUST_04886,24,1831.2,43655.31,36,3,88,81.9,Free,Net Banking,0
CUST_04887,8,4496.94,35204.28,20,1,53,22.5,Enterprise,Invoice,1
CUST_04888,7,4282.72,29890.76,3,1,29,52.8,Basic,UPI,0
CUST_04889,36,2627.96,88762.28,8,6,65,26.0,Basic,Card,1
CUST_04890,18,675.85,9816.13,40,2,64,40.9,Pro,UPI,0
CUST_04891,3,3373.45,9217.76,32,1,57,86.1,Free,UPI,1
CUST_04892,28,727.69,18837.05,29,2,56,89.7,Basic,Invoice,0
CUST_04893,6,4668.26,23080.68,7,2,36,99.7,Enterprise,UPI,0
CUST_04894,44,4827.34,205114.43,2,0,53,94.7,Free,UPI,0
CUST_04895,44,1352.71,56306.16,21,3,72,68.8,Basic,UPI,0
CUST_04896,21,3543.75,66209.31,6,2,68,46.0,Free,UPI,0
CUST_04897,28,915.21,21997.23,28,4,23,10.5,Pro,UPI,0
CUST_04898,40,3782.83,127762.99,48,3,62,62.8,Basic,Net Banking,0
CUST_04899,54,2062.79,110598.6,42,3,50,25.0,Free,Card,1
CUST_04900,54,3564.73,184875.51,36,1,14,85.8,Basic,UPI,0
CUST_04901,1,2177.94,2044.38,32,1,46,57.1,Basic,Card,1
CUST_04902,36,1155.05,41152.51,45,5,72,74.7,Pro,Net Banking,0
CUST_04903,21,2327.49,41091.19,42,1,45,69.0,Basic,Invoice,0
CUST_04904,43,1007.03,42069.11,46,1,29,38.0,Free,Net Banking,0
CUST_04905,35,3095.97,99331.48,9,3,78,77.1,Pro,Net Banking,0
CUST_04906,13,684.28,8776.53,11,2,19,85.1,Free,Invoice,0
CUST_04907,57,2872.94,152642.04,23,6,56,75.7,Pro,Card,0
CUST_04908,49,4488.66,208574.68,11,1,48,78.8,Basic,Card,0
CUST_04909,54,4270.43,194733.22,49,4,55,39.2,Pro,UPI,0
CUST_04910,54,4472.52,209877.28,2,1,55,94.7,Basic,Card,0
CUST_04911,10,4649.22,40004.73,3,2,24,45.3,Pro,Invoice,0
CUST_04912,53,970.38,48284.12,11,1,8,90.2,Pro,Card,0
CUST_04913,44,1079.36,41898.95,35,4,21,86.5,Pro,UPI,0
CUST_04914,47,3006.53,137349.69,15,0,76,16.8,Pro,Card,1
CUST_04915,53,4522.88,201961.81,43,1,36,96.8,Pro,Card,0
CUST_04916,10,4884.57,46849.55,11,2,27,99.7,Basic,Card,0
CUST_04917,46,708.18,31359.51,31,0,13,62.6,Free,Card,0
CUST_04918,13,2100.98,25280.01,28,1,29,79.4,Pro,Card,0
CUST_04919,37,1458.02,44757.56,28,0,38,93.7,Basic,Invoice,0
CUST_04920,38,3901.85,128304.79,32,2,56,6.9,Basic,Card,1
CUST_04921,24,3380.87,71367.32,25,2,4,93.3,Free,Card,0
CUST_04922,2,1039.5,1856.73,20,3,11,64.6,Basic,Net Banking,0
CUST_04923,22,2675.85,55769.45,28,2,34,83.7,Free,UPI,0
CUST_04924,17,3584.48,52872.75,25,0,40,56.4,Pro,Net Banking,0
CUST_04925,36,4005.52,115884.37,11,1,62,55.4,Pro,Net Banking,0
CUST_04926,14,590.24,8042.03,19,1,41,90.3,Basic,Invoice,0
CUST_04927,10,4507.11,39953.97,28,4,64,53.2,Free,Net Banking,0
CUST_04928,35,3061.77,91792.49,1,0,64,49.8,Free,Card,0
CUST_04929,25,4153.59,100084.61,5,2,42,62.8,Free,UPI,0
CUST_04930,3,4135.72,12106.52,10,0,59,54.3,Free,UPI,1
CUST_04931,47,1354.34,60229.89,42,1,19,47.4,Pro,UPI,0
CUST_04932,38,995.77,32952.82,46,1,62,22.1,Basic,Card,1
CUST_04933,17,3745.79,53885.75,34,2,23,42.8,Basic,Card,0
CUST_04934,12,1203.92,13617.2,36,3,74,31.8,Free,Net Banking,0
CUST_04935,54,4324.72,189511.66,2,1,71,43.0,Pro,Card,0
CUST_04936,52,3767.85,172066.23,18,2,34,61.4,Pro,Card,0
CUST_04937,24,4288.21,97952.43,13,1,40,62.8,Basic,Card,0
CUST_04938,29,1845.56,49079.75,5,0,15,27.7,Free,Net Banking,1
CUST_04939,43,1924.69,78356.31,20,2,79,13.0,Enterprise,Net Banking,1
CUST_04940,25,3520.5,80494.76,2,5,5,75.7,Basic,UPI,0
CUST_04941,36,641.51,19582.57,11,3,19,55.2,Pro,Net Banking,0
CUST_04942,58,3769.24,196020.43,30,2,55,47.0,Basic,Card,0
CUST_04943,26,4261.02,105758.19,32,3,74,17.3,Pro,UPI,1
CUST_04944,38,2368.24,76141.22,32,0,7,44.4,Basic,Card,0
CUST_04945,1,3941.95,3912.8,38,3,83,82.7,Enterprise,UPI,1
CUST_04946,20,1285.75,21615.33,28,0,5,60.2,Pro,Invoice,0
CUST_04947,55,1950.17,86112.25,10,2,7,13.6,Free,Card,1
CUST_04948,28,4884.37,130692.05,22,0,61,36.6,Basic,UPI,0
CUST_04949,16,4938.48,77884.22,17,2,13,98.1,Free,Net Banking,0
CUST_04950,47,2806.72,112039.89,22,2,2,56.7,Enterprise,Net Banking,0
CUST_04951,17,4704.21,66457.28,43,5,1,32.2,Free,Card,0
CUST_04952,40,2852.29,96382.96,19,1,21,91.8,Free,Card,0
CUST_04953,28,1812.15,46963.75,17,3,84,36.9,Basic,Card,0
CUST_04954,58,1701.05,90354.06,24,0,69,74.3,Basic,Card,0
CUST_04955,12,4682.78,51937.8,36,0,70,19.0,Free,Net Banking,1
CUST_04956,27,1276.01,27615.11,32,2,5,19.9,Basic,UPI,0
CUST_04957,54,3108.35,139550.8,46,4,49,58.3,Pro,Net Banking,0
CUST_04958,53,2999.86,134928.67,36,0,43,27.8,Basic,Card,1
CUST_04959,42,3828.3,151047.56,28,0,7,9.7,Basic,Card,0
CUST_04960,59,2746.59,149368.4,14,1,23,93.0,Free,Net Banking,0
CUST_04961,47,1725.29,74989.16,36,2,26,10.3,Free,UPI,0
CUST_04962,30,1262.28,34617.13,6,2,52,73.2,Basic,Card,0
CUST_04963,41,3293.68,128140.67,9,0,50,36.6,Basic,Invoice,0
CUST_04964,34,3735.46,125524.61,21,1,27,93.7,Basic,Card,0
CUST_04965,37,3062.85,105926.8,12,3,58,98.7,Basic,UPI,0
CUST_04966,6,3822.58,21765.6,30,2,68,36.9,Basic,Card,0
CUST_04967,7,1136.85,7334.34,31,4,82,61.2,Pro,UPI,0
CUST_04968,32,4471.12,137285.19,40,1,72,78.4,Free,Invoice,0
CUST_04969,32,3120.78,98726.2,4,3,24,16.7,Pro,Net Banking,0
CUST_04970,53,1070.8,52270.14,31,1,43,72.4,Free,Card,0
CUST_04971,25,2578.66,53906.97,27,3,46,91.1,Basic,Net Banking,0
CUST_04972,33,4301.56,135429.28,25,1,12,22.0,Free,Card,1
CUST_04973,55,4539.03,232212.98,5,1,52,84.7,Basic,Net Banking,0
CUST_04974,58,1690.92,96771.04,6,1,52,16.0,Basic,Net Banking,1
CUST_04975,7,3700.7,22133.84,5,3,36,59.0,Basic,Card,0
CUST_04976,52,949.93,49100.34,27,2,62,37.2,Basic,Invoice,0
CUST_04977,57,650.96,33778.85,8,2,65,49.8,Basic,UPI,0
CUST_04978,12,3021.8,36000.5,9,2,39,33.6,Pro,Card,0
CUST_04979,16,3626.72,55521.19,15,1,77,29.8,Free,Card,1
CUST_04980,16,4081.04,63546.16,36,4,60,75.6,Pro,Invoice,0
CUST_04981,43,2030.97,75521.7,41,4,5,26.2,Pro,Net Banking,0
CUST_04982,53,529.36,23676.16,7,0,24,43.8,Basic,Card,0
CUST_04983,36,2657.84,88488.54,32,2,45,31.1,Enterprise,Card,0
CUST_04984,13,571.34,6498.0,8,2,30,27.7,Free,Card,1
CUST_04985,7,913.93,6379.46,47,4,79,64.6,Basic,Card,0
CUST_04986,36,1970.1,63767.37,15,4,62,9.3,Basic,Card,1
CUST_04987,47,2467.27,95331.51,37,1,67,79.9,Basic,UPI,0
CUST_04988,51,1757.61,80652.83,19,3,38,56.9,Enterprise,Card,0
CUST_04989,9,3118.39,25455.88,39,2,79,83.7,Basic,Card,0
CUST_04990,32,749.07,19198.86,6,3,35,25.2,Pro,UPI,1
CUST_04991,11,1150.61,10746.79,19,0,6,72.4,Enterprise,Card,0
CUST_04992,8,3628.66,23231.2,28,2,84,45.0,Basic,Net Banking,0
CUST_04993,33,1139.63,34305.84,17,2,65,12.3,Basic,Card,1
CUST_04994,23,3378.99,66714.16,42,4,54,76.5,Free,UPI,0
CUST_04995,25,746.08,15567.73,19,0,71,77.4,Basic,UPI,0
CUST_04996,56,2333.22,126442.18,31,3,41,30.7,Free,Card,0
CUST_04997,8,1298.34,8371.73,11,6,26,92.0,Basic,Net Banking,0
CUST_04998,45,993.36,41945.01,15,1,1,77.6,Pro,UPI,0
CUST_04999,22,3051.65,61402.85,10,3,69,34.1,Pro,Card,0
